info: Microsoft.AspNetCore.DataProtection.KeyManagement.XmlKeyManager[63]
      User profile is available. Using 'C:\Users\Admin\AppData\Local\ASP.NET\DataProtection-Keys' as key repository and Windows DPAPI to encrypt keys at rest.
info: Microsoft.Hosting.Lifetime[0]
      Application started. Press Ctrl+C to shut down.
info: Microsoft.Hosting.Lifetime[0]
      Hosting environment: Development
info: Microsoft.Hosting.Lifetime[0]
      Content root path: C:\Users\Admin\Documents\GitHub\PhoneBookV2\PhoneBook\PhoneBook
info: Microsoft.AspNetCore.Hosting.Diagnostics[1]
      Request starting HTTP/2 GET https://localhost:44364/ - - -
info: Microsoft.AspNetCore.Routing.EndpointMiddleware[0]
      Executing endpoint 'PhoneBook.Controllers.HomeController.Index (PhoneBook)'
info: Microsoft.AspNetCore.Mvc.Infrastructure.ControllerActionInvoker[102]
      Route matched with {action = "Index", controller = "Home"}. Executing controller action with signature System.Threading.Tasks.Task`1[Microsoft.AspNetCore.Mvc.IActionResult] Index() on controller PhoneBook.Controllers.HomeController (PhoneBook).
info: Microsoft.AspNetCore.Session.DistributedSession[2]
      Accessing expired session, Key:09445f69-4c74-8572-0d6b-ca8391ed6b90
info: System.Net.Http.HttpClient.IApiService.LogicalHandler[100]
      Start processing HTTP request GET http://10.10.3.159:8683/api/Departments
info: System.Net.Http.HttpClient.IApiService.ClientHandler[100]
      Sending HTTP request GET http://10.10.3.159:8683/api/Departments
info: System.Net.Http.HttpClient.IApiService.ClientHandler[101]
      Received HTTP response headers after 18.3354ms - 200
info: System.Net.Http.HttpClient.IApiService.LogicalHandler[101]
      End processing HTTP request after 28.8233ms - 200
info: Microsoft.AspNetCore.Mvc.ViewFeatures.ViewResultExecutor[1]
      Executing ViewResult, running view Index.
info: Microsoft.AspNetCore.Mvc.ViewFeatures.ViewResultExecutor[4]
      Executed ViewResult - view Index executed in 177.1974ms.
info: Microsoft.AspNetCore.Mvc.Infrastructure.ControllerActionInvoker[105]
      Executed action PhoneBook.Controllers.HomeController.Index (PhoneBook) in 261.8498ms
info: Microsoft.AspNetCore.Routing.EndpointMiddleware[1]
      Executed endpoint 'PhoneBook.Controllers.HomeController.Index (PhoneBook)'
info: Microsoft.AspNetCore.Session.DistributedSession[3]
      Session started; Key:09445f69-4c74-8572-0d6b-ca8391ed6b90, Id:be31fc3d-d69a-a52d-ad68-01386b799d27
info: Microsoft.AspNetCore.Hosting.Diagnostics[1]
      Request starting HTTP/2 GET https://localhost:44364/_framework/aspnetcore-browser-refresh.js - - -
info: Microsoft.AspNetCore.Hosting.Diagnostics[1]
      Request starting HTTP/2 GET https://localhost:44364/_vs/browserLink - - -
info: Microsoft.AspNetCore.Hosting.Diagnostics[2]
      Request finished HTTP/2 GET https://localhost:44364/ - 200 - text/html;+charset=utf-8 396.8428ms
info: Microsoft.AspNetCore.Hosting.Diagnostics[2]
      Request finished HTTP/2 GET https://localhost:44364/_framework/aspnetcore-browser-refresh.js - 200 16503 application/javascript;+charset=utf-8 7.4099ms
info: Microsoft.AspNetCore.Hosting.Diagnostics[2]
      Request finished HTTP/2 GET https://localhost:44364/_vs/browserLink - 200 - text/javascript;+charset=UTF-8 28.9032ms
info: Microsoft.AspNetCore.Hosting.Diagnostics[1]
      Request starting HTTP/2 GET https://localhost:44364/Home/GetDepartments - - -
info: Microsoft.AspNetCore.Routing.EndpointMiddleware[0]
      Executing endpoint 'PhoneBook.Controllers.HomeController.GetDepartments (PhoneBook)'
info: Microsoft.AspNetCore.Mvc.Infrastructure.ControllerActionInvoker[102]
      Route matched with {action = "GetDepartments", controller = "Home"}. Executing controller action with signature System.Threading.Tasks.Task`1[Microsoft.AspNetCore.Mvc.IActionResult] GetDepartments() on controller PhoneBook.Controllers.HomeController (PhoneBook).
info: System.Net.Http.HttpClient.IApiService.LogicalHandler[100]
      Start processing HTTP request GET http://10.10.3.159:8683/api/Departments
info: System.Net.Http.HttpClient.IApiService.ClientHandler[100]
      Sending HTTP request GET http://10.10.3.159:8683/api/Departments
info: System.Net.Http.HttpClient.IApiService.ClientHandler[101]
      Received HTTP response headers after 2.8846ms - 200
info: System.Net.Http.HttpClient.IApiService.LogicalHandler[101]
      End processing HTTP request after 7.1704ms - 200
info: Microsoft.AspNetCore.Hosting.Diagnostics[1]
      Request starting HTTP/2 POST https://localhost:44364/ - application/x-www-form-urlencoded;+charset=UTF-8 20
info: Microsoft.AspNetCore.Mvc.Infrastructure.SystemTextJsonResultExecutor[1]
      Executing JsonResult, writing value of type 'System.Linq.Enumerable+SelectListIterator`2[[PhoneBook.Models.Department, PhoneBook, Version=1.0.0.0, Culture=neutral, PublicKeyToken=null],[<>f__AnonymousType2`5[[System.Int32, System.Private.CoreLib, Version=8.0.0.0, Culture=neutral, PublicKeyToken=7cec85d7bea7798e],[System.String, System.Private.CoreLib, Version=8.0.0.0, Culture=neutral, PublicKeyToken=7cec85d7bea7798e],[System.Int32, System.Private.CoreLib, Version=8.0.0.0, Culture=neutral, PublicKeyToken=7cec85d7bea7798e],[System.Boolean, System.Private.CoreLib, Version=8.0.0.0, Culture=neutral, PublicKeyToken=7cec85d7bea7798e],[System.Collections.Generic.List`1[[System.Object, System.Private.CoreLib, Version=8.0.0.0, Culture=neutral, PublicKeyToken=7cec85d7bea7798e]], System.Private.CoreLib, Version=8.0.0.0, Culture=neutral, PublicKeyToken=7cec85d7bea7798e]], PhoneBook, Version=1.0.0.0, Culture=neutral, PublicKeyToken=null]]'.
info: Microsoft.AspNetCore.Routing.EndpointMiddleware[0]
      Executing endpoint 'PhoneBook.Controllers.HomeController.Index (PhoneBook)'
info: Microsoft.AspNetCore.Mvc.Infrastructure.ControllerActionInvoker[102]
      Route matched with {action = "Index", controller = "Home"}. Executing controller action with signature System.Threading.Tasks.Task`1[Microsoft.AspNetCore.Mvc.IActionResult] Index() on controller PhoneBook.Controllers.HomeController (PhoneBook).
info: System.Net.Http.HttpClient.IApiService.LogicalHandler[100]
      Start processing HTTP request GET http://10.10.3.159:8683/api/Departments
info: System.Net.Http.HttpClient.IApiService.ClientHandler[100]
      Sending HTTP request GET http://10.10.3.159:8683/api/Departments
info: System.Net.Http.HttpClient.IApiService.ClientHandler[101]
      Received HTTP response headers after 2.6234ms - 200
info: System.Net.Http.HttpClient.IApiService.LogicalHandler[101]
      End processing HTTP request after 6.8307ms - 200
info: Microsoft.AspNetCore.Mvc.ViewFeatures.ViewResultExecutor[1]
      Executing ViewResult, running view Index.
info: Microsoft.AspNetCore.Mvc.Infrastructure.ControllerActionInvoker[105]
      Executed action PhoneBook.Controllers.HomeController.GetDepartments (PhoneBook) in 42.2554ms
info: Microsoft.AspNetCore.Routing.EndpointMiddleware[1]
      Executed endpoint 'PhoneBook.Controllers.HomeController.GetDepartments (PhoneBook)'
info: Microsoft.AspNetCore.Hosting.Diagnostics[2]
      Request finished HTTP/2 GET https://localhost:44364/Home/GetDepartments - 200 - application/json;+charset=utf-8 84.8015ms
info: Microsoft.AspNetCore.Mvc.ViewFeatures.ViewResultExecutor[4]
      Executed ViewResult - view Index executed in 43.2408ms.
info: Microsoft.AspNetCore.Mvc.Infrastructure.ControllerActionInvoker[105]
      Executed action PhoneBook.Controllers.HomeController.Index (PhoneBook) in 56.183ms
info: Microsoft.AspNetCore.Routing.EndpointMiddleware[1]
      Executed endpoint 'PhoneBook.Controllers.HomeController.Index (PhoneBook)'
info: Microsoft.AspNetCore.Hosting.Diagnostics[2]
      Request finished HTTP/2 POST https://localhost:44364/ - 200 - text/html;+charset=utf-8 69.1303ms
info: Microsoft.AspNetCore.Hosting.Diagnostics[1]
      Request starting HTTP/2 GET https://localhost:44364/Home/GetEmployeesByDepartment?departmentId=0 - - -
info: Microsoft.AspNetCore.Routing.EndpointMiddleware[0]
      Executing endpoint 'PhoneBook.Controllers.HomeController.GetEmployeesByDepartment (PhoneBook)'
info: Microsoft.AspNetCore.Mvc.Infrastructure.ControllerActionInvoker[102]
      Route matched with {action = "GetEmployeesByDepartment", controller = "Home"}. Executing controller action with signature System.Threading.Tasks.Task`1[Microsoft.AspNetCore.Mvc.IActionResult] GetEmployeesByDepartment(Int32) on controller PhoneBook.Controllers.HomeController (PhoneBook).
info: System.Net.Http.HttpClient.IApiService.LogicalHandler[100]
      Start processing HTTP request GET http://10.10.3.159:8683/api/Departments/0/employees
info: System.Net.Http.HttpClient.IApiService.ClientHandler[100]
      Sending HTTP request GET http://10.10.3.159:8683/api/Departments/0/employees
info: System.Net.Http.HttpClient.IApiService.ClientHandler[101]
      Received HTTP response headers after 363.9781ms - 200
info: System.Net.Http.HttpClient.IApiService.LogicalHandler[101]
      End processing HTTP request after 369.7892ms - 200
info: Microsoft.AspNetCore.Mvc.Infrastructure.SystemTextJsonResultExecutor[1]
      Executing JsonResult, writing value of type 'System.Collections.Generic.List`1[[PhoneBook.Models.Employee, PhoneBook, Version=1.0.0.0, Culture=neutral, PublicKeyToken=null]]'.
info: Microsoft.AspNetCore.Hosting.Diagnostics[1]
      Request starting HTTP/2 GET https://localhost:44364/Home/GetEmployeesByDepartment?departmentId=0 - - -
info: Microsoft.AspNetCore.Routing.EndpointMiddleware[0]
      Executing endpoint 'PhoneBook.Controllers.HomeController.GetEmployeesByDepartment (PhoneBook)'
info: Microsoft.AspNetCore.Mvc.Infrastructure.ControllerActionInvoker[102]
      Route matched with {action = "GetEmployeesByDepartment", controller = "Home"}. Executing controller action with signature System.Threading.Tasks.Task`1[Microsoft.AspNetCore.Mvc.IActionResult] GetEmployeesByDepartment(Int32) on controller PhoneBook.Controllers.HomeController (PhoneBook).
info: Microsoft.AspNetCore.Mvc.Infrastructure.ControllerActionInvoker[105]
      Executed action PhoneBook.Controllers.HomeController.GetEmployeesByDepartment (PhoneBook) in 423.1709ms
info: Microsoft.AspNetCore.Routing.EndpointMiddleware[1]
      Executed endpoint 'PhoneBook.Controllers.HomeController.GetEmployeesByDepartment (PhoneBook)'
info: System.Net.Http.HttpClient.IApiService.LogicalHandler[100]
      Start processing HTTP request GET http://10.10.3.159:8683/api/Departments/0/employees
info: Microsoft.AspNetCore.Hosting.Diagnostics[2]
      Request finished HTTP/2 GET https://localhost:44364/Home/GetEmployeesByDepartment?departmentId=0 - 200 - application/json;+charset=utf-8 441.9993ms
info: System.Net.Http.HttpClient.IApiService.ClientHandler[100]
      Sending HTTP request GET http://10.10.3.159:8683/api/Departments/0/employees
info: System.Net.Http.HttpClient.IApiService.ClientHandler[101]
      Received HTTP response headers after 25.7088ms - 200
info: System.Net.Http.HttpClient.IApiService.LogicalHandler[101]
      End processing HTTP request after 30.9372ms - 200
info: Microsoft.AspNetCore.Mvc.Infrastructure.SystemTextJsonResultExecutor[1]
      Executing JsonResult, writing value of type 'System.Collections.Generic.List`1[[PhoneBook.Models.Employee, PhoneBook, Version=1.0.0.0, Culture=neutral, PublicKeyToken=null]]'.
info: Microsoft.AspNetCore.Hosting.Diagnostics[1]
      Request starting HTTP/2 GET https://localhost:44364/Home/GetEmployeesByDepartment?departmentId=0 - - -
info: Microsoft.AspNetCore.Routing.EndpointMiddleware[0]
      Executing endpoint 'PhoneBook.Controllers.HomeController.GetEmployeesByDepartment (PhoneBook)'
info: Microsoft.AspNetCore.Mvc.Infrastructure.ControllerActionInvoker[102]
      Route matched with {action = "GetEmployeesByDepartment", controller = "Home"}. Executing controller action with signature System.Threading.Tasks.Task`1[Microsoft.AspNetCore.Mvc.IActionResult] GetEmployeesByDepartment(Int32) on controller PhoneBook.Controllers.HomeController (PhoneBook).
info: System.Net.Http.HttpClient.IApiService.LogicalHandler[100]
      Start processing HTTP request GET http://10.10.3.159:8683/api/Departments/0/employees
info: System.Net.Http.HttpClient.IApiService.ClientHandler[100]
      Sending HTTP request GET http://10.10.3.159:8683/api/Departments/0/employees
info: Microsoft.AspNetCore.Mvc.Infrastructure.ControllerActionInvoker[105]
      Executed action PhoneBook.Controllers.HomeController.GetEmployeesByDepartment (PhoneBook) in 56.313ms
info: Microsoft.AspNetCore.Routing.EndpointMiddleware[1]
      Executed endpoint 'PhoneBook.Controllers.HomeController.GetEmployeesByDepartment (PhoneBook)'
info: Microsoft.AspNetCore.Hosting.Diagnostics[2]
      Request finished HTTP/2 GET https://localhost:44364/Home/GetEmployeesByDepartment?departmentId=0 - 200 - application/json;+charset=utf-8 91.6201ms
info: System.Net.Http.HttpClient.IApiService.ClientHandler[101]
      Received HTTP response headers after 25.8447ms - 200
info: System.Net.Http.HttpClient.IApiService.LogicalHandler[101]
      End processing HTTP request after 30.8232ms - 200
info: Microsoft.AspNetCore.Mvc.Infrastructure.SystemTextJsonResultExecutor[1]
      Executing JsonResult, writing value of type 'System.Collections.Generic.List`1[[PhoneBook.Models.Employee, PhoneBook, Version=1.0.0.0, Culture=neutral, PublicKeyToken=null]]'.
info: Microsoft.AspNetCore.Mvc.Infrastructure.ControllerActionInvoker[105]
      Executed action PhoneBook.Controllers.HomeController.GetEmployeesByDepartment (PhoneBook) in 42.2368ms
info: Microsoft.AspNetCore.Routing.EndpointMiddleware[1]
      Executed endpoint 'PhoneBook.Controllers.HomeController.GetEmployeesByDepartment (PhoneBook)'
info: Microsoft.AspNetCore.Hosting.Diagnostics[2]
      Request finished HTTP/2 GET https://localhost:44364/Home/GetEmployeesByDepartment?departmentId=0 - 200 - application/json;+charset=utf-8 50.1739ms
info: Microsoft.AspNetCore.Hosting.Diagnostics[1]
      Request starting HTTP/2 GET https://localhost:44364/Home/GetInactiveEmployeesByDepartment?departmentId=0 - - -
info: Microsoft.AspNetCore.Routing.EndpointMiddleware[0]
      Executing endpoint 'PhoneBook.Controllers.HomeController.GetInactiveEmployeesByDepartment (PhoneBook)'
info: Microsoft.AspNetCore.Mvc.Infrastructure.ControllerActionInvoker[102]
      Route matched with {action = "GetInactiveEmployeesByDepartment", controller = "Home"}. Executing controller action with signature System.Threading.Tasks.Task`1[Microsoft.AspNetCore.Mvc.IActionResult] GetInactiveEmployeesByDepartment(Int32) on controller PhoneBook.Controllers.HomeController (PhoneBook).
info: System.Net.Http.HttpClient.IApiService.LogicalHandler[100]
      Start processing HTTP request GET http://10.10.3.159:8683/api/Departments/0/inactive-employees
info: System.Net.Http.HttpClient.IApiService.ClientHandler[100]
      Sending HTTP request GET http://10.10.3.159:8683/api/Departments/0/inactive-employees
info: System.Net.Http.HttpClient.IApiService.ClientHandler[101]
      Received HTTP response headers after 29.006ms - 200
info: System.Net.Http.HttpClient.IApiService.LogicalHandler[101]
      End processing HTTP request after 32.4918ms - 200
info: Microsoft.AspNetCore.Mvc.Infrastructure.SystemTextJsonResultExecutor[1]
      Executing JsonResult, writing value of type 'System.Collections.Generic.List`1[[PhoneBook.Models.Employee, PhoneBook, Version=1.0.0.0, Culture=neutral, PublicKeyToken=null]]'.
info: Microsoft.AspNetCore.Mvc.Infrastructure.ControllerActionInvoker[105]
      Executed action PhoneBook.Controllers.HomeController.GetInactiveEmployeesByDepartment (PhoneBook) in 63.4502ms
info: Microsoft.AspNetCore.Routing.EndpointMiddleware[1]
      Executed endpoint 'PhoneBook.Controllers.HomeController.GetInactiveEmployeesByDepartment (PhoneBook)'
info: Microsoft.AspNetCore.Hosting.Diagnostics[2]
      Request finished HTTP/2 GET https://localhost:44364/Home/GetInactiveEmployeesByDepartment?departmentId=0 - 200 - application/json;+charset=utf-8 74.4136ms
info: Microsoft.AspNetCore.Hosting.Diagnostics[1]
      Request starting HTTP/2 GET https://localhost:44364/Home/GetInactiveEmployeesByDepartment?departmentId=170 - - -
info: Microsoft.AspNetCore.Routing.EndpointMiddleware[0]
      Executing endpoint 'PhoneBook.Controllers.HomeController.GetInactiveEmployeesByDepartment (PhoneBook)'
info: Microsoft.AspNetCore.Mvc.Infrastructure.ControllerActionInvoker[102]
      Route matched with {action = "GetInactiveEmployeesByDepartment", controller = "Home"}. Executing controller action with signature System.Threading.Tasks.Task`1[Microsoft.AspNetCore.Mvc.IActionResult] GetInactiveEmployeesByDepartment(Int32) on controller PhoneBook.Controllers.HomeController (PhoneBook).
info: System.Net.Http.HttpClient.IApiService.LogicalHandler[100]
      Start processing HTTP request GET http://10.10.3.159:8683/api/Departments/170/inactive-employees
info: System.Net.Http.HttpClient.IApiService.ClientHandler[100]
      Sending HTTP request GET http://10.10.3.159:8683/api/Departments/170/inactive-employees
info: System.Net.Http.HttpClient.IApiService.ClientHandler[101]
      Received HTTP response headers after 2.6976ms - 200
info: System.Net.Http.HttpClient.IApiService.LogicalHandler[101]
      End processing HTTP request after 6.2737ms - 200
info: Microsoft.AspNetCore.Mvc.Infrastructure.SystemTextJsonResultExecutor[1]
      Executing JsonResult, writing value of type 'System.Collections.Generic.List`1[[PhoneBook.Models.Employee, PhoneBook, Version=1.0.0.0, Culture=neutral, PublicKeyToken=null]]'.
info: Microsoft.AspNetCore.Mvc.Infrastructure.ControllerActionInvoker[105]
      Executed action PhoneBook.Controllers.HomeController.GetInactiveEmployeesByDepartment (PhoneBook) in 10.1ms
info: Microsoft.AspNetCore.Routing.EndpointMiddleware[1]
      Executed endpoint 'PhoneBook.Controllers.HomeController.GetInactiveEmployeesByDepartment (PhoneBook)'
info: Microsoft.AspNetCore.Hosting.Diagnostics[2]
      Request finished HTTP/2 GET https://localhost:44364/Home/GetInactiveEmployeesByDepartment?departmentId=170 - 200 - application/json;+charset=utf-8 18.2602ms
info: Microsoft.AspNetCore.Hosting.Diagnostics[1]
      Request starting HTTP/2 GET https://localhost:44364/Home/GetInactiveEmployeesByDepartment?departmentId=0 - - -
info: Microsoft.AspNetCore.Routing.EndpointMiddleware[0]
      Executing endpoint 'PhoneBook.Controllers.HomeController.GetInactiveEmployeesByDepartment (PhoneBook)'
info: Microsoft.AspNetCore.Mvc.Infrastructure.ControllerActionInvoker[102]
      Route matched with {action = "GetInactiveEmployeesByDepartment", controller = "Home"}. Executing controller action with signature System.Threading.Tasks.Task`1[Microsoft.AspNetCore.Mvc.IActionResult] GetInactiveEmployeesByDepartment(Int32) on controller PhoneBook.Controllers.HomeController (PhoneBook).
info: System.Net.Http.HttpClient.IApiService.LogicalHandler[100]
      Start processing HTTP request GET http://10.10.3.159:8683/api/Departments/0/inactive-employees
info: System.Net.Http.HttpClient.IApiService.ClientHandler[100]
      Sending HTTP request GET http://10.10.3.159:8683/api/Departments/0/inactive-employees
info: System.Net.Http.HttpClient.IApiService.ClientHandler[101]
      Received HTTP response headers after 30.3023ms - 200
info: System.Net.Http.HttpClient.IApiService.LogicalHandler[101]
      End processing HTTP request after 34.4873ms - 200
info: Microsoft.AspNetCore.Mvc.Infrastructure.SystemTextJsonResultExecutor[1]
      Executing JsonResult, writing value of type 'System.Collections.Generic.List`1[[PhoneBook.Models.Employee, PhoneBook, Version=1.0.0.0, Culture=neutral, PublicKeyToken=null]]'.
info: Microsoft.AspNetCore.Mvc.Infrastructure.ControllerActionInvoker[105]
      Executed action PhoneBook.Controllers.HomeController.GetInactiveEmployeesByDepartment (PhoneBook) in 41.2559ms
info: Microsoft.AspNetCore.Routing.EndpointMiddleware[1]
      Executed endpoint 'PhoneBook.Controllers.HomeController.GetInactiveEmployeesByDepartment (PhoneBook)'
info: Microsoft.AspNetCore.Hosting.Diagnostics[2]
      Request finished HTTP/2 GET https://localhost:44364/Home/GetInactiveEmployeesByDepartment?departmentId=0 - 200 - application/json;+charset=utf-8 48.6819ms
info: Microsoft.AspNetCore.Hosting.Diagnostics[1]
      Request starting HTTP/2 GET https://localhost:44364/Home/GetInactiveEmployeesByDepartment?departmentId=1 - - -
info: Microsoft.AspNetCore.Routing.EndpointMiddleware[0]
      Executing endpoint 'PhoneBook.Controllers.HomeController.GetInactiveEmployeesByDepartment (PhoneBook)'
info: Microsoft.AspNetCore.Mvc.Infrastructure.ControllerActionInvoker[102]
      Route matched with {action = "GetInactiveEmployeesByDepartment", controller = "Home"}. Executing controller action with signature System.Threading.Tasks.Task`1[Microsoft.AspNetCore.Mvc.IActionResult] GetInactiveEmployeesByDepartment(Int32) on controller PhoneBook.Controllers.HomeController (PhoneBook).
info: System.Net.Http.HttpClient.IApiService.LogicalHandler[100]
      Start processing HTTP request GET http://10.10.3.159:8683/api/Departments/1/inactive-employees
info: System.Net.Http.HttpClient.IApiService.ClientHandler[100]
      Sending HTTP request GET http://10.10.3.159:8683/api/Departments/1/inactive-employees
info: System.Net.Http.HttpClient.IApiService.ClientHandler[101]
      Received HTTP response headers after 2.7659ms - 200
info: System.Net.Http.HttpClient.IApiService.LogicalHandler[101]
      End processing HTTP request after 6.2781ms - 200
info: Microsoft.AspNetCore.Mvc.Infrastructure.SystemTextJsonResultExecutor[1]
      Executing JsonResult, writing value of type 'System.Collections.Generic.List`1[[PhoneBook.Models.Employee, PhoneBook, Version=1.0.0.0, Culture=neutral, PublicKeyToken=null]]'.
info: Microsoft.AspNetCore.Mvc.Infrastructure.ControllerActionInvoker[105]
      Executed action PhoneBook.Controllers.HomeController.GetInactiveEmployeesByDepartment (PhoneBook) in 10.1662ms
info: Microsoft.AspNetCore.Routing.EndpointMiddleware[1]
      Executed endpoint 'PhoneBook.Controllers.HomeController.GetInactiveEmployeesByDepartment (PhoneBook)'
info: Microsoft.AspNetCore.Hosting.Diagnostics[2]
      Request finished HTTP/2 GET https://localhost:44364/Home/GetInactiveEmployeesByDepartment?departmentId=1 - 200 - application/json;+charset=utf-8 18.6901ms
info: Microsoft.AspNetCore.Hosting.Diagnostics[1]
      Request starting HTTP/2 GET https://localhost:44364/Home/GetInactiveEmployeesByDepartment?departmentId=0 - - -
info: Microsoft.AspNetCore.Routing.EndpointMiddleware[0]
      Executing endpoint 'PhoneBook.Controllers.HomeController.GetInactiveEmployeesByDepartment (PhoneBook)'
info: Microsoft.AspNetCore.Mvc.Infrastructure.ControllerActionInvoker[102]
      Route matched with {action = "GetInactiveEmployeesByDepartment", controller = "Home"}. Executing controller action with signature System.Threading.Tasks.Task`1[Microsoft.AspNetCore.Mvc.IActionResult] GetInactiveEmployeesByDepartment(Int32) on controller PhoneBook.Controllers.HomeController (PhoneBook).
info: System.Net.Http.HttpClient.IApiService.LogicalHandler[100]
      Start processing HTTP request GET http://10.10.3.159:8683/api/Departments/0/inactive-employees
info: System.Net.Http.HttpClient.IApiService.ClientHandler[100]
      Sending HTTP request GET http://10.10.3.159:8683/api/Departments/0/inactive-employees
info: System.Net.Http.HttpClient.IApiService.ClientHandler[101]
      Received HTTP response headers after 340.0603ms - 200
info: System.Net.Http.HttpClient.IApiService.LogicalHandler[101]
      End processing HTTP request after 344.184ms - 200
info: Microsoft.AspNetCore.Mvc.Infrastructure.SystemTextJsonResultExecutor[1]
      Executing JsonResult, writing value of type 'System.Collections.Generic.List`1[[PhoneBook.Models.Employee, PhoneBook, Version=1.0.0.0, Culture=neutral, PublicKeyToken=null]]'.
info: Microsoft.AspNetCore.Mvc.Infrastructure.ControllerActionInvoker[105]
      Executed action PhoneBook.Controllers.HomeController.GetInactiveEmployeesByDepartment (PhoneBook) in 351.0197ms
info: Microsoft.AspNetCore.Routing.EndpointMiddleware[1]
      Executed endpoint 'PhoneBook.Controllers.HomeController.GetInactiveEmployeesByDepartment (PhoneBook)'
info: Microsoft.AspNetCore.Hosting.Diagnostics[2]
      Request finished HTTP/2 GET https://localhost:44364/Home/GetInactiveEmployeesByDepartment?departmentId=0 - 200 - application/json;+charset=utf-8 359.2155ms
info: Microsoft.AspNetCore.Hosting.Diagnostics[1]
      Request starting HTTP/2 POST https://localhost:44364/Account/Logout - application/x-www-form-urlencoded 225
info: Microsoft.AspNetCore.Routing.EndpointMiddleware[0]
      Executing endpoint 'PhoneBook.Controllers.AccountController.Logout (PhoneBook)'
info: Microsoft.AspNetCore.Mvc.Infrastructure.ControllerActionInvoker[102]
      Route matched with {action = "Logout", controller = "Account"}. Executing controller action with signature System.Threading.Tasks.Task`1[Microsoft.AspNetCore.Mvc.IActionResult] Logout() on controller PhoneBook.Controllers.AccountController (PhoneBook).
info: Microsoft.AspNetCore.Authentication.Cookies.CookieAuthenticationHandler[11]
      AuthenticationScheme: Cookies signed out.
info: Microsoft.AspNetCore.Mvc.RedirectToActionResult[1]
      Executing RedirectResult, redirecting to /Account/Login.
info: Microsoft.AspNetCore.Mvc.Infrastructure.ControllerActionInvoker[105]
      Executed action PhoneBook.Controllers.AccountController.Logout (PhoneBook) in 9.7488ms
info: Microsoft.AspNetCore.Routing.EndpointMiddleware[1]
      Executed endpoint 'PhoneBook.Controllers.AccountController.Logout (PhoneBook)'
info: Microsoft.AspNetCore.Hosting.Diagnostics[2]
      Request finished HTTP/2 POST https://localhost:44364/Account/Logout - 302 - - 22.4030ms
info: Microsoft.AspNetCore.Hosting.Diagnostics[1]
      Request starting HTTP/2 GET https://localhost:44364/Account/Login - - -
info: Microsoft.AspNetCore.Routing.EndpointMiddleware[0]
      Executing endpoint 'PhoneBook.Controllers.AccountController.Login (PhoneBook)'
info: Microsoft.AspNetCore.Mvc.Infrastructure.ControllerActionInvoker[102]
      Route matched with {action = "Login", controller = "Account"}. Executing controller action with signature Microsoft.AspNetCore.Mvc.IActionResult Login(System.String) on controller PhoneBook.Controllers.AccountController (PhoneBook).
info: Microsoft.AspNetCore.Mvc.ViewFeatures.ViewResultExecutor[1]
      Executing ViewResult, running view Login.
info: Microsoft.AspNetCore.Mvc.ViewFeatures.ViewResultExecutor[4]
      Executed ViewResult - view Login executed in 20.1931ms.
info: Microsoft.AspNetCore.Mvc.Infrastructure.ControllerActionInvoker[105]
      Executed action PhoneBook.Controllers.AccountController.Login (PhoneBook) in 22.0414ms
info: Microsoft.AspNetCore.Routing.EndpointMiddleware[1]
      Executed endpoint 'PhoneBook.Controllers.AccountController.Login (PhoneBook)'
info: Microsoft.AspNetCore.Hosting.Diagnostics[2]
      Request finished HTTP/2 GET https://localhost:44364/Account/Login - 200 - text/html;+charset=utf-8 32.5365ms
info: Microsoft.AspNetCore.Hosting.Diagnostics[1]
      Request starting HTTP/2 GET https://localhost:44364/_framework/aspnetcore-browser-refresh.js - - -
info: Microsoft.AspNetCore.Hosting.Diagnostics[1]
      Request starting HTTP/2 GET https://localhost:44364/_vs/browserLink - - -
info: Microsoft.AspNetCore.Hosting.Diagnostics[2]
      Request finished HTTP/2 GET https://localhost:44364/_framework/aspnetcore-browser-refresh.js - 200 16503 application/javascript;+charset=utf-8 2.8394ms
info: Microsoft.AspNetCore.Hosting.Diagnostics[2]
      Request finished HTTP/2 GET https://localhost:44364/_vs/browserLink - 200 - text/javascript;+charset=UTF-8 13.5675ms
info: Microsoft.AspNetCore.Hosting.Diagnostics[1]
      Request starting HTTP/2 POST https://localhost:44364/Account/Login - application/x-www-form-urlencoded 245
info: Microsoft.AspNetCore.Routing.EndpointMiddleware[0]
      Executing endpoint 'PhoneBook.Controllers.AccountController.Login (PhoneBook)'
info: Microsoft.AspNetCore.Mvc.Infrastructure.ControllerActionInvoker[102]
      Route matched with {action = "Login", controller = "Account"}. Executing controller action with signature System.Threading.Tasks.Task`1[Microsoft.AspNetCore.Mvc.IActionResult] Login(PhoneBook.Models.LoginViewModel, System.String) on controller PhoneBook.Controllers.AccountController (PhoneBook).
info: System.Net.Http.HttpClient.IApiService.LogicalHandler[100]
      Start processing HTTP request POST http://10.10.3.159:8683/api/Auth/login
info: System.Net.Http.HttpClient.IApiService.ClientHandler[100]
      Sending HTTP request POST http://10.10.3.159:8683/api/Auth/login
info: System.Net.Http.HttpClient.IApiService.ClientHandler[101]
      Received HTTP response headers after 2.8239ms - 200
info: System.Net.Http.HttpClient.IApiService.LogicalHandler[101]
      End processing HTTP request after 6.4838ms - 200
info: System.Net.Http.HttpClient.IApiService.LogicalHandler[100]
      Start processing HTTP request POST http://10.10.3.159:8683/api/Account/login
info: System.Net.Http.HttpClient.IApiService.ClientHandler[100]
      Sending HTTP request POST http://10.10.3.159:8683/api/Account/login
info: System.Net.Http.HttpClient.IApiService.ClientHandler[101]
      Received HTTP response headers after 13.0703ms - 200
info: System.Net.Http.HttpClient.IApiService.LogicalHandler[101]
      End processing HTTP request after 16.4167ms - 200
info: Microsoft.AspNetCore.Authentication.Cookies.CookieAuthenticationHandler[10]
      AuthenticationScheme: Cookies signed in.
info: Microsoft.AspNetCore.Mvc.RedirectToActionResult[1]
      Executing RedirectResult, redirecting to /.
info: Microsoft.AspNetCore.Mvc.Infrastructure.ControllerActionInvoker[105]
      Executed action PhoneBook.Controllers.AccountController.Login (PhoneBook) in 46.0862ms
info: Microsoft.AspNetCore.Routing.EndpointMiddleware[1]
      Executed endpoint 'PhoneBook.Controllers.AccountController.Login (PhoneBook)'
info: Microsoft.AspNetCore.Hosting.Diagnostics[2]
      Request finished HTTP/2 POST https://localhost:44364/Account/Login - 302 - - 60.9966ms
info: Microsoft.AspNetCore.Hosting.Diagnostics[1]
      Request starting HTTP/2 GET https://localhost:44364/ - - -
info: Microsoft.AspNetCore.Routing.EndpointMiddleware[0]
      Executing endpoint 'PhoneBook.Controllers.HomeController.Index (PhoneBook)'
info: Microsoft.AspNetCore.Mvc.Infrastructure.ControllerActionInvoker[102]
      Route matched with {action = "Index", controller = "Home"}. Executing controller action with signature System.Threading.Tasks.Task`1[Microsoft.AspNetCore.Mvc.IActionResult] Index() on controller PhoneBook.Controllers.HomeController (PhoneBook).
info: System.Net.Http.HttpClient.IApiService.LogicalHandler[100]
      Start processing HTTP request GET http://10.10.3.159:8683/api/Departments
info: System.Net.Http.HttpClient.IApiService.ClientHandler[100]
      Sending HTTP request GET http://10.10.3.159:8683/api/Departments
info: System.Net.Http.HttpClient.IApiService.ClientHandler[101]
      Received HTTP response headers after 1.7753ms - 200
info: System.Net.Http.HttpClient.IApiService.LogicalHandler[101]
      End processing HTTP request after 5.2079ms - 200
info: Microsoft.AspNetCore.Mvc.ViewFeatures.ViewResultExecutor[1]
      Executing ViewResult, running view Index.
info: Microsoft.AspNetCore.Mvc.ViewFeatures.ViewResultExecutor[4]
      Executed ViewResult - view Index executed in 5.7359ms.
info: Microsoft.AspNetCore.Mvc.Infrastructure.ControllerActionInvoker[105]
      Executed action PhoneBook.Controllers.HomeController.Index (PhoneBook) in 14.4015ms
info: Microsoft.AspNetCore.Routing.EndpointMiddleware[1]
      Executed endpoint 'PhoneBook.Controllers.HomeController.Index (PhoneBook)'
info: Microsoft.AspNetCore.Hosting.Diagnostics[2]
      Request finished HTTP/2 GET https://localhost:44364/ - 200 - text/html;+charset=utf-8 22.9269ms
info: Microsoft.AspNetCore.Hosting.Diagnostics[1]
      Request starting HTTP/2 GET https://localhost:44364/_framework/aspnetcore-browser-refresh.js - - -
info: Microsoft.AspNetCore.Hosting.Diagnostics[1]
      Request starting HTTP/2 GET https://localhost:44364/_vs/browserLink - - -
info: Microsoft.AspNetCore.Hosting.Diagnostics[2]
      Request finished HTTP/2 GET https://localhost:44364/_framework/aspnetcore-browser-refresh.js - 200 16503 application/javascript;+charset=utf-8 2.8113ms
info: Microsoft.AspNetCore.Hosting.Diagnostics[1]
      Request starting HTTP/2 GET https://localhost:44364/Home/GetDepartments - - -
info: Microsoft.AspNetCore.Routing.EndpointMiddleware[0]
      Executing endpoint 'PhoneBook.Controllers.HomeController.GetDepartments (PhoneBook)'
info: Microsoft.AspNetCore.Mvc.Infrastructure.ControllerActionInvoker[102]
      Route matched with {action = "GetDepartments", controller = "Home"}. Executing controller action with signature System.Threading.Tasks.Task`1[Microsoft.AspNetCore.Mvc.IActionResult] GetDepartments() on controller PhoneBook.Controllers.HomeController (PhoneBook).
info: System.Net.Http.HttpClient.IApiService.LogicalHandler[100]
      Start processing HTTP request GET http://10.10.3.159:8683/api/Departments
info: System.Net.Http.HttpClient.IApiService.ClientHandler[100]
      Sending HTTP request GET http://10.10.3.159:8683/api/Departments
info: Microsoft.AspNetCore.Hosting.Diagnostics[2]
      Request finished HTTP/2 GET https://localhost:44364/_vs/browserLink - 200 - text/javascript;+charset=UTF-8 11.9067ms
info: System.Net.Http.HttpClient.IApiService.ClientHandler[101]
      Received HTTP response headers after 2.5312ms - 200
info: System.Net.Http.HttpClient.IApiService.LogicalHandler[101]
      End processing HTTP request after 6.1419ms - 200
info: Microsoft.AspNetCore.Hosting.Diagnostics[1]
      Request starting HTTP/2 POST https://localhost:44364/ - application/x-www-form-urlencoded;+charset=UTF-8 20
info: Microsoft.AspNetCore.Mvc.Infrastructure.SystemTextJsonResultExecutor[1]
      Executing JsonResult, writing value of type 'System.Linq.Enumerable+SelectListIterator`2[[PhoneBook.Models.Department, PhoneBook, Version=1.0.0.0, Culture=neutral, PublicKeyToken=null],[<>f__AnonymousType2`5[[System.Int32, System.Private.CoreLib, Version=8.0.0.0, Culture=neutral, PublicKeyToken=7cec85d7bea7798e],[System.String, System.Private.CoreLib, Version=8.0.0.0, Culture=neutral, PublicKeyToken=7cec85d7bea7798e],[System.Int32, System.Private.CoreLib, Version=8.0.0.0, Culture=neutral, PublicKeyToken=7cec85d7bea7798e],[System.Boolean, System.Private.CoreLib, Version=8.0.0.0, Culture=neutral, PublicKeyToken=7cec85d7bea7798e],[System.Collections.Generic.List`1[[System.Object, System.Private.CoreLib, Version=8.0.0.0, Culture=neutral, PublicKeyToken=7cec85d7bea7798e]], System.Private.CoreLib, Version=8.0.0.0, Culture=neutral, PublicKeyToken=7cec85d7bea7798e]], PhoneBook, Version=1.0.0.0, Culture=neutral, PublicKeyToken=null]]'.
info: Microsoft.AspNetCore.Routing.EndpointMiddleware[0]
      Executing endpoint 'PhoneBook.Controllers.HomeController.Index (PhoneBook)'
info: Microsoft.AspNetCore.Mvc.Infrastructure.ControllerActionInvoker[102]
      Route matched with {action = "Index", controller = "Home"}. Executing controller action with signature System.Threading.Tasks.Task`1[Microsoft.AspNetCore.Mvc.IActionResult] Index() on controller PhoneBook.Controllers.HomeController (PhoneBook).
info: Microsoft.AspNetCore.Mvc.Infrastructure.ControllerActionInvoker[105]
      Executed action PhoneBook.Controllers.HomeController.GetDepartments (PhoneBook) in 14.1593ms
info: System.Net.Http.HttpClient.IApiService.LogicalHandler[100]
      Start processing HTTP request GET http://10.10.3.159:8683/api/Departments
info: Microsoft.AspNetCore.Routing.EndpointMiddleware[1]
      Executed endpoint 'PhoneBook.Controllers.HomeController.GetDepartments (PhoneBook)'
info: System.Net.Http.HttpClient.IApiService.ClientHandler[100]
      Sending HTTP request GET http://10.10.3.159:8683/api/Departments
info: Microsoft.AspNetCore.Hosting.Diagnostics[2]
      Request finished HTTP/2 GET https://localhost:44364/Home/GetDepartments - 200 - application/json;+charset=utf-8 23.3005ms
info: System.Net.Http.HttpClient.IApiService.ClientHandler[101]
      Received HTTP response headers after 2.6708ms - 200
info: System.Net.Http.HttpClient.IApiService.LogicalHandler[101]
      End processing HTTP request after 8.0043ms - 200
info: Microsoft.AspNetCore.Mvc.ViewFeatures.ViewResultExecutor[1]
      Executing ViewResult, running view Index.
info: Microsoft.AspNetCore.Mvc.ViewFeatures.ViewResultExecutor[4]
      Executed ViewResult - view Index executed in 5.7724ms.
info: Microsoft.AspNetCore.Mvc.Infrastructure.ControllerActionInvoker[105]
      Executed action PhoneBook.Controllers.HomeController.Index (PhoneBook) in 18.3603ms
info: Microsoft.AspNetCore.Routing.EndpointMiddleware[1]
      Executed endpoint 'PhoneBook.Controllers.HomeController.Index (PhoneBook)'
info: Microsoft.AspNetCore.Hosting.Diagnostics[2]
      Request finished HTTP/2 POST https://localhost:44364/ - 200 - text/html;+charset=utf-8 26.4693ms
info: Microsoft.AspNetCore.Hosting.Diagnostics[1]
      Request starting HTTP/2 GET https://localhost:44364/Home/GetEmployeesByDepartment?departmentId=0 - - -
info: Microsoft.AspNetCore.Routing.EndpointMiddleware[0]
      Executing endpoint 'PhoneBook.Controllers.HomeController.GetEmployeesByDepartment (PhoneBook)'
info: Microsoft.AspNetCore.Mvc.Infrastructure.ControllerActionInvoker[102]
      Route matched with {action = "GetEmployeesByDepartment", controller = "Home"}. Executing controller action with signature System.Threading.Tasks.Task`1[Microsoft.AspNetCore.Mvc.IActionResult] GetEmployeesByDepartment(Int32) on controller PhoneBook.Controllers.HomeController (PhoneBook).
info: System.Net.Http.HttpClient.IApiService.LogicalHandler[100]
      Start processing HTTP request GET http://10.10.3.159:8683/api/Departments/0/employees
info: System.Net.Http.HttpClient.IApiService.ClientHandler[100]
      Sending HTTP request GET http://10.10.3.159:8683/api/Departments/0/employees
info: System.Net.Http.HttpClient.IApiService.ClientHandler[101]
      Received HTTP response headers after 25.1303ms - 200
info: System.Net.Http.HttpClient.IApiService.LogicalHandler[101]
      End processing HTTP request after 28.5648ms - 200
info: Microsoft.AspNetCore.Mvc.Infrastructure.SystemTextJsonResultExecutor[1]
      Executing JsonResult, writing value of type 'System.Collections.Generic.List`1[[PhoneBook.Models.Employee, PhoneBook, Version=1.0.0.0, Culture=neutral, PublicKeyToken=null]]'.
info: Microsoft.AspNetCore.Mvc.Infrastructure.ControllerActionInvoker[105]
      Executed action PhoneBook.Controllers.HomeController.GetEmployeesByDepartment (PhoneBook) in 33.5331ms
info: Microsoft.AspNetCore.Routing.EndpointMiddleware[1]
      Executed endpoint 'PhoneBook.Controllers.HomeController.GetEmployeesByDepartment (PhoneBook)'
info: Microsoft.AspNetCore.Hosting.Diagnostics[2]
      Request finished HTTP/2 GET https://localhost:44364/Home/GetEmployeesByDepartment?departmentId=0 - 200 - application/json;+charset=utf-8 41.8891ms
info: Microsoft.AspNetCore.Hosting.Diagnostics[1]
      Request starting HTTP/2 GET https://localhost:44364/Home/GetEmployeesByDepartment?departmentId=0 - - -
info: Microsoft.AspNetCore.Routing.EndpointMiddleware[0]
      Executing endpoint 'PhoneBook.Controllers.HomeController.GetEmployeesByDepartment (PhoneBook)'
info: Microsoft.AspNetCore.Mvc.Infrastructure.ControllerActionInvoker[102]
      Route matched with {action = "GetEmployeesByDepartment", controller = "Home"}. Executing controller action with signature System.Threading.Tasks.Task`1[Microsoft.AspNetCore.Mvc.IActionResult] GetEmployeesByDepartment(Int32) on controller PhoneBook.Controllers.HomeController (PhoneBook).
info: System.Net.Http.HttpClient.IApiService.LogicalHandler[100]
      Start processing HTTP request GET http://10.10.3.159:8683/api/Departments/0/employees
info: System.Net.Http.HttpClient.IApiService.ClientHandler[100]
      Sending HTTP request GET http://10.10.3.159:8683/api/Departments/0/employees
info: System.Net.Http.HttpClient.IApiService.ClientHandler[101]
      Received HTTP response headers after 25.9567ms - 200
info: System.Net.Http.HttpClient.IApiService.LogicalHandler[101]
      End processing HTTP request after 30.0424ms - 200
info: Microsoft.AspNetCore.Mvc.Infrastructure.SystemTextJsonResultExecutor[1]
      Executing JsonResult, writing value of type 'System.Collections.Generic.List`1[[PhoneBook.Models.Employee, PhoneBook, Version=1.0.0.0, Culture=neutral, PublicKeyToken=null]]'.
info: Microsoft.AspNetCore.Mvc.Infrastructure.ControllerActionInvoker[105]
      Executed action PhoneBook.Controllers.HomeController.GetEmployeesByDepartment (PhoneBook) in 35.2669ms
info: Microsoft.AspNetCore.Routing.EndpointMiddleware[1]
      Executed endpoint 'PhoneBook.Controllers.HomeController.GetEmployeesByDepartment (PhoneBook)'
info: Microsoft.AspNetCore.Hosting.Diagnostics[2]
      Request finished HTTP/2 GET https://localhost:44364/Home/GetEmployeesByDepartment?departmentId=0 - 200 - application/json;+charset=utf-8 42.8277ms
info: Microsoft.AspNetCore.Hosting.Diagnostics[1]
      Request starting HTTP/2 GET https://localhost:44364/Home/GetEmployeesByDepartment?departmentId=0 - - -
info: Microsoft.AspNetCore.Routing.EndpointMiddleware[0]
      Executing endpoint 'PhoneBook.Controllers.HomeController.GetEmployeesByDepartment (PhoneBook)'
info: Microsoft.AspNetCore.Mvc.Infrastructure.ControllerActionInvoker[102]
      Route matched with {action = "GetEmployeesByDepartment", controller = "Home"}. Executing controller action with signature System.Threading.Tasks.Task`1[Microsoft.AspNetCore.Mvc.IActionResult] GetEmployeesByDepartment(Int32) on controller PhoneBook.Controllers.HomeController (PhoneBook).
info: System.Net.Http.HttpClient.IApiService.LogicalHandler[100]
      Start processing HTTP request GET http://10.10.3.159:8683/api/Departments/0/employees
info: System.Net.Http.HttpClient.IApiService.ClientHandler[100]
      Sending HTTP request GET http://10.10.3.159:8683/api/Departments/0/employees
info: System.Net.Http.HttpClient.IApiService.ClientHandler[101]
      Received HTTP response headers after 25.1138ms - 200
info: System.Net.Http.HttpClient.IApiService.LogicalHandler[101]
      End processing HTTP request after 28.5058ms - 200
info: Microsoft.AspNetCore.Mvc.Infrastructure.SystemTextJsonResultExecutor[1]
      Executing JsonResult, writing value of type 'System.Collections.Generic.List`1[[PhoneBook.Models.Employee, PhoneBook, Version=1.0.0.0, Culture=neutral, PublicKeyToken=null]]'.
info: Microsoft.AspNetCore.Mvc.Infrastructure.ControllerActionInvoker[105]
      Executed action PhoneBook.Controllers.HomeController.GetEmployeesByDepartment (PhoneBook) in 33.2368ms
info: Microsoft.AspNetCore.Routing.EndpointMiddleware[1]
      Executed endpoint 'PhoneBook.Controllers.HomeController.GetEmployeesByDepartment (PhoneBook)'
info: Microsoft.AspNetCore.Hosting.Diagnostics[2]
      Request finished HTTP/2 GET https://localhost:44364/Home/GetEmployeesByDepartment?departmentId=0 - 200 - application/json;+charset=utf-8 40.4389ms
info: Microsoft.AspNetCore.Hosting.Diagnostics[1]
      Request starting HTTP/2 GET https://localhost:44364/.well-known/appspecific/com.chrome.devtools.json - - -
info: Microsoft.AspNetCore.Hosting.Diagnostics[2]
      Request finished HTTP/2 GET https://localhost:44364/.well-known/appspecific/com.chrome.devtools.json - 404 - - 4.9421ms
info: Microsoft.AspNetCore.Hosting.Diagnostics[16]
      Request reached the end of the middleware pipeline without being handled by application code. Request path: GET https://localhost:44364/.well-known/appspecific/com.chrome.devtools.json, Response status code: 404
info: Microsoft.AspNetCore.Hosting.Diagnostics[1]
      Request starting HTTP/2 GET https://localhost:44364/lib/kendo/js/kendo.aspnetmvc.min.js.map - - -
info: Microsoft.AspNetCore.Hosting.Diagnostics[1]
      Request starting HTTP/2 GET https://localhost:44364/lib/kendo/js/kendo.all.min.js.map - - -
info: Microsoft.AspNetCore.Hosting.Diagnostics[2]
      Request finished HTTP/2 GET https://localhost:44364/lib/kendo/js/kendo.aspnetmvc.min.js.map - 404 - - 5.3130ms
info: Microsoft.AspNetCore.Hosting.Diagnostics[16]
      Request reached the end of the middleware pipeline without being handled by application code. Request path: GET https://localhost:44364/lib/kendo/js/kendo.aspnetmvc.min.js.map, Response status code: 404
info: Microsoft.AspNetCore.Hosting.Diagnostics[2]
      Request finished HTTP/2 GET https://localhost:44364/lib/kendo/js/kendo.all.min.js.map - 404 - - 7.8352ms
info: Microsoft.AspNetCore.Hosting.Diagnostics[16]
      Request reached the end of the middleware pipeline without being handled by application code. Request path: GET https://localhost:44364/lib/kendo/js/kendo.all.min.js.map, Response status code: 404
info: Microsoft.AspNetCore.Hosting.Diagnostics[1]
      Request starting HTTP/2 POST https://localhost:44364/Account/Logout - application/x-www-form-urlencoded 225
info: Microsoft.AspNetCore.Routing.EndpointMiddleware[0]
      Executing endpoint 'PhoneBook.Controllers.AccountController.Logout (PhoneBook)'
info: Microsoft.AspNetCore.Mvc.Infrastructure.ControllerActionInvoker[102]
      Route matched with {action = "Logout", controller = "Account"}. Executing controller action with signature System.Threading.Tasks.Task`1[Microsoft.AspNetCore.Mvc.IActionResult] Logout() on controller PhoneBook.Controllers.AccountController (PhoneBook).
info: Microsoft.AspNetCore.Authentication.Cookies.CookieAuthenticationHandler[11]
      AuthenticationScheme: Cookies signed out.
info: Microsoft.AspNetCore.Mvc.RedirectToActionResult[1]
      Executing RedirectResult, redirecting to /Account/Login.
info: Microsoft.AspNetCore.Mvc.Infrastructure.ControllerActionInvoker[105]
      Executed action PhoneBook.Controllers.AccountController.Logout (PhoneBook) in 3.0997ms
info: Microsoft.AspNetCore.Routing.EndpointMiddleware[1]
      Executed endpoint 'PhoneBook.Controllers.AccountController.Logout (PhoneBook)'
info: Microsoft.AspNetCore.Hosting.Diagnostics[2]
      Request finished HTTP/2 POST https://localhost:44364/Account/Logout - 302 - - 15.8051ms
info: Microsoft.AspNetCore.Hosting.Diagnostics[1]
      Request starting HTTP/2 GET https://localhost:44364/Account/Login - - -
info: Microsoft.AspNetCore.Routing.EndpointMiddleware[0]
      Executing endpoint 'PhoneBook.Controllers.AccountController.Login (PhoneBook)'
info: Microsoft.AspNetCore.Mvc.Infrastructure.ControllerActionInvoker[102]
      Route matched with {action = "Login", controller = "Account"}. Executing controller action with signature Microsoft.AspNetCore.Mvc.IActionResult Login(System.String) on controller PhoneBook.Controllers.AccountController (PhoneBook).
info: Microsoft.AspNetCore.Mvc.ViewFeatures.ViewResultExecutor[1]
      Executing ViewResult, running view Login.
info: Microsoft.AspNetCore.Mvc.ViewFeatures.ViewResultExecutor[4]
      Executed ViewResult - view Login executed in 2.8794ms.
info: Microsoft.AspNetCore.Mvc.Infrastructure.ControllerActionInvoker[105]
      Executed action PhoneBook.Controllers.AccountController.Login (PhoneBook) in 4.2266ms
info: Microsoft.AspNetCore.Routing.EndpointMiddleware[1]
      Executed endpoint 'PhoneBook.Controllers.AccountController.Login (PhoneBook)'
info: Microsoft.AspNetCore.Hosting.Diagnostics[2]
      Request finished HTTP/2 GET https://localhost:44364/Account/Login - 200 - text/html;+charset=utf-8 12.1472ms
info: Microsoft.AspNetCore.Hosting.Diagnostics[1]
      Request starting HTTP/2 GET https://localhost:44364/_vs/browserLink - - -
info: Microsoft.AspNetCore.Hosting.Diagnostics[1]
      Request starting HTTP/2 GET https://localhost:44364/_framework/aspnetcore-browser-refresh.js - - -
info: Microsoft.AspNetCore.Hosting.Diagnostics[1]
      Request starting HTTP/2 GET https://localhost:44364/.well-known/appspecific/com.chrome.devtools.json - - -
info: Microsoft.AspNetCore.Hosting.Diagnostics[2]
      Request finished HTTP/2 GET https://localhost:44364/_framework/aspnetcore-browser-refresh.js - 200 16503 application/javascript;+charset=utf-8 5.1744ms
info: Microsoft.AspNetCore.Hosting.Diagnostics[2]
      Request finished HTTP/2 GET https://localhost:44364/.well-known/appspecific/com.chrome.devtools.json - 404 - - 5.8433ms
info: Microsoft.AspNetCore.Hosting.Diagnostics[16]
      Request reached the end of the middleware pipeline without being handled by application code. Request path: GET https://localhost:44364/.well-known/appspecific/com.chrome.devtools.json, Response status code: 404
info: Microsoft.AspNetCore.Hosting.Diagnostics[2]
      Request finished HTTP/2 GET https://localhost:44364/_vs/browserLink - 200 - text/javascript;+charset=UTF-8 16.5786ms
info: Microsoft.AspNetCore.Hosting.Diagnostics[1]
      Request starting HTTP/2 POST https://localhost:44364/Account/Login - application/x-www-form-urlencoded 245
info: Microsoft.AspNetCore.Routing.EndpointMiddleware[0]
      Executing endpoint 'PhoneBook.Controllers.AccountController.Login (PhoneBook)'
info: Microsoft.AspNetCore.Mvc.Infrastructure.ControllerActionInvoker[102]
      Route matched with {action = "Login", controller = "Account"}. Executing controller action with signature System.Threading.Tasks.Task`1[Microsoft.AspNetCore.Mvc.IActionResult] Login(PhoneBook.Models.LoginViewModel, System.String) on controller PhoneBook.Controllers.AccountController (PhoneBook).
info: System.Net.Http.HttpClient.IApiService.LogicalHandler[100]
      Start processing HTTP request POST http://10.10.3.159:8683/api/Auth/login
info: System.Net.Http.HttpClient.IApiService.ClientHandler[100]
      Sending HTTP request POST http://10.10.3.159:8683/api/Auth/login
info: System.Net.Http.HttpClient.IApiService.ClientHandler[101]
      Received HTTP response headers after 1.6369ms - 200
info: System.Net.Http.HttpClient.IApiService.LogicalHandler[101]
      End processing HTTP request after 5.2327ms - 200
info: System.Net.Http.HttpClient.IApiService.LogicalHandler[100]
      Start processing HTTP request POST http://10.10.3.159:8683/api/Account/login
info: System.Net.Http.HttpClient.IApiService.ClientHandler[100]
      Sending HTTP request POST http://10.10.3.159:8683/api/Account/login
info: System.Net.Http.HttpClient.IApiService.ClientHandler[101]
      Received HTTP response headers after 38.4712ms - 200
info: System.Net.Http.HttpClient.IApiService.LogicalHandler[101]
      End processing HTTP request after 42.1374ms - 200
info: Microsoft.AspNetCore.Authentication.Cookies.CookieAuthenticationHandler[10]
      AuthenticationScheme: Cookies signed in.
info: Microsoft.AspNetCore.Mvc.RedirectToActionResult[1]
      Executing RedirectResult, redirecting to /.
info: Microsoft.AspNetCore.Mvc.Infrastructure.ControllerActionInvoker[105]
      Executed action PhoneBook.Controllers.AccountController.Login (PhoneBook) in 54.3343ms
info: Microsoft.AspNetCore.Routing.EndpointMiddleware[1]
      Executed endpoint 'PhoneBook.Controllers.AccountController.Login (PhoneBook)'
info: Microsoft.AspNetCore.Hosting.Diagnostics[2]
      Request finished HTTP/2 POST https://localhost:44364/Account/Login - 302 - - 63.0888ms
info: Microsoft.AspNetCore.Hosting.Diagnostics[1]
      Request starting HTTP/2 GET https://localhost:44364/ - - -
info: Microsoft.AspNetCore.Routing.EndpointMiddleware[0]
      Executing endpoint 'PhoneBook.Controllers.HomeController.Index (PhoneBook)'
info: Microsoft.AspNetCore.Mvc.Infrastructure.ControllerActionInvoker[102]
      Route matched with {action = "Index", controller = "Home"}. Executing controller action with signature System.Threading.Tasks.Task`1[Microsoft.AspNetCore.Mvc.IActionResult] Index() on controller PhoneBook.Controllers.HomeController (PhoneBook).
info: System.Net.Http.HttpClient.IApiService.LogicalHandler[100]
      Start processing HTTP request GET http://10.10.3.159:8683/api/Departments
info: System.Net.Http.HttpClient.IApiService.ClientHandler[100]
      Sending HTTP request GET http://10.10.3.159:8683/api/Departments
info: System.Net.Http.HttpClient.IApiService.ClientHandler[101]
      Received HTTP response headers after 3.4692ms - 200
info: System.Net.Http.HttpClient.IApiService.LogicalHandler[101]
      End processing HTTP request after 6.7222ms - 200
info: Microsoft.AspNetCore.Mvc.ViewFeatures.ViewResultExecutor[1]
      Executing ViewResult, running view Index.
info: Microsoft.AspNetCore.Mvc.ViewFeatures.ViewResultExecutor[4]
      Executed ViewResult - view Index executed in 5.1576ms.
info: Microsoft.AspNetCore.Mvc.Infrastructure.ControllerActionInvoker[105]
      Executed action PhoneBook.Controllers.HomeController.Index (PhoneBook) in 14.8142ms
info: Microsoft.AspNetCore.Routing.EndpointMiddleware[1]
      Executed endpoint 'PhoneBook.Controllers.HomeController.Index (PhoneBook)'
info: Microsoft.AspNetCore.Hosting.Diagnostics[2]
      Request finished HTTP/2 GET https://localhost:44364/ - 200 - text/html;+charset=utf-8 23.1033ms
info: Microsoft.AspNetCore.Hosting.Diagnostics[1]
      Request starting HTTP/2 GET https://localhost:44364/_vs/browserLink - - -
info: Microsoft.AspNetCore.Hosting.Diagnostics[1]
      Request starting HTTP/2 GET https://localhost:44364/_framework/aspnetcore-browser-refresh.js - - -
info: Microsoft.AspNetCore.Hosting.Diagnostics[2]
      Request finished HTTP/2 GET https://localhost:44364/_framework/aspnetcore-browser-refresh.js - 200 16503 application/javascript;+charset=utf-8 3.5481ms
info: Microsoft.AspNetCore.Hosting.Diagnostics[1]
      Request starting HTTP/2 GET https://localhost:44364/.well-known/appspecific/com.chrome.devtools.json - - -
info: Microsoft.AspNetCore.Hosting.Diagnostics[2]
      Request finished HTTP/2 GET https://localhost:44364/_vs/browserLink - 200 - text/javascript;+charset=UTF-8 11.6317ms
info: Microsoft.AspNetCore.Hosting.Diagnostics[2]
      Request finished HTTP/2 GET https://localhost:44364/.well-known/appspecific/com.chrome.devtools.json - 404 - - 3.3434ms
info: Microsoft.AspNetCore.Hosting.Diagnostics[16]
      Request reached the end of the middleware pipeline without being handled by application code. Request path: GET https://localhost:44364/.well-known/appspecific/com.chrome.devtools.json, Response status code: 404
info: Microsoft.AspNetCore.Hosting.Diagnostics[1]
      Request starting HTTP/2 GET https://localhost:44364/Home/GetDepartments - - -
info: Microsoft.AspNetCore.Routing.EndpointMiddleware[0]
      Executing endpoint 'PhoneBook.Controllers.HomeController.GetDepartments (PhoneBook)'
info: Microsoft.AspNetCore.Mvc.Infrastructure.ControllerActionInvoker[102]
      Route matched with {action = "GetDepartments", controller = "Home"}. Executing controller action with signature System.Threading.Tasks.Task`1[Microsoft.AspNetCore.Mvc.IActionResult] GetDepartments() on controller PhoneBook.Controllers.HomeController (PhoneBook).
info: System.Net.Http.HttpClient.IApiService.LogicalHandler[100]
      Start processing HTTP request GET http://10.10.3.159:8683/api/Departments
info: System.Net.Http.HttpClient.IApiService.ClientHandler[100]
      Sending HTTP request GET http://10.10.3.159:8683/api/Departments
info: Microsoft.AspNetCore.Hosting.Diagnostics[1]
      Request starting HTTP/2 POST https://localhost:44364/ - application/x-www-form-urlencoded;+charset=UTF-8 20
info: Microsoft.AspNetCore.Routing.EndpointMiddleware[0]
      Executing endpoint 'PhoneBook.Controllers.HomeController.Index (PhoneBook)'
info: Microsoft.AspNetCore.Mvc.Infrastructure.ControllerActionInvoker[102]
      Route matched with {action = "Index", controller = "Home"}. Executing controller action with signature System.Threading.Tasks.Task`1[Microsoft.AspNetCore.Mvc.IActionResult] Index() on controller PhoneBook.Controllers.HomeController (PhoneBook).
info: System.Net.Http.HttpClient.IApiService.LogicalHandler[100]
      Start processing HTTP request GET http://10.10.3.159:8683/api/Departments
info: System.Net.Http.HttpClient.IApiService.ClientHandler[100]
      Sending HTTP request GET http://10.10.3.159:8683/api/Departments
info: Microsoft.AspNetCore.Hosting.Diagnostics[1]
      Request starting HTTP/2 GET https://localhost:44364/lib/kendo/js/kendo.all.min.js.map - - -
info: Microsoft.AspNetCore.Hosting.Diagnostics[1]
      Request starting HTTP/2 GET https://localhost:44364/lib/kendo/js/kendo.aspnetmvc.min.js.map - - -
info: System.Net.Http.HttpClient.IApiService.ClientHandler[101]
      Received HTTP response headers after 10.6102ms - 200
info: System.Net.Http.HttpClient.IApiService.LogicalHandler[101]
      End processing HTTP request after 15.5255ms - 200
info: Microsoft.AspNetCore.Hosting.Diagnostics[2]
      Request finished HTTP/2 GET https://localhost:44364/lib/kendo/js/kendo.all.min.js.map - 404 - - 6.3339ms
info: Microsoft.AspNetCore.Mvc.ViewFeatures.ViewResultExecutor[1]
      Executing ViewResult, running view Index.
info: Microsoft.AspNetCore.Hosting.Diagnostics[16]
      Request reached the end of the middleware pipeline without being handled by application code. Request path: GET https://localhost:44364/lib/kendo/js/kendo.all.min.js.map, Response status code: 404
info: Microsoft.AspNetCore.Hosting.Diagnostics[2]
      Request finished HTTP/2 GET https://localhost:44364/lib/kendo/js/kendo.aspnetmvc.min.js.map - 404 - - 8.1455ms
info: Microsoft.AspNetCore.Hosting.Diagnostics[16]
      Request reached the end of the middleware pipeline without being handled by application code. Request path: GET https://localhost:44364/lib/kendo/js/kendo.aspnetmvc.min.js.map, Response status code: 404
info: Microsoft.AspNetCore.Mvc.ViewFeatures.ViewResultExecutor[4]
      Executed ViewResult - view Index executed in 8.7171ms.
info: Microsoft.AspNetCore.Mvc.Infrastructure.ControllerActionInvoker[105]
      Executed action PhoneBook.Controllers.HomeController.Index (PhoneBook) in 28.5188ms
info: Microsoft.AspNetCore.Routing.EndpointMiddleware[1]
      Executed endpoint 'PhoneBook.Controllers.HomeController.Index (PhoneBook)'
info: Microsoft.AspNetCore.Hosting.Diagnostics[2]
      Request finished HTTP/2 POST https://localhost:44364/ - 200 - text/html;+charset=utf-8 39.5443ms
info: System.Net.Http.HttpClient.IApiService.ClientHandler[101]
      Received HTTP response headers after 308.6311ms - 200
info: System.Net.Http.HttpClient.IApiService.LogicalHandler[101]
      End processing HTTP request after 314.2424ms - 200
info: Microsoft.AspNetCore.Mvc.Infrastructure.SystemTextJsonResultExecutor[1]
      Executing JsonResult, writing value of type 'System.Linq.Enumerable+SelectListIterator`2[[PhoneBook.Models.Department, PhoneBook, Version=1.0.0.0, Culture=neutral, PublicKeyToken=null],[<>f__AnonymousType2`5[[System.Int32, System.Private.CoreLib, Version=8.0.0.0, Culture=neutral, PublicKeyToken=7cec85d7bea7798e],[System.String, System.Private.CoreLib, Version=8.0.0.0, Culture=neutral, PublicKeyToken=7cec85d7bea7798e],[System.Int32, System.Private.CoreLib, Version=8.0.0.0, Culture=neutral, PublicKeyToken=7cec85d7bea7798e],[System.Boolean, System.Private.CoreLib, Version=8.0.0.0, Culture=neutral, PublicKeyToken=7cec85d7bea7798e],[System.Collections.Generic.List`1[[System.Object, System.Private.CoreLib, Version=8.0.0.0, Culture=neutral, PublicKeyToken=7cec85d7bea7798e]], System.Private.CoreLib, Version=8.0.0.0, Culture=neutral, PublicKeyToken=7cec85d7bea7798e]], PhoneBook, Version=1.0.0.0, Culture=neutral, PublicKeyToken=null]]'.
info: Microsoft.AspNetCore.Mvc.Infrastructure.ControllerActionInvoker[105]
      Executed action PhoneBook.Controllers.HomeController.GetDepartments (PhoneBook) in 318.6845ms
info: Microsoft.AspNetCore.Routing.EndpointMiddleware[1]
      Executed endpoint 'PhoneBook.Controllers.HomeController.GetDepartments (PhoneBook)'
info: Microsoft.AspNetCore.Hosting.Diagnostics[2]
      Request finished HTTP/2 GET https://localhost:44364/Home/GetDepartments - 200 - application/json;+charset=utf-8 326.7620ms
info: Microsoft.AspNetCore.Hosting.Diagnostics[1]
      Request starting HTTP/2 GET https://localhost:44364/Home/GetEmployeesByDepartment?departmentId=0 - - -
info: Microsoft.AspNetCore.Routing.EndpointMiddleware[0]
      Executing endpoint 'PhoneBook.Controllers.HomeController.GetEmployeesByDepartment (PhoneBook)'
info: Microsoft.AspNetCore.Mvc.Infrastructure.ControllerActionInvoker[102]
      Route matched with {action = "GetEmployeesByDepartment", controller = "Home"}. Executing controller action with signature System.Threading.Tasks.Task`1[Microsoft.AspNetCore.Mvc.IActionResult] GetEmployeesByDepartment(Int32) on controller PhoneBook.Controllers.HomeController (PhoneBook).
info: System.Net.Http.HttpClient.IApiService.LogicalHandler[100]
      Start processing HTTP request GET http://10.10.3.159:8683/api/Departments/0/employees
info: System.Net.Http.HttpClient.IApiService.ClientHandler[100]
      Sending HTTP request GET http://10.10.3.159:8683/api/Departments/0/employees
info: System.Net.Http.HttpClient.IApiService.ClientHandler[101]
      Received HTTP response headers after 38.1628ms - 200
info: System.Net.Http.HttpClient.IApiService.LogicalHandler[101]
      End processing HTTP request after 42.1965ms - 200
info: Microsoft.AspNetCore.Mvc.Infrastructure.SystemTextJsonResultExecutor[1]
      Executing JsonResult, writing value of type 'System.Collections.Generic.List`1[[PhoneBook.Models.Employee, PhoneBook, Version=1.0.0.0, Culture=neutral, PublicKeyToken=null]]'.
info: Microsoft.AspNetCore.Mvc.Infrastructure.ControllerActionInvoker[105]
      Executed action PhoneBook.Controllers.HomeController.GetEmployeesByDepartment (PhoneBook) in 47.4067ms
info: Microsoft.AspNetCore.Routing.EndpointMiddleware[1]
      Executed endpoint 'PhoneBook.Controllers.HomeController.GetEmployeesByDepartment (PhoneBook)'
info: Microsoft.AspNetCore.Hosting.Diagnostics[1]
      Request starting HTTP/2 GET https://localhost:44364/Home/GetEmployeesByDepartment?departmentId=0 - - -
info: Microsoft.AspNetCore.Hosting.Diagnostics[2]
      Request finished HTTP/2 GET https://localhost:44364/Home/GetEmployeesByDepartment?departmentId=0 - 200 - application/json;+charset=utf-8 56.9463ms
info: Microsoft.AspNetCore.Routing.EndpointMiddleware[0]
      Executing endpoint 'PhoneBook.Controllers.HomeController.GetEmployeesByDepartment (PhoneBook)'
info: Microsoft.AspNetCore.Mvc.Infrastructure.ControllerActionInvoker[102]
      Route matched with {action = "GetEmployeesByDepartment", controller = "Home"}. Executing controller action with signature System.Threading.Tasks.Task`1[Microsoft.AspNetCore.Mvc.IActionResult] GetEmployeesByDepartment(Int32) on controller PhoneBook.Controllers.HomeController (PhoneBook).
info: System.Net.Http.HttpClient.IApiService.LogicalHandler[100]
      Start processing HTTP request GET http://10.10.3.159:8683/api/Departments/0/employees
info: System.Net.Http.HttpClient.IApiService.ClientHandler[100]
      Sending HTTP request GET http://10.10.3.159:8683/api/Departments/0/employees
info: System.Net.Http.HttpClient.IApiService.ClientHandler[101]
      Received HTTP response headers after 25.4542ms - 200
info: System.Net.Http.HttpClient.IApiService.LogicalHandler[101]
      End processing HTTP request after 29.4105ms - 200
info: Microsoft.AspNetCore.Mvc.Infrastructure.SystemTextJsonResultExecutor[1]
      Executing JsonResult, writing value of type 'System.Collections.Generic.List`1[[PhoneBook.Models.Employee, PhoneBook, Version=1.0.0.0, Culture=neutral, PublicKeyToken=null]]'.
info: Microsoft.AspNetCore.Mvc.Infrastructure.ControllerActionInvoker[105]
      Executed action PhoneBook.Controllers.HomeController.GetEmployeesByDepartment (PhoneBook) in 34.5038ms
info: Microsoft.AspNetCore.Routing.EndpointMiddleware[1]
      Executed endpoint 'PhoneBook.Controllers.HomeController.GetEmployeesByDepartment (PhoneBook)'
info: Microsoft.AspNetCore.Hosting.Diagnostics[1]
      Request starting HTTP/2 GET https://localhost:44364/Home/GetEmployeesByDepartment?departmentId=0 - - -
info: Microsoft.AspNetCore.Hosting.Diagnostics[2]
      Request finished HTTP/2 GET https://localhost:44364/Home/GetEmployeesByDepartment?departmentId=0 - 200 - application/json;+charset=utf-8 43.9822ms
info: Microsoft.AspNetCore.Routing.EndpointMiddleware[0]
      Executing endpoint 'PhoneBook.Controllers.HomeController.GetEmployeesByDepartment (PhoneBook)'
info: Microsoft.AspNetCore.Mvc.Infrastructure.ControllerActionInvoker[102]
      Route matched with {action = "GetEmployeesByDepartment", controller = "Home"}. Executing controller action with signature System.Threading.Tasks.Task`1[Microsoft.AspNetCore.Mvc.IActionResult] GetEmployeesByDepartment(Int32) on controller PhoneBook.Controllers.HomeController (PhoneBook).
info: System.Net.Http.HttpClient.IApiService.LogicalHandler[100]
      Start processing HTTP request GET http://10.10.3.159:8683/api/Departments/0/employees
info: System.Net.Http.HttpClient.IApiService.ClientHandler[100]
      Sending HTTP request GET http://10.10.3.159:8683/api/Departments/0/employees
info: System.Net.Http.HttpClient.IApiService.ClientHandler[101]
      Received HTTP response headers after 25.923ms - 200
info: System.Net.Http.HttpClient.IApiService.LogicalHandler[101]
      End processing HTTP request after 29.8478ms - 200
info: Microsoft.AspNetCore.Mvc.Infrastructure.SystemTextJsonResultExecutor[1]
      Executing JsonResult, writing value of type 'System.Collections.Generic.List`1[[PhoneBook.Models.Employee, PhoneBook, Version=1.0.0.0, Culture=neutral, PublicKeyToken=null]]'.
info: Microsoft.AspNetCore.Mvc.Infrastructure.ControllerActionInvoker[105]
      Executed action PhoneBook.Controllers.HomeController.GetEmployeesByDepartment (PhoneBook) in 35.1089ms
info: Microsoft.AspNetCore.Routing.EndpointMiddleware[1]
      Executed endpoint 'PhoneBook.Controllers.HomeController.GetEmployeesByDepartment (PhoneBook)'
info: Microsoft.AspNetCore.Hosting.Diagnostics[2]
      Request finished HTTP/2 GET https://localhost:44364/Home/GetEmployeesByDepartment?departmentId=0 - 200 - application/json;+charset=utf-8 43.7217ms
info: Microsoft.AspNetCore.Hosting.Diagnostics[1]
      Request starting HTTP/2 GET https://localhost:44364/ - - -
info: Microsoft.AspNetCore.Routing.EndpointMiddleware[0]
      Executing endpoint 'PhoneBook.Controllers.HomeController.Index (PhoneBook)'
info: Microsoft.AspNetCore.Mvc.Infrastructure.ControllerActionInvoker[102]
      Route matched with {action = "Index", controller = "Home"}. Executing controller action with signature System.Threading.Tasks.Task`1[Microsoft.AspNetCore.Mvc.IActionResult] Index() on controller PhoneBook.Controllers.HomeController (PhoneBook).
info: System.Net.Http.HttpClient.IApiService.LogicalHandler[100]
      Start processing HTTP request GET http://10.10.3.159:8683/api/Departments
info: System.Net.Http.HttpClient.IApiService.ClientHandler[100]
      Sending HTTP request GET http://10.10.3.159:8683/api/Departments
info: System.Net.Http.HttpClient.IApiService.ClientHandler[101]
      Received HTTP response headers after 316.1805ms - 200
info: System.Net.Http.HttpClient.IApiService.LogicalHandler[101]
      End processing HTTP request after 321.1369ms - 200
info: Microsoft.AspNetCore.Mvc.ViewFeatures.ViewResultExecutor[1]
      Executing ViewResult, running view Index.
info: Microsoft.AspNetCore.Mvc.ViewFeatures.ViewResultExecutor[4]
      Executed ViewResult - view Index executed in 4.2132ms.
info: Microsoft.AspNetCore.Mvc.Infrastructure.ControllerActionInvoker[105]
      Executed action PhoneBook.Controllers.HomeController.Index (PhoneBook) in 328.2448ms
info: Microsoft.AspNetCore.Routing.EndpointMiddleware[1]
      Executed endpoint 'PhoneBook.Controllers.HomeController.Index (PhoneBook)'
info: Microsoft.AspNetCore.Hosting.Diagnostics[2]
      Request finished HTTP/2 GET https://localhost:44364/ - 200 - text/html;+charset=utf-8 338.6889ms
info: Microsoft.AspNetCore.Hosting.Diagnostics[1]
      Request starting HTTP/2 GET https://localhost:44364/_vs/browserLink - - -
info: Microsoft.AspNetCore.Hosting.Diagnostics[1]
      Request starting HTTP/2 GET https://localhost:44364/.well-known/appspecific/com.chrome.devtools.json - - -
info: Microsoft.AspNetCore.Hosting.Diagnostics[1]
      Request starting HTTP/2 GET https://localhost:44364/_framework/aspnetcore-browser-refresh.js - - -
info: Microsoft.AspNetCore.Hosting.Diagnostics[2]
      Request finished HTTP/2 GET https://localhost:44364/_framework/aspnetcore-browser-refresh.js - 200 16503 application/javascript;+charset=utf-8 4.4314ms
info: Microsoft.AspNetCore.Hosting.Diagnostics[2]
      Request finished HTTP/2 GET https://localhost:44364/.well-known/appspecific/com.chrome.devtools.json - 404 - - 6.9812ms
info: Microsoft.AspNetCore.Hosting.Diagnostics[16]
      Request reached the end of the middleware pipeline without being handled by application code. Request path: GET https://localhost:44364/.well-known/appspecific/com.chrome.devtools.json, Response status code: 404
info: Microsoft.AspNetCore.Hosting.Diagnostics[2]
      Request finished HTTP/2 GET https://localhost:44364/_vs/browserLink - 200 - text/javascript;+charset=UTF-8 10.9973ms
info: Microsoft.AspNetCore.Hosting.Diagnostics[1]
      Request starting HTTP/2 GET https://localhost:44364/Home/GetDepartments - - -
info: Microsoft.AspNetCore.Routing.EndpointMiddleware[0]
      Executing endpoint 'PhoneBook.Controllers.HomeController.GetDepartments (PhoneBook)'
info: Microsoft.AspNetCore.Mvc.Infrastructure.ControllerActionInvoker[102]
      Route matched with {action = "GetDepartments", controller = "Home"}. Executing controller action with signature System.Threading.Tasks.Task`1[Microsoft.AspNetCore.Mvc.IActionResult] GetDepartments() on controller PhoneBook.Controllers.HomeController (PhoneBook).
info: System.Net.Http.HttpClient.IApiService.LogicalHandler[100]
      Start processing HTTP request GET http://10.10.3.159:8683/api/Departments
info: System.Net.Http.HttpClient.IApiService.ClientHandler[100]
      Sending HTTP request GET http://10.10.3.159:8683/api/Departments
info: System.Net.Http.HttpClient.IApiService.ClientHandler[101]
      Received HTTP response headers after 2.1287ms - 200
info: System.Net.Http.HttpClient.IApiService.LogicalHandler[101]
      End processing HTTP request after 6.7237ms - 200
info: Microsoft.AspNetCore.Mvc.Infrastructure.SystemTextJsonResultExecutor[1]
      Executing JsonResult, writing value of type 'System.Linq.Enumerable+SelectListIterator`2[[PhoneBook.Models.Department, PhoneBook, Version=1.0.0.0, Culture=neutral, PublicKeyToken=null],[<>f__AnonymousType2`5[[System.Int32, System.Private.CoreLib, Version=8.0.0.0, Culture=neutral, PublicKeyToken=7cec85d7bea7798e],[System.String, System.Private.CoreLib, Version=8.0.0.0, Culture=neutral, PublicKeyToken=7cec85d7bea7798e],[System.Int32, System.Private.CoreLib, Version=8.0.0.0, Culture=neutral, PublicKeyToken=7cec85d7bea7798e],[System.Boolean, System.Private.CoreLib, Version=8.0.0.0, Culture=neutral, PublicKeyToken=7cec85d7bea7798e],[System.Collections.Generic.List`1[[System.Object, System.Private.CoreLib, Version=8.0.0.0, Culture=neutral, PublicKeyToken=7cec85d7bea7798e]], System.Private.CoreLib, Version=8.0.0.0, Culture=neutral, PublicKeyToken=7cec85d7bea7798e]], PhoneBook, Version=1.0.0.0, Culture=neutral, PublicKeyToken=null]]'.
info: Microsoft.AspNetCore.Mvc.Infrastructure.ControllerActionInvoker[105]
      Executed action PhoneBook.Controllers.HomeController.GetDepartments (PhoneBook) in 10.6895ms
info: Microsoft.AspNetCore.Routing.EndpointMiddleware[1]
      Executed endpoint 'PhoneBook.Controllers.HomeController.GetDepartments (PhoneBook)'
info: Microsoft.AspNetCore.Hosting.Diagnostics[2]
      Request finished HTTP/2 GET https://localhost:44364/Home/GetDepartments - 200 - application/json;+charset=utf-8 19.7052ms
info: Microsoft.AspNetCore.Hosting.Diagnostics[1]
      Request starting HTTP/2 POST https://localhost:44364/ - application/x-www-form-urlencoded;+charset=UTF-8 20
info: Microsoft.AspNetCore.Routing.EndpointMiddleware[0]
      Executing endpoint 'PhoneBook.Controllers.HomeController.Index (PhoneBook)'
info: Microsoft.AspNetCore.Mvc.Infrastructure.ControllerActionInvoker[102]
      Route matched with {action = "Index", controller = "Home"}. Executing controller action with signature System.Threading.Tasks.Task`1[Microsoft.AspNetCore.Mvc.IActionResult] Index() on controller PhoneBook.Controllers.HomeController (PhoneBook).
info: System.Net.Http.HttpClient.IApiService.LogicalHandler[100]
      Start processing HTTP request GET http://10.10.3.159:8683/api/Departments
info: System.Net.Http.HttpClient.IApiService.ClientHandler[100]
      Sending HTTP request GET http://10.10.3.159:8683/api/Departments
info: System.Net.Http.HttpClient.IApiService.ClientHandler[101]
      Received HTTP response headers after 1.9821ms - 200
info: System.Net.Http.HttpClient.IApiService.LogicalHandler[101]
      End processing HTTP request after 5.984ms - 200
info: Microsoft.AspNetCore.Mvc.ViewFeatures.ViewResultExecutor[1]
      Executing ViewResult, running view Index.
info: Microsoft.AspNetCore.Mvc.ViewFeatures.ViewResultExecutor[4]
      Executed ViewResult - view Index executed in 5.1119ms.
info: Microsoft.AspNetCore.Mvc.Infrastructure.ControllerActionInvoker[105]
      Executed action PhoneBook.Controllers.HomeController.Index (PhoneBook) in 15.2476ms
info: Microsoft.AspNetCore.Routing.EndpointMiddleware[1]
      Executed endpoint 'PhoneBook.Controllers.HomeController.Index (PhoneBook)'
info: Microsoft.AspNetCore.Hosting.Diagnostics[2]
      Request finished HTTP/2 POST https://localhost:44364/ - 200 - text/html;+charset=utf-8 23.2803ms
info: Microsoft.AspNetCore.Hosting.Diagnostics[1]
      Request starting HTTP/2 GET https://localhost:44364/lib/kendo/js/kendo.all.min.js.map - - -
info: Microsoft.AspNetCore.Hosting.Diagnostics[2]
      Request finished HTTP/2 GET https://localhost:44364/lib/kendo/js/kendo.all.min.js.map - 404 - - 2.5899ms
info: Microsoft.AspNetCore.Hosting.Diagnostics[16]
      Request reached the end of the middleware pipeline without being handled by application code. Request path: GET https://localhost:44364/lib/kendo/js/kendo.all.min.js.map, Response status code: 404
info: Microsoft.AspNetCore.Hosting.Diagnostics[1]
      Request starting HTTP/2 GET https://localhost:44364/lib/kendo/js/kendo.aspnetmvc.min.js.map - - -
info: Microsoft.AspNetCore.Hosting.Diagnostics[2]
      Request finished HTTP/2 GET https://localhost:44364/lib/kendo/js/kendo.aspnetmvc.min.js.map - 404 - - 2.4315ms
info: Microsoft.AspNetCore.Hosting.Diagnostics[16]
      Request reached the end of the middleware pipeline without being handled by application code. Request path: GET https://localhost:44364/lib/kendo/js/kendo.aspnetmvc.min.js.map, Response status code: 404
info: Microsoft.AspNetCore.Hosting.Diagnostics[1]
      Request starting HTTP/2 GET https://localhost:44364/Home/GetEmployeesByDepartment?departmentId=0 - - -
info: Microsoft.AspNetCore.Routing.EndpointMiddleware[0]
      Executing endpoint 'PhoneBook.Controllers.HomeController.GetEmployeesByDepartment (PhoneBook)'
info: Microsoft.AspNetCore.Mvc.Infrastructure.ControllerActionInvoker[102]
      Route matched with {action = "GetEmployeesByDepartment", controller = "Home"}. Executing controller action with signature System.Threading.Tasks.Task`1[Microsoft.AspNetCore.Mvc.IActionResult] GetEmployeesByDepartment(Int32) on controller PhoneBook.Controllers.HomeController (PhoneBook).
info: System.Net.Http.HttpClient.IApiService.LogicalHandler[100]
      Start processing HTTP request GET http://10.10.3.159:8683/api/Departments/0/employees
info: System.Net.Http.HttpClient.IApiService.ClientHandler[100]
      Sending HTTP request GET http://10.10.3.159:8683/api/Departments/0/employees
info: System.Net.Http.HttpClient.IApiService.ClientHandler[101]
      Received HTTP response headers after 25.9101ms - 200
info: System.Net.Http.HttpClient.IApiService.LogicalHandler[101]
      End processing HTTP request after 29.4966ms - 200
info: Microsoft.AspNetCore.Mvc.Infrastructure.SystemTextJsonResultExecutor[1]
      Executing JsonResult, writing value of type 'System.Collections.Generic.List`1[[PhoneBook.Models.Employee, PhoneBook, Version=1.0.0.0, Culture=neutral, PublicKeyToken=null]]'.
info: Microsoft.AspNetCore.Mvc.Infrastructure.ControllerActionInvoker[105]
      Executed action PhoneBook.Controllers.HomeController.GetEmployeesByDepartment (PhoneBook) in 34.4314ms
info: Microsoft.AspNetCore.Routing.EndpointMiddleware[1]
      Executed endpoint 'PhoneBook.Controllers.HomeController.GetEmployeesByDepartment (PhoneBook)'
info: Microsoft.AspNetCore.Hosting.Diagnostics[1]
      Request starting HTTP/2 GET https://localhost:44364/Home/GetEmployeesByDepartment?departmentId=0 - - -
info: Microsoft.AspNetCore.Hosting.Diagnostics[2]
      Request finished HTTP/2 GET https://localhost:44364/Home/GetEmployeesByDepartment?departmentId=0 - 200 - application/json;+charset=utf-8 43.1825ms
info: Microsoft.AspNetCore.Routing.EndpointMiddleware[0]
      Executing endpoint 'PhoneBook.Controllers.HomeController.GetEmployeesByDepartment (PhoneBook)'
info: Microsoft.AspNetCore.Mvc.Infrastructure.ControllerActionInvoker[102]
      Route matched with {action = "GetEmployeesByDepartment", controller = "Home"}. Executing controller action with signature System.Threading.Tasks.Task`1[Microsoft.AspNetCore.Mvc.IActionResult] GetEmployeesByDepartment(Int32) on controller PhoneBook.Controllers.HomeController (PhoneBook).
info: System.Net.Http.HttpClient.IApiService.LogicalHandler[100]
      Start processing HTTP request GET http://10.10.3.159:8683/api/Departments/0/employees
info: System.Net.Http.HttpClient.IApiService.ClientHandler[100]
      Sending HTTP request GET http://10.10.3.159:8683/api/Departments/0/employees
info: System.Net.Http.HttpClient.IApiService.ClientHandler[101]
      Received HTTP response headers after 26.0322ms - 200
info: System.Net.Http.HttpClient.IApiService.LogicalHandler[101]
      End processing HTTP request after 29.867ms - 200
info: Microsoft.AspNetCore.Mvc.Infrastructure.SystemTextJsonResultExecutor[1]
      Executing JsonResult, writing value of type 'System.Collections.Generic.List`1[[PhoneBook.Models.Employee, PhoneBook, Version=1.0.0.0, Culture=neutral, PublicKeyToken=null]]'.
info: Microsoft.AspNetCore.Mvc.Infrastructure.ControllerActionInvoker[105]
      Executed action PhoneBook.Controllers.HomeController.GetEmployeesByDepartment (PhoneBook) in 35.251ms
info: Microsoft.AspNetCore.Routing.EndpointMiddleware[1]
      Executed endpoint 'PhoneBook.Controllers.HomeController.GetEmployeesByDepartment (PhoneBook)'
info: Microsoft.AspNetCore.Hosting.Diagnostics[2]
      Request finished HTTP/2 GET https://localhost:44364/Home/GetEmployeesByDepartment?departmentId=0 - 200 - application/json;+charset=utf-8 43.6045ms
info: Microsoft.AspNetCore.Hosting.Diagnostics[1]
      Request starting HTTP/2 GET https://localhost:44364/Home/GetEmployeesByDepartment?departmentId=0 - - -
info: Microsoft.AspNetCore.Routing.EndpointMiddleware[0]
      Executing endpoint 'PhoneBook.Controllers.HomeController.GetEmployeesByDepartment (PhoneBook)'
info: Microsoft.AspNetCore.Mvc.Infrastructure.ControllerActionInvoker[102]
      Route matched with {action = "GetEmployeesByDepartment", controller = "Home"}. Executing controller action with signature System.Threading.Tasks.Task`1[Microsoft.AspNetCore.Mvc.IActionResult] GetEmployeesByDepartment(Int32) on controller PhoneBook.Controllers.HomeController (PhoneBook).
info: System.Net.Http.HttpClient.IApiService.LogicalHandler[100]
      Start processing HTTP request GET http://10.10.3.159:8683/api/Departments/0/employees
info: System.Net.Http.HttpClient.IApiService.ClientHandler[100]
      Sending HTTP request GET http://10.10.3.159:8683/api/Departments/0/employees
info: System.Net.Http.HttpClient.IApiService.ClientHandler[101]
      Received HTTP response headers after 24.9862ms - 200
info: System.Net.Http.HttpClient.IApiService.LogicalHandler[101]
      End processing HTTP request after 28.4388ms - 200
info: Microsoft.AspNetCore.Mvc.Infrastructure.SystemTextJsonResultExecutor[1]
      Executing JsonResult, writing value of type 'System.Collections.Generic.List`1[[PhoneBook.Models.Employee, PhoneBook, Version=1.0.0.0, Culture=neutral, PublicKeyToken=null]]'.
info: Microsoft.AspNetCore.Mvc.Infrastructure.ControllerActionInvoker[105]
      Executed action PhoneBook.Controllers.HomeController.GetEmployeesByDepartment (PhoneBook) in 33.2882ms
info: Microsoft.AspNetCore.Routing.EndpointMiddleware[1]
      Executed endpoint 'PhoneBook.Controllers.HomeController.GetEmployeesByDepartment (PhoneBook)'
info: Microsoft.AspNetCore.Hosting.Diagnostics[2]
      Request finished HTTP/2 GET https://localhost:44364/Home/GetEmployeesByDepartment?departmentId=0 - 200 - application/json;+charset=utf-8 41.1287ms
info: Microsoft.AspNetCore.Hosting.Diagnostics[1]
      Request starting HTTP/2 GET https://localhost:44364/ - - -
info: Microsoft.AspNetCore.Routing.EndpointMiddleware[0]
      Executing endpoint 'PhoneBook.Controllers.HomeController.Index (PhoneBook)'
info: Microsoft.AspNetCore.Mvc.Infrastructure.ControllerActionInvoker[102]
      Route matched with {action = "Index", controller = "Home"}. Executing controller action with signature System.Threading.Tasks.Task`1[Microsoft.AspNetCore.Mvc.IActionResult] Index() on controller PhoneBook.Controllers.HomeController (PhoneBook).
info: System.Net.Http.HttpClient.IApiService.LogicalHandler[100]
      Start processing HTTP request GET http://10.10.3.159:8683/api/Departments
info: System.Net.Http.HttpClient.IApiService.ClientHandler[100]
      Sending HTTP request GET http://10.10.3.159:8683/api/Departments
info: System.Net.Http.HttpClient.IApiService.ClientHandler[101]
      Received HTTP response headers after 1.7588ms - 200
info: System.Net.Http.HttpClient.IApiService.LogicalHandler[101]
      End processing HTTP request after 5.7259ms - 200
info: Microsoft.AspNetCore.Mvc.ViewFeatures.ViewResultExecutor[1]
      Executing ViewResult, running view Index.
info: Microsoft.AspNetCore.Mvc.ViewFeatures.ViewResultExecutor[4]
      Executed ViewResult - view Index executed in 4.2993ms.
info: Microsoft.AspNetCore.Mvc.Infrastructure.ControllerActionInvoker[105]
      Executed action PhoneBook.Controllers.HomeController.Index (PhoneBook) in 13.3751ms
info: Microsoft.AspNetCore.Routing.EndpointMiddleware[1]
      Executed endpoint 'PhoneBook.Controllers.HomeController.Index (PhoneBook)'
info: Microsoft.AspNetCore.Hosting.Diagnostics[2]
      Request finished HTTP/2 GET https://localhost:44364/ - 200 - text/html;+charset=utf-8 22.5423ms
info: Microsoft.AspNetCore.Hosting.Diagnostics[1]
      Request starting HTTP/2 GET https://localhost:44364/.well-known/appspecific/com.chrome.devtools.json - - -
info: Microsoft.AspNetCore.Hosting.Diagnostics[1]
      Request starting HTTP/2 GET https://localhost:44364/_vs/browserLink - - -
info: Microsoft.AspNetCore.Hosting.Diagnostics[1]
      Request starting HTTP/2 GET https://localhost:44364/_framework/aspnetcore-browser-refresh.js - - -
info: Microsoft.AspNetCore.Hosting.Diagnostics[2]
      Request finished HTTP/2 GET https://localhost:44364/.well-known/appspecific/com.chrome.devtools.json - 404 - - 4.8468ms
info: Microsoft.AspNetCore.Hosting.Diagnostics[16]
      Request reached the end of the middleware pipeline without being handled by application code. Request path: GET https://localhost:44364/.well-known/appspecific/com.chrome.devtools.json, Response status code: 404
info: Microsoft.AspNetCore.Hosting.Diagnostics[2]
      Request finished HTTP/2 GET https://localhost:44364/_framework/aspnetcore-browser-refresh.js - 200 16503 application/javascript;+charset=utf-8 4.8569ms
info: Microsoft.AspNetCore.Hosting.Diagnostics[2]
      Request finished HTTP/2 GET https://localhost:44364/_vs/browserLink - 200 - text/javascript;+charset=UTF-8 11.6987ms
info: Microsoft.AspNetCore.Hosting.Diagnostics[1]
      Request starting HTTP/2 GET https://localhost:44364/Home/GetDepartments - - -
info: Microsoft.AspNetCore.Routing.EndpointMiddleware[0]
      Executing endpoint 'PhoneBook.Controllers.HomeController.GetDepartments (PhoneBook)'
info: Microsoft.AspNetCore.Mvc.Infrastructure.ControllerActionInvoker[102]
      Route matched with {action = "GetDepartments", controller = "Home"}. Executing controller action with signature System.Threading.Tasks.Task`1[Microsoft.AspNetCore.Mvc.IActionResult] GetDepartments() on controller PhoneBook.Controllers.HomeController (PhoneBook).
info: System.Net.Http.HttpClient.IApiService.LogicalHandler[100]
      Start processing HTTP request GET http://10.10.3.159:8683/api/Departments
info: System.Net.Http.HttpClient.IApiService.ClientHandler[100]
      Sending HTTP request GET http://10.10.3.159:8683/api/Departments
info: System.Net.Http.HttpClient.IApiService.ClientHandler[101]
      Received HTTP response headers after 1.9196ms - 200
info: System.Net.Http.HttpClient.IApiService.LogicalHandler[101]
      End processing HTTP request after 6.3901ms - 200
info: Microsoft.AspNetCore.Mvc.Infrastructure.SystemTextJsonResultExecutor[1]
      Executing JsonResult, writing value of type 'System.Linq.Enumerable+SelectListIterator`2[[PhoneBook.Models.Department, PhoneBook, Version=1.0.0.0, Culture=neutral, PublicKeyToken=null],[<>f__AnonymousType2`5[[System.Int32, System.Private.CoreLib, Version=8.0.0.0, Culture=neutral, PublicKeyToken=7cec85d7bea7798e],[System.String, System.Private.CoreLib, Version=8.0.0.0, Culture=neutral, PublicKeyToken=7cec85d7bea7798e],[System.Int32, System.Private.CoreLib, Version=8.0.0.0, Culture=neutral, PublicKeyToken=7cec85d7bea7798e],[System.Boolean, System.Private.CoreLib, Version=8.0.0.0, Culture=neutral, PublicKeyToken=7cec85d7bea7798e],[System.Collections.Generic.List`1[[System.Object, System.Private.CoreLib, Version=8.0.0.0, Culture=neutral, PublicKeyToken=7cec85d7bea7798e]], System.Private.CoreLib, Version=8.0.0.0, Culture=neutral, PublicKeyToken=7cec85d7bea7798e]], PhoneBook, Version=1.0.0.0, Culture=neutral, PublicKeyToken=null]]'.
info: Microsoft.AspNetCore.Mvc.Infrastructure.ControllerActionInvoker[105]
      Executed action PhoneBook.Controllers.HomeController.GetDepartments (PhoneBook) in 11.758ms
info: Microsoft.AspNetCore.Routing.EndpointMiddleware[1]
      Executed endpoint 'PhoneBook.Controllers.HomeController.GetDepartments (PhoneBook)'
info: Microsoft.AspNetCore.Hosting.Diagnostics[1]
      Request starting HTTP/2 POST https://localhost:44364/ - application/x-www-form-urlencoded;+charset=UTF-8 20
info: Microsoft.AspNetCore.Hosting.Diagnostics[2]
      Request finished HTTP/2 GET https://localhost:44364/Home/GetDepartments - 200 - application/json;+charset=utf-8 21.4474ms
info: Microsoft.AspNetCore.Routing.EndpointMiddleware[0]
      Executing endpoint 'PhoneBook.Controllers.HomeController.Index (PhoneBook)'
info: Microsoft.AspNetCore.Mvc.Infrastructure.ControllerActionInvoker[102]
      Route matched with {action = "Index", controller = "Home"}. Executing controller action with signature System.Threading.Tasks.Task`1[Microsoft.AspNetCore.Mvc.IActionResult] Index() on controller PhoneBook.Controllers.HomeController (PhoneBook).
info: System.Net.Http.HttpClient.IApiService.LogicalHandler[100]
      Start processing HTTP request GET http://10.10.3.159:8683/api/Departments
info: System.Net.Http.HttpClient.IApiService.ClientHandler[100]
      Sending HTTP request GET http://10.10.3.159:8683/api/Departments
info: System.Net.Http.HttpClient.IApiService.ClientHandler[101]
      Received HTTP response headers after 2.0567ms - 200
info: System.Net.Http.HttpClient.IApiService.LogicalHandler[101]
      End processing HTTP request after 7.4728ms - 200
info: Microsoft.AspNetCore.Mvc.ViewFeatures.ViewResultExecutor[1]
      Executing ViewResult, running view Index.
info: Microsoft.AspNetCore.Mvc.ViewFeatures.ViewResultExecutor[4]
      Executed ViewResult - view Index executed in 5.6757ms.
info: Microsoft.AspNetCore.Mvc.Infrastructure.ControllerActionInvoker[105]
      Executed action PhoneBook.Controllers.HomeController.Index (PhoneBook) in 17.4513ms
info: Microsoft.AspNetCore.Routing.EndpointMiddleware[1]
      Executed endpoint 'PhoneBook.Controllers.HomeController.Index (PhoneBook)'
info: Microsoft.AspNetCore.Hosting.Diagnostics[1]
      Request starting HTTP/2 GET https://localhost:44364/lib/kendo/js/kendo.all.min.js.map - - -
info: Microsoft.AspNetCore.Hosting.Diagnostics[1]
      Request starting HTTP/2 GET https://localhost:44364/lib/kendo/js/kendo.aspnetmvc.min.js.map - - -
info: Microsoft.AspNetCore.Hosting.Diagnostics[2]
      Request finished HTTP/2 POST https://localhost:44364/ - 200 - text/html;+charset=utf-8 30.1210ms
info: Microsoft.AspNetCore.Hosting.Diagnostics[2]
      Request finished HTTP/2 GET https://localhost:44364/lib/kendo/js/kendo.all.min.js.map - 404 - - 6.7891ms
info: Microsoft.AspNetCore.Hosting.Diagnostics[16]
      Request reached the end of the middleware pipeline without being handled by application code. Request path: GET https://localhost:44364/lib/kendo/js/kendo.all.min.js.map, Response status code: 404
info: Microsoft.AspNetCore.Hosting.Diagnostics[2]
      Request finished HTTP/2 GET https://localhost:44364/lib/kendo/js/kendo.aspnetmvc.min.js.map - 404 - - 4.9418ms
info: Microsoft.AspNetCore.Hosting.Diagnostics[16]
      Request reached the end of the middleware pipeline without being handled by application code. Request path: GET https://localhost:44364/lib/kendo/js/kendo.aspnetmvc.min.js.map, Response status code: 404
info: Microsoft.AspNetCore.Hosting.Diagnostics[1]
      Request starting HTTP/2 GET https://localhost:44364/Home/GetEmployeesByDepartment?departmentId=0 - - -
info: Microsoft.AspNetCore.Routing.EndpointMiddleware[0]
      Executing endpoint 'PhoneBook.Controllers.HomeController.GetEmployeesByDepartment (PhoneBook)'
info: Microsoft.AspNetCore.Mvc.Infrastructure.ControllerActionInvoker[102]
      Route matched with {action = "GetEmployeesByDepartment", controller = "Home"}. Executing controller action with signature System.Threading.Tasks.Task`1[Microsoft.AspNetCore.Mvc.IActionResult] GetEmployeesByDepartment(Int32) on controller PhoneBook.Controllers.HomeController (PhoneBook).
info: System.Net.Http.HttpClient.IApiService.LogicalHandler[100]
      Start processing HTTP request GET http://10.10.3.159:8683/api/Departments/0/employees
info: System.Net.Http.HttpClient.IApiService.ClientHandler[100]
      Sending HTTP request GET http://10.10.3.159:8683/api/Departments/0/employees
info: System.Net.Http.HttpClient.IApiService.ClientHandler[101]
      Received HTTP response headers after 25.4677ms - 200
info: System.Net.Http.HttpClient.IApiService.LogicalHandler[101]
      End processing HTTP request after 29.1395ms - 200
info: Microsoft.AspNetCore.Mvc.Infrastructure.SystemTextJsonResultExecutor[1]
      Executing JsonResult, writing value of type 'System.Collections.Generic.List`1[[PhoneBook.Models.Employee, PhoneBook, Version=1.0.0.0, Culture=neutral, PublicKeyToken=null]]'.
info: Microsoft.AspNetCore.Mvc.Infrastructure.ControllerActionInvoker[105]
      Executed action PhoneBook.Controllers.HomeController.GetEmployeesByDepartment (PhoneBook) in 34.1148ms
info: Microsoft.AspNetCore.Routing.EndpointMiddleware[1]
      Executed endpoint 'PhoneBook.Controllers.HomeController.GetEmployeesByDepartment (PhoneBook)'
info: Microsoft.AspNetCore.Hosting.Diagnostics[1]
      Request starting HTTP/2 GET https://localhost:44364/Home/GetEmployeesByDepartment?departmentId=0 - - -
info: Microsoft.AspNetCore.Hosting.Diagnostics[2]
      Request finished HTTP/2 GET https://localhost:44364/Home/GetEmployeesByDepartment?departmentId=0 - 200 - application/json;+charset=utf-8 42.4627ms
info: Microsoft.AspNetCore.Routing.EndpointMiddleware[0]
      Executing endpoint 'PhoneBook.Controllers.HomeController.GetEmployeesByDepartment (PhoneBook)'
info: Microsoft.AspNetCore.Mvc.Infrastructure.ControllerActionInvoker[102]
      Route matched with {action = "GetEmployeesByDepartment", controller = "Home"}. Executing controller action with signature System.Threading.Tasks.Task`1[Microsoft.AspNetCore.Mvc.IActionResult] GetEmployeesByDepartment(Int32) on controller PhoneBook.Controllers.HomeController (PhoneBook).
info: System.Net.Http.HttpClient.IApiService.LogicalHandler[100]
      Start processing HTTP request GET http://10.10.3.159:8683/api/Departments/0/employees
info: System.Net.Http.HttpClient.IApiService.ClientHandler[100]
      Sending HTTP request GET http://10.10.3.159:8683/api/Departments/0/employees
info: System.Net.Http.HttpClient.IApiService.ClientHandler[101]
      Received HTTP response headers after 25.8788ms - 200
info: System.Net.Http.HttpClient.IApiService.LogicalHandler[101]
      End processing HTTP request after 29.4224ms - 200
info: Microsoft.AspNetCore.Mvc.Infrastructure.SystemTextJsonResultExecutor[1]
      Executing JsonResult, writing value of type 'System.Collections.Generic.List`1[[PhoneBook.Models.Employee, PhoneBook, Version=1.0.0.0, Culture=neutral, PublicKeyToken=null]]'.
info: Microsoft.AspNetCore.Mvc.Infrastructure.ControllerActionInvoker[105]
      Executed action PhoneBook.Controllers.HomeController.GetEmployeesByDepartment (PhoneBook) in 34.405ms
info: Microsoft.AspNetCore.Routing.EndpointMiddleware[1]
      Executed endpoint 'PhoneBook.Controllers.HomeController.GetEmployeesByDepartment (PhoneBook)'
info: Microsoft.AspNetCore.Hosting.Diagnostics[2]
      Request finished HTTP/2 GET https://localhost:44364/Home/GetEmployeesByDepartment?departmentId=0 - 200 - application/json;+charset=utf-8 42.7696ms
info: Microsoft.AspNetCore.Hosting.Diagnostics[1]
      Request starting HTTP/2 GET https://localhost:44364/Home/GetEmployeesByDepartment?departmentId=0 - - -
info: Microsoft.AspNetCore.Routing.EndpointMiddleware[0]
      Executing endpoint 'PhoneBook.Controllers.HomeController.GetEmployeesByDepartment (PhoneBook)'
info: Microsoft.AspNetCore.Mvc.Infrastructure.ControllerActionInvoker[102]
      Route matched with {action = "GetEmployeesByDepartment", controller = "Home"}. Executing controller action with signature System.Threading.Tasks.Task`1[Microsoft.AspNetCore.Mvc.IActionResult] GetEmployeesByDepartment(Int32) on controller PhoneBook.Controllers.HomeController (PhoneBook).
info: System.Net.Http.HttpClient.IApiService.LogicalHandler[100]
      Start processing HTTP request GET http://10.10.3.159:8683/api/Departments/0/employees
info: System.Net.Http.HttpClient.IApiService.ClientHandler[100]
      Sending HTTP request GET http://10.10.3.159:8683/api/Departments/0/employees
info: System.Net.Http.HttpClient.IApiService.ClientHandler[101]
      Received HTTP response headers after 325.1691ms - 200
info: System.Net.Http.HttpClient.IApiService.LogicalHandler[101]
      End processing HTTP request after 329.5219ms - 200
info: Microsoft.AspNetCore.Mvc.Infrastructure.SystemTextJsonResultExecutor[1]
      Executing JsonResult, writing value of type 'System.Collections.Generic.List`1[[PhoneBook.Models.Employee, PhoneBook, Version=1.0.0.0, Culture=neutral, PublicKeyToken=null]]'.
info: Microsoft.AspNetCore.Mvc.Infrastructure.ControllerActionInvoker[105]
      Executed action PhoneBook.Controllers.HomeController.GetEmployeesByDepartment (PhoneBook) in 334.839ms
info: Microsoft.AspNetCore.Routing.EndpointMiddleware[1]
      Executed endpoint 'PhoneBook.Controllers.HomeController.GetEmployeesByDepartment (PhoneBook)'
info: Microsoft.AspNetCore.Hosting.Diagnostics[2]
      Request finished HTTP/2 GET https://localhost:44364/Home/GetEmployeesByDepartment?departmentId=0 - 200 - application/json;+charset=utf-8 342.3371ms
info: Microsoft.AspNetCore.Hosting.Diagnostics[1]
      Request starting HTTP/2 GET https://localhost:44364/Home/GetEmployeesByDepartment?departmentId=170 - - -
info: Microsoft.AspNetCore.Routing.EndpointMiddleware[0]
      Executing endpoint 'PhoneBook.Controllers.HomeController.GetEmployeesByDepartment (PhoneBook)'
info: Microsoft.AspNetCore.Mvc.Infrastructure.ControllerActionInvoker[102]
      Route matched with {action = "GetEmployeesByDepartment", controller = "Home"}. Executing controller action with signature System.Threading.Tasks.Task`1[Microsoft.AspNetCore.Mvc.IActionResult] GetEmployeesByDepartment(Int32) on controller PhoneBook.Controllers.HomeController (PhoneBook).
info: System.Net.Http.HttpClient.IApiService.LogicalHandler[100]
      Start processing HTTP request GET http://10.10.3.159:8683/api/Departments/170/employees
info: System.Net.Http.HttpClient.IApiService.ClientHandler[100]
      Sending HTTP request GET http://10.10.3.159:8683/api/Departments/170/employees
info: System.Net.Http.HttpClient.IApiService.ClientHandler[101]
      Received HTTP response headers after 2.159ms - 200
info: System.Net.Http.HttpClient.IApiService.LogicalHandler[101]
      End processing HTTP request after 5.949ms - 200
info: Microsoft.AspNetCore.Mvc.Infrastructure.SystemTextJsonResultExecutor[1]
      Executing JsonResult, writing value of type 'System.Collections.Generic.List`1[[PhoneBook.Models.Employee, PhoneBook, Version=1.0.0.0, Culture=neutral, PublicKeyToken=null]]'.
info: Microsoft.AspNetCore.Mvc.Infrastructure.ControllerActionInvoker[105]
      Executed action PhoneBook.Controllers.HomeController.GetEmployeesByDepartment (PhoneBook) in 10.0475ms
info: Microsoft.AspNetCore.Routing.EndpointMiddleware[1]
      Executed endpoint 'PhoneBook.Controllers.HomeController.GetEmployeesByDepartment (PhoneBook)'
info: Microsoft.AspNetCore.Hosting.Diagnostics[2]
      Request finished HTTP/2 GET https://localhost:44364/Home/GetEmployeesByDepartment?departmentId=170 - 200 - application/json;+charset=utf-8 17.8194ms
info: Microsoft.AspNetCore.Hosting.Diagnostics[1]
      Request starting HTTP/2 GET https://localhost:44364/Home/GetEmployeesByDepartment?departmentId=200 - - -
info: Microsoft.AspNetCore.Routing.EndpointMiddleware[0]
      Executing endpoint 'PhoneBook.Controllers.HomeController.GetEmployeesByDepartment (PhoneBook)'
info: Microsoft.AspNetCore.Mvc.Infrastructure.ControllerActionInvoker[102]
      Route matched with {action = "GetEmployeesByDepartment", controller = "Home"}. Executing controller action with signature System.Threading.Tasks.Task`1[Microsoft.AspNetCore.Mvc.IActionResult] GetEmployeesByDepartment(Int32) on controller PhoneBook.Controllers.HomeController (PhoneBook).
info: System.Net.Http.HttpClient.IApiService.LogicalHandler[100]
      Start processing HTTP request GET http://10.10.3.159:8683/api/Departments/200/employees
info: System.Net.Http.HttpClient.IApiService.ClientHandler[100]
      Sending HTTP request GET http://10.10.3.159:8683/api/Departments/200/employees
info: System.Net.Http.HttpClient.IApiService.ClientHandler[101]
      Received HTTP response headers after 3.2122ms - 200
info: System.Net.Http.HttpClient.IApiService.LogicalHandler[101]
      End processing HTTP request after 6.5002ms - 200
info: Microsoft.AspNetCore.Mvc.Infrastructure.SystemTextJsonResultExecutor[1]
      Executing JsonResult, writing value of type 'System.Collections.Generic.List`1[[PhoneBook.Models.Employee, PhoneBook, Version=1.0.0.0, Culture=neutral, PublicKeyToken=null]]'.
info: Microsoft.AspNetCore.Mvc.Infrastructure.ControllerActionInvoker[105]
      Executed action PhoneBook.Controllers.HomeController.GetEmployeesByDepartment (PhoneBook) in 9.713ms
info: Microsoft.AspNetCore.Routing.EndpointMiddleware[1]
      Executed endpoint 'PhoneBook.Controllers.HomeController.GetEmployeesByDepartment (PhoneBook)'
info: Microsoft.AspNetCore.Hosting.Diagnostics[2]
      Request finished HTTP/2 GET https://localhost:44364/Home/GetEmployeesByDepartment?departmentId=200 - 200 - application/json;+charset=utf-8 18.1632ms
info: Microsoft.AspNetCore.Hosting.Diagnostics[1]
      Request starting HTTP/2 GET https://localhost:44364/Home/GetEmployeesByDepartment?departmentId=0 - - -
info: Microsoft.AspNetCore.Routing.EndpointMiddleware[0]
      Executing endpoint 'PhoneBook.Controllers.HomeController.GetEmployeesByDepartment (PhoneBook)'
info: Microsoft.AspNetCore.Mvc.Infrastructure.ControllerActionInvoker[102]
      Route matched with {action = "GetEmployeesByDepartment", controller = "Home"}. Executing controller action with signature System.Threading.Tasks.Task`1[Microsoft.AspNetCore.Mvc.IActionResult] GetEmployeesByDepartment(Int32) on controller PhoneBook.Controllers.HomeController (PhoneBook).
info: System.Net.Http.HttpClient.IApiService.LogicalHandler[100]
      Start processing HTTP request GET http://10.10.3.159:8683/api/Departments/0/employees
info: System.Net.Http.HttpClient.IApiService.ClientHandler[100]
      Sending HTTP request GET http://10.10.3.159:8683/api/Departments/0/employees
info: System.Net.Http.HttpClient.IApiService.ClientHandler[101]
      Received HTTP response headers after 25.0494ms - 200
info: System.Net.Http.HttpClient.IApiService.LogicalHandler[101]
      End processing HTTP request after 28.5747ms - 200
info: Microsoft.AspNetCore.Mvc.Infrastructure.SystemTextJsonResultExecutor[1]
      Executing JsonResult, writing value of type 'System.Collections.Generic.List`1[[PhoneBook.Models.Employee, PhoneBook, Version=1.0.0.0, Culture=neutral, PublicKeyToken=null]]'.
info: Microsoft.AspNetCore.Mvc.Infrastructure.ControllerActionInvoker[105]
      Executed action PhoneBook.Controllers.HomeController.GetEmployeesByDepartment (PhoneBook) in 33.3651ms
info: Microsoft.AspNetCore.Routing.EndpointMiddleware[1]
      Executed endpoint 'PhoneBook.Controllers.HomeController.GetEmployeesByDepartment (PhoneBook)'
info: Microsoft.AspNetCore.Hosting.Diagnostics[2]
      Request finished HTTP/2 GET https://localhost:44364/Home/GetEmployeesByDepartment?departmentId=0 - 200 - application/json;+charset=utf-8 41.7915ms
info: Microsoft.AspNetCore.Hosting.Diagnostics[1]
      Request starting HTTP/2 GET https://localhost:44364/ - - -
info: Microsoft.AspNetCore.Routing.EndpointMiddleware[0]
      Executing endpoint 'PhoneBook.Controllers.HomeController.Index (PhoneBook)'
info: Microsoft.AspNetCore.Mvc.Infrastructure.ControllerActionInvoker[102]
      Route matched with {action = "Index", controller = "Home"}. Executing controller action with signature System.Threading.Tasks.Task`1[Microsoft.AspNetCore.Mvc.IActionResult] Index() on controller PhoneBook.Controllers.HomeController (PhoneBook).
info: System.Net.Http.HttpClient.IApiService.LogicalHandler[100]
      Start processing HTTP request GET http://10.10.3.159:8683/api/Departments
info: System.Net.Http.HttpClient.IApiService.ClientHandler[100]
      Sending HTTP request GET http://10.10.3.159:8683/api/Departments
info: System.Net.Http.HttpClient.IApiService.ClientHandler[101]
      Received HTTP response headers after 1.8915ms - 200
info: System.Net.Http.HttpClient.IApiService.LogicalHandler[101]
      End processing HTTP request after 5.7788ms - 200
info: Microsoft.AspNetCore.Mvc.ViewFeatures.ViewResultExecutor[1]
      Executing ViewResult, running view Index.
info: Microsoft.AspNetCore.Mvc.ViewFeatures.ViewResultExecutor[4]
      Executed ViewResult - view Index executed in 4.4534ms.
info: Microsoft.AspNetCore.Mvc.Infrastructure.ControllerActionInvoker[105]
      Executed action PhoneBook.Controllers.HomeController.Index (PhoneBook) in 13.8036ms
info: Microsoft.AspNetCore.Routing.EndpointMiddleware[1]
      Executed endpoint 'PhoneBook.Controllers.HomeController.Index (PhoneBook)'
info: Microsoft.AspNetCore.Hosting.Diagnostics[2]
      Request finished HTTP/2 GET https://localhost:44364/ - 200 - text/html;+charset=utf-8 24.1069ms
info: Microsoft.AspNetCore.Hosting.Diagnostics[1]
      Request starting HTTP/2 GET https://localhost:44364/.well-known/appspecific/com.chrome.devtools.json - - -
info: Microsoft.AspNetCore.Hosting.Diagnostics[1]
      Request starting HTTP/2 GET https://localhost:44364/_vs/browserLink - - -
info: Microsoft.AspNetCore.Hosting.Diagnostics[1]
      Request starting HTTP/2 GET https://localhost:44364/_framework/aspnetcore-browser-refresh.js - - -
info: Microsoft.AspNetCore.Hosting.Diagnostics[2]
      Request finished HTTP/2 GET https://localhost:44364/.well-known/appspecific/com.chrome.devtools.json - 404 - - 4.8397ms
info: Microsoft.AspNetCore.Hosting.Diagnostics[16]
      Request reached the end of the middleware pipeline without being handled by application code. Request path: GET https://localhost:44364/.well-known/appspecific/com.chrome.devtools.json, Response status code: 404
info: Microsoft.AspNetCore.Hosting.Diagnostics[2]
      Request finished HTTP/2 GET https://localhost:44364/_framework/aspnetcore-browser-refresh.js - 200 16503 application/javascript;+charset=utf-8 4.7417ms
info: Microsoft.AspNetCore.Hosting.Diagnostics[2]
      Request finished HTTP/2 GET https://localhost:44364/_vs/browserLink - 200 - text/javascript;+charset=UTF-8 11.0091ms
info: Microsoft.AspNetCore.Hosting.Diagnostics[1]
      Request starting HTTP/2 GET https://localhost:44364/Home/GetDepartments - - -
info: Microsoft.AspNetCore.Routing.EndpointMiddleware[0]
      Executing endpoint 'PhoneBook.Controllers.HomeController.GetDepartments (PhoneBook)'
info: Microsoft.AspNetCore.Mvc.Infrastructure.ControllerActionInvoker[102]
      Route matched with {action = "GetDepartments", controller = "Home"}. Executing controller action with signature System.Threading.Tasks.Task`1[Microsoft.AspNetCore.Mvc.IActionResult] GetDepartments() on controller PhoneBook.Controllers.HomeController (PhoneBook).
info: System.Net.Http.HttpClient.IApiService.LogicalHandler[100]
      Start processing HTTP request GET http://10.10.3.159:8683/api/Departments
info: System.Net.Http.HttpClient.IApiService.ClientHandler[100]
      Sending HTTP request GET http://10.10.3.159:8683/api/Departments
info: System.Net.Http.HttpClient.IApiService.ClientHandler[101]
      Received HTTP response headers after 2.0411ms - 200
info: System.Net.Http.HttpClient.IApiService.LogicalHandler[101]
      End processing HTTP request after 6.1646ms - 200
info: Microsoft.AspNetCore.Mvc.Infrastructure.SystemTextJsonResultExecutor[1]
      Executing JsonResult, writing value of type 'System.Linq.Enumerable+SelectListIterator`2[[PhoneBook.Models.Department, PhoneBook, Version=1.0.0.0, Culture=neutral, PublicKeyToken=null],[<>f__AnonymousType2`5[[System.Int32, System.Private.CoreLib, Version=8.0.0.0, Culture=neutral, PublicKeyToken=7cec85d7bea7798e],[System.String, System.Private.CoreLib, Version=8.0.0.0, Culture=neutral, PublicKeyToken=7cec85d7bea7798e],[System.Int32, System.Private.CoreLib, Version=8.0.0.0, Culture=neutral, PublicKeyToken=7cec85d7bea7798e],[System.Boolean, System.Private.CoreLib, Version=8.0.0.0, Culture=neutral, PublicKeyToken=7cec85d7bea7798e],[System.Collections.Generic.List`1[[System.Object, System.Private.CoreLib, Version=8.0.0.0, Culture=neutral, PublicKeyToken=7cec85d7bea7798e]], System.Private.CoreLib, Version=8.0.0.0, Culture=neutral, PublicKeyToken=7cec85d7bea7798e]], PhoneBook, Version=1.0.0.0, Culture=neutral, PublicKeyToken=null]]'.
info: Microsoft.AspNetCore.Mvc.Infrastructure.ControllerActionInvoker[105]
      Executed action PhoneBook.Controllers.HomeController.GetDepartments (PhoneBook) in 10.6791ms
info: Microsoft.AspNetCore.Routing.EndpointMiddleware[1]
      Executed endpoint 'PhoneBook.Controllers.HomeController.GetDepartments (PhoneBook)'
info: Microsoft.AspNetCore.Hosting.Diagnostics[2]
      Request finished HTTP/2 GET https://localhost:44364/Home/GetDepartments - 200 - application/json;+charset=utf-8 19.8916ms
info: Microsoft.AspNetCore.Hosting.Diagnostics[1]
      Request starting HTTP/2 POST https://localhost:44364/ - application/x-www-form-urlencoded;+charset=UTF-8 20
info: Microsoft.AspNetCore.Routing.EndpointMiddleware[0]
      Executing endpoint 'PhoneBook.Controllers.HomeController.Index (PhoneBook)'
info: Microsoft.AspNetCore.Mvc.Infrastructure.ControllerActionInvoker[102]
      Route matched with {action = "Index", controller = "Home"}. Executing controller action with signature System.Threading.Tasks.Task`1[Microsoft.AspNetCore.Mvc.IActionResult] Index() on controller PhoneBook.Controllers.HomeController (PhoneBook).
info: System.Net.Http.HttpClient.IApiService.LogicalHandler[100]
      Start processing HTTP request GET http://10.10.3.159:8683/api/Departments
info: System.Net.Http.HttpClient.IApiService.ClientHandler[100]
      Sending HTTP request GET http://10.10.3.159:8683/api/Departments
info: System.Net.Http.HttpClient.IApiService.ClientHandler[101]
      Received HTTP response headers after 2.1062ms - 200
info: System.Net.Http.HttpClient.IApiService.LogicalHandler[101]
      End processing HTTP request after 7.4668ms - 200
info: Microsoft.AspNetCore.Mvc.ViewFeatures.ViewResultExecutor[1]
      Executing ViewResult, running view Index.
info: Microsoft.AspNetCore.Mvc.ViewFeatures.ViewResultExecutor[4]
      Executed ViewResult - view Index executed in 5.5428ms.
info: Microsoft.AspNetCore.Mvc.Infrastructure.ControllerActionInvoker[105]
      Executed action PhoneBook.Controllers.HomeController.Index (PhoneBook) in 17.5995ms
info: Microsoft.AspNetCore.Routing.EndpointMiddleware[1]
      Executed endpoint 'PhoneBook.Controllers.HomeController.Index (PhoneBook)'
info: Microsoft.AspNetCore.Hosting.Diagnostics[2]
      Request finished HTTP/2 POST https://localhost:44364/ - 200 - text/html;+charset=utf-8 27.4822ms
info: Microsoft.AspNetCore.Hosting.Diagnostics[1]
      Request starting HTTP/2 GET https://localhost:44364/lib/kendo/js/kendo.all.min.js.map - - -
info: Microsoft.AspNetCore.Hosting.Diagnostics[1]
      Request starting HTTP/2 GET https://localhost:44364/lib/kendo/js/kendo.aspnetmvc.min.js.map - - -
info: Microsoft.AspNetCore.Hosting.Diagnostics[2]
      Request finished HTTP/2 GET https://localhost:44364/lib/kendo/js/kendo.all.min.js.map - 404 - - 5.2749ms
info: Microsoft.AspNetCore.Hosting.Diagnostics[16]
      Request reached the end of the middleware pipeline without being handled by application code. Request path: GET https://localhost:44364/lib/kendo/js/kendo.all.min.js.map, Response status code: 404
info: Microsoft.AspNetCore.Hosting.Diagnostics[2]
      Request finished HTTP/2 GET https://localhost:44364/lib/kendo/js/kendo.aspnetmvc.min.js.map - 404 - - 4.6416ms
info: Microsoft.AspNetCore.Hosting.Diagnostics[16]
      Request reached the end of the middleware pipeline without being handled by application code. Request path: GET https://localhost:44364/lib/kendo/js/kendo.aspnetmvc.min.js.map, Response status code: 404
info: Microsoft.AspNetCore.Hosting.Diagnostics[1]
      Request starting HTTP/2 GET https://localhost:44364/Home/GetEmployeesByDepartment?departmentId=0 - - -
info: Microsoft.AspNetCore.Routing.EndpointMiddleware[0]
      Executing endpoint 'PhoneBook.Controllers.HomeController.GetEmployeesByDepartment (PhoneBook)'
info: Microsoft.AspNetCore.Mvc.Infrastructure.ControllerActionInvoker[102]
      Route matched with {action = "GetEmployeesByDepartment", controller = "Home"}. Executing controller action with signature System.Threading.Tasks.Task`1[Microsoft.AspNetCore.Mvc.IActionResult] GetEmployeesByDepartment(Int32) on controller PhoneBook.Controllers.HomeController (PhoneBook).
info: System.Net.Http.HttpClient.IApiService.LogicalHandler[100]
      Start processing HTTP request GET http://10.10.3.159:8683/api/Departments/0/employees
info: System.Net.Http.HttpClient.IApiService.ClientHandler[100]
      Sending HTTP request GET http://10.10.3.159:8683/api/Departments/0/employees
info: System.Net.Http.HttpClient.IApiService.ClientHandler[101]
      Received HTTP response headers after 26.0933ms - 200
info: System.Net.Http.HttpClient.IApiService.LogicalHandler[101]
      End processing HTTP request after 29.6404ms - 200
info: Microsoft.AspNetCore.Mvc.Infrastructure.SystemTextJsonResultExecutor[1]
      Executing JsonResult, writing value of type 'System.Collections.Generic.List`1[[PhoneBook.Models.Employee, PhoneBook, Version=1.0.0.0, Culture=neutral, PublicKeyToken=null]]'.
info: Microsoft.AspNetCore.Mvc.Infrastructure.ControllerActionInvoker[105]
      Executed action PhoneBook.Controllers.HomeController.GetEmployeesByDepartment (PhoneBook) in 34.6897ms
info: Microsoft.AspNetCore.Routing.EndpointMiddleware[1]
      Executed endpoint 'PhoneBook.Controllers.HomeController.GetEmployeesByDepartment (PhoneBook)'
info: Microsoft.AspNetCore.Hosting.Diagnostics[1]
      Request starting HTTP/2 GET https://localhost:44364/Home/GetEmployeesByDepartment?departmentId=0 - - -
info: Microsoft.AspNetCore.Hosting.Diagnostics[2]
      Request finished HTTP/2 GET https://localhost:44364/Home/GetEmployeesByDepartment?departmentId=0 - 200 - application/json;+charset=utf-8 43.4948ms
info: Microsoft.AspNetCore.Routing.EndpointMiddleware[0]
      Executing endpoint 'PhoneBook.Controllers.HomeController.GetEmployeesByDepartment (PhoneBook)'
info: Microsoft.AspNetCore.Mvc.Infrastructure.ControllerActionInvoker[102]
      Route matched with {action = "GetEmployeesByDepartment", controller = "Home"}. Executing controller action with signature System.Threading.Tasks.Task`1[Microsoft.AspNetCore.Mvc.IActionResult] GetEmployeesByDepartment(Int32) on controller PhoneBook.Controllers.HomeController (PhoneBook).
info: System.Net.Http.HttpClient.IApiService.LogicalHandler[100]
      Start processing HTTP request GET http://10.10.3.159:8683/api/Departments/0/employees
info: System.Net.Http.HttpClient.IApiService.ClientHandler[100]
      Sending HTTP request GET http://10.10.3.159:8683/api/Departments/0/employees
info: System.Net.Http.HttpClient.IApiService.ClientHandler[101]
      Received HTTP response headers after 25.7093ms - 200
info: System.Net.Http.HttpClient.IApiService.LogicalHandler[101]
      End processing HTTP request after 29.2675ms - 200
info: Microsoft.AspNetCore.Mvc.Infrastructure.SystemTextJsonResultExecutor[1]
      Executing JsonResult, writing value of type 'System.Collections.Generic.List`1[[PhoneBook.Models.Employee, PhoneBook, Version=1.0.0.0, Culture=neutral, PublicKeyToken=null]]'.
info: Microsoft.AspNetCore.Mvc.Infrastructure.ControllerActionInvoker[105]
      Executed action PhoneBook.Controllers.HomeController.GetEmployeesByDepartment (PhoneBook) in 34.2959ms
info: Microsoft.AspNetCore.Routing.EndpointMiddleware[1]
      Executed endpoint 'PhoneBook.Controllers.HomeController.GetEmployeesByDepartment (PhoneBook)'
info: Microsoft.AspNetCore.Hosting.Diagnostics[2]
      Request finished HTTP/2 GET https://localhost:44364/Home/GetEmployeesByDepartment?departmentId=0 - 200 - application/json;+charset=utf-8 43.1456ms
info: Microsoft.AspNetCore.Hosting.Diagnostics[1]
      Request starting HTTP/2 GET https://localhost:44364/Home/GetEmployeesByDepartment?departmentId=0 - - -
info: Microsoft.AspNetCore.Routing.EndpointMiddleware[0]
      Executing endpoint 'PhoneBook.Controllers.HomeController.GetEmployeesByDepartment (PhoneBook)'
info: Microsoft.AspNetCore.Mvc.Infrastructure.ControllerActionInvoker[102]
      Route matched with {action = "GetEmployeesByDepartment", controller = "Home"}. Executing controller action with signature System.Threading.Tasks.Task`1[Microsoft.AspNetCore.Mvc.IActionResult] GetEmployeesByDepartment(Int32) on controller PhoneBook.Controllers.HomeController (PhoneBook).
info: System.Net.Http.HttpClient.IApiService.LogicalHandler[100]
      Start processing HTTP request GET http://10.10.3.159:8683/api/Departments/0/employees
info: System.Net.Http.HttpClient.IApiService.ClientHandler[100]
      Sending HTTP request GET http://10.10.3.159:8683/api/Departments/0/employees
info: System.Net.Http.HttpClient.IApiService.ClientHandler[101]
      Received HTTP response headers after 20.7913ms - 200
info: System.Net.Http.HttpClient.IApiService.LogicalHandler[101]
      End processing HTTP request after 24.3413ms - 200
info: Microsoft.AspNetCore.Mvc.Infrastructure.SystemTextJsonResultExecutor[1]
      Executing JsonResult, writing value of type 'System.Collections.Generic.List`1[[PhoneBook.Models.Employee, PhoneBook, Version=1.0.0.0, Culture=neutral, PublicKeyToken=null]]'.
info: Microsoft.AspNetCore.Mvc.Infrastructure.ControllerActionInvoker[105]
      Executed action PhoneBook.Controllers.HomeController.GetEmployeesByDepartment (PhoneBook) in 29.445ms
info: Microsoft.AspNetCore.Routing.EndpointMiddleware[1]
      Executed endpoint 'PhoneBook.Controllers.HomeController.GetEmployeesByDepartment (PhoneBook)'
info: Microsoft.AspNetCore.Hosting.Diagnostics[2]
      Request finished HTTP/2 GET https://localhost:44364/Home/GetEmployeesByDepartment?departmentId=0 - 200 - application/json;+charset=utf-8 36.2480ms
info: Microsoft.AspNetCore.Hosting.Diagnostics[1]
      Request starting HTTP/2 POST https://localhost:44364/Account/Logout - application/x-www-form-urlencoded 225
info: Microsoft.AspNetCore.Routing.EndpointMiddleware[0]
      Executing endpoint 'PhoneBook.Controllers.AccountController.Logout (PhoneBook)'
info: Microsoft.AspNetCore.Mvc.Infrastructure.ControllerActionInvoker[102]
      Route matched with {action = "Logout", controller = "Account"}. Executing controller action with signature System.Threading.Tasks.Task`1[Microsoft.AspNetCore.Mvc.IActionResult] Logout() on controller PhoneBook.Controllers.AccountController (PhoneBook).
info: Microsoft.AspNetCore.Authentication.Cookies.CookieAuthenticationHandler[11]
      AuthenticationScheme: Cookies signed out.
info: Microsoft.AspNetCore.Mvc.RedirectToActionResult[1]
      Executing RedirectResult, redirecting to /Account/Login.
info: Microsoft.AspNetCore.Mvc.Infrastructure.ControllerActionInvoker[105]
      Executed action PhoneBook.Controllers.AccountController.Logout (PhoneBook) in 2.7488ms
info: Microsoft.AspNetCore.Routing.EndpointMiddleware[1]
      Executed endpoint 'PhoneBook.Controllers.AccountController.Logout (PhoneBook)'
info: Microsoft.AspNetCore.Hosting.Diagnostics[2]
      Request finished HTTP/2 POST https://localhost:44364/Account/Logout - 302 - - 12.2326ms
info: Microsoft.AspNetCore.Hosting.Diagnostics[1]
      Request starting HTTP/2 GET https://localhost:44364/Account/Login - - -
info: Microsoft.AspNetCore.Routing.EndpointMiddleware[0]
      Executing endpoint 'PhoneBook.Controllers.AccountController.Login (PhoneBook)'
info: Microsoft.AspNetCore.Mvc.Infrastructure.ControllerActionInvoker[102]
      Route matched with {action = "Login", controller = "Account"}. Executing controller action with signature Microsoft.AspNetCore.Mvc.IActionResult Login(System.String) on controller PhoneBook.Controllers.AccountController (PhoneBook).
info: Microsoft.AspNetCore.Mvc.ViewFeatures.ViewResultExecutor[1]
      Executing ViewResult, running view Login.
info: Microsoft.AspNetCore.Mvc.ViewFeatures.ViewResultExecutor[4]
      Executed ViewResult - view Login executed in 2.5094ms.
info: Microsoft.AspNetCore.Mvc.Infrastructure.ControllerActionInvoker[105]
      Executed action PhoneBook.Controllers.AccountController.Login (PhoneBook) in 3.9235ms
info: Microsoft.AspNetCore.Routing.EndpointMiddleware[1]
      Executed endpoint 'PhoneBook.Controllers.AccountController.Login (PhoneBook)'
info: Microsoft.AspNetCore.Hosting.Diagnostics[2]
      Request finished HTTP/2 GET https://localhost:44364/Account/Login - 200 - text/html;+charset=utf-8 11.8641ms
info: Microsoft.AspNetCore.Hosting.Diagnostics[1]
      Request starting HTTP/2 GET https://localhost:44364/.well-known/appspecific/com.chrome.devtools.json - - -
info: Microsoft.AspNetCore.Hosting.Diagnostics[1]
      Request starting HTTP/2 GET https://localhost:44364/_vs/browserLink - - -
info: Microsoft.AspNetCore.Hosting.Diagnostics[1]
      Request starting HTTP/2 GET https://localhost:44364/_framework/aspnetcore-browser-refresh.js - - -
info: Microsoft.AspNetCore.Hosting.Diagnostics[2]
      Request finished HTTP/2 GET https://localhost:44364/.well-known/appspecific/com.chrome.devtools.json - 404 - - 4.7369ms
info: Microsoft.AspNetCore.Hosting.Diagnostics[16]
      Request reached the end of the middleware pipeline without being handled by application code. Request path: GET https://localhost:44364/.well-known/appspecific/com.chrome.devtools.json, Response status code: 404
info: Microsoft.AspNetCore.Hosting.Diagnostics[2]
      Request finished HTTP/2 GET https://localhost:44364/_framework/aspnetcore-browser-refresh.js - 200 16503 application/javascript;+charset=utf-8 5.3534ms
info: Microsoft.AspNetCore.Hosting.Diagnostics[2]
      Request finished HTTP/2 GET https://localhost:44364/_vs/browserLink - 200 - text/javascript;+charset=UTF-8 15.0619ms
info: Microsoft.AspNetCore.Hosting.Diagnostics[1]
      Request starting HTTP/2 POST https://localhost:44364/Account/Login - application/x-www-form-urlencoded 245
info: Microsoft.AspNetCore.Routing.EndpointMiddleware[0]
      Executing endpoint 'PhoneBook.Controllers.AccountController.Login (PhoneBook)'
info: Microsoft.AspNetCore.Mvc.Infrastructure.ControllerActionInvoker[102]
      Route matched with {action = "Login", controller = "Account"}. Executing controller action with signature System.Threading.Tasks.Task`1[Microsoft.AspNetCore.Mvc.IActionResult] Login(PhoneBook.Models.LoginViewModel, System.String) on controller PhoneBook.Controllers.AccountController (PhoneBook).
info: System.Net.Http.HttpClient.IApiService.LogicalHandler[100]
      Start processing HTTP request POST http://10.10.3.159:8683/api/Auth/login
info: System.Net.Http.HttpClient.IApiService.ClientHandler[100]
      Sending HTTP request POST http://10.10.3.159:8683/api/Auth/login
info: System.Net.Http.HttpClient.IApiService.ClientHandler[101]
      Received HTTP response headers after 1.3918ms - 200
info: System.Net.Http.HttpClient.IApiService.LogicalHandler[101]
      End processing HTTP request after 5.3717ms - 200
info: System.Net.Http.HttpClient.IApiService.LogicalHandler[100]
      Start processing HTTP request POST http://10.10.3.159:8683/api/Account/login
info: System.Net.Http.HttpClient.IApiService.ClientHandler[100]
      Sending HTTP request POST http://10.10.3.159:8683/api/Account/login
info: System.Net.Http.HttpClient.IApiService.ClientHandler[101]
      Received HTTP response headers after 2.8725ms - 200
info: System.Net.Http.HttpClient.IApiService.LogicalHandler[101]
      End processing HTTP request after 6.4463ms - 200
info: Microsoft.AspNetCore.Authentication.Cookies.CookieAuthenticationHandler[10]
      AuthenticationScheme: Cookies signed in.
info: Microsoft.AspNetCore.Mvc.RedirectToActionResult[1]
      Executing RedirectResult, redirecting to /.
info: Microsoft.AspNetCore.Mvc.Infrastructure.ControllerActionInvoker[105]
      Executed action PhoneBook.Controllers.AccountController.Login (PhoneBook) in 18.3704ms
info: Microsoft.AspNetCore.Routing.EndpointMiddleware[1]
      Executed endpoint 'PhoneBook.Controllers.AccountController.Login (PhoneBook)'
info: Microsoft.AspNetCore.Hosting.Diagnostics[2]
      Request finished HTTP/2 POST https://localhost:44364/Account/Login - 302 - - 28.2053ms
info: Microsoft.AspNetCore.Hosting.Diagnostics[1]
      Request starting HTTP/2 GET https://localhost:44364/ - - -
info: Microsoft.AspNetCore.Routing.EndpointMiddleware[0]
      Executing endpoint 'PhoneBook.Controllers.HomeController.Index (PhoneBook)'
info: Microsoft.AspNetCore.Mvc.Infrastructure.ControllerActionInvoker[102]
      Route matched with {action = "Index", controller = "Home"}. Executing controller action with signature System.Threading.Tasks.Task`1[Microsoft.AspNetCore.Mvc.IActionResult] Index() on controller PhoneBook.Controllers.HomeController (PhoneBook).
info: System.Net.Http.HttpClient.IApiService.LogicalHandler[100]
      Start processing HTTP request GET http://10.10.3.159:8683/api/Departments
info: System.Net.Http.HttpClient.IApiService.ClientHandler[100]
      Sending HTTP request GET http://10.10.3.159:8683/api/Departments
info: System.Net.Http.HttpClient.IApiService.ClientHandler[101]
      Received HTTP response headers after 1.523ms - 200
info: System.Net.Http.HttpClient.IApiService.LogicalHandler[101]
      End processing HTTP request after 5.0141ms - 200
info: Microsoft.AspNetCore.Mvc.ViewFeatures.ViewResultExecutor[1]
      Executing ViewResult, running view Index.
info: Microsoft.AspNetCore.Mvc.ViewFeatures.ViewResultExecutor[4]
      Executed ViewResult - view Index executed in 4.3856ms.
info: Microsoft.AspNetCore.Mvc.Infrastructure.ControllerActionInvoker[105]
      Executed action PhoneBook.Controllers.HomeController.Index (PhoneBook) in 12.9889ms
info: Microsoft.AspNetCore.Routing.EndpointMiddleware[1]
      Executed endpoint 'PhoneBook.Controllers.HomeController.Index (PhoneBook)'
info: Microsoft.AspNetCore.Hosting.Diagnostics[2]
      Request finished HTTP/2 GET https://localhost:44364/ - 200 - text/html;+charset=utf-8 21.0171ms
info: Microsoft.AspNetCore.Hosting.Diagnostics[1]
      Request starting HTTP/2 GET https://localhost:44364/.well-known/appspecific/com.chrome.devtools.json - - -
info: Microsoft.AspNetCore.Hosting.Diagnostics[1]
      Request starting HTTP/2 GET https://localhost:44364/_vs/browserLink - - -
info: Microsoft.AspNetCore.Hosting.Diagnostics[1]
      Request starting HTTP/2 GET https://localhost:44364/_framework/aspnetcore-browser-refresh.js - - -
info: Microsoft.AspNetCore.Hosting.Diagnostics[2]
      Request finished HTTP/2 GET https://localhost:44364/.well-known/appspecific/com.chrome.devtools.json - 404 - - 5.5661ms
info: Microsoft.AspNetCore.Hosting.Diagnostics[2]
      Request finished HTTP/2 GET https://localhost:44364/_framework/aspnetcore-browser-refresh.js - 200 16503 application/javascript;+charset=utf-8 3.4856ms
info: Microsoft.AspNetCore.Hosting.Diagnostics[16]
      Request reached the end of the middleware pipeline without being handled by application code. Request path: GET https://localhost:44364/.well-known/appspecific/com.chrome.devtools.json, Response status code: 404
info: Microsoft.AspNetCore.Hosting.Diagnostics[2]
      Request finished HTTP/2 GET https://localhost:44364/_vs/browserLink - 200 - text/javascript;+charset=UTF-8 11.6890ms
info: Microsoft.AspNetCore.Hosting.Diagnostics[1]
      Request starting HTTP/2 GET https://localhost:44364/Home/GetDepartments - - -
info: Microsoft.AspNetCore.Routing.EndpointMiddleware[0]
      Executing endpoint 'PhoneBook.Controllers.HomeController.GetDepartments (PhoneBook)'
info: Microsoft.AspNetCore.Mvc.Infrastructure.ControllerActionInvoker[102]
      Route matched with {action = "GetDepartments", controller = "Home"}. Executing controller action with signature System.Threading.Tasks.Task`1[Microsoft.AspNetCore.Mvc.IActionResult] GetDepartments() on controller PhoneBook.Controllers.HomeController (PhoneBook).
info: System.Net.Http.HttpClient.IApiService.LogicalHandler[100]
      Start processing HTTP request GET http://10.10.3.159:8683/api/Departments
info: System.Net.Http.HttpClient.IApiService.ClientHandler[100]
      Sending HTTP request GET http://10.10.3.159:8683/api/Departments
info: System.Net.Http.HttpClient.IApiService.ClientHandler[101]
      Received HTTP response headers after 1.9459ms - 200
info: System.Net.Http.HttpClient.IApiService.LogicalHandler[101]
      End processing HTTP request after 7.8195ms - 200
info: Microsoft.AspNetCore.Mvc.Infrastructure.SystemTextJsonResultExecutor[1]
      Executing JsonResult, writing value of type 'System.Linq.Enumerable+SelectListIterator`2[[PhoneBook.Models.Department, PhoneBook, Version=1.0.0.0, Culture=neutral, PublicKeyToken=null],[<>f__AnonymousType2`5[[System.Int32, System.Private.CoreLib, Version=8.0.0.0, Culture=neutral, PublicKeyToken=7cec85d7bea7798e],[System.String, System.Private.CoreLib, Version=8.0.0.0, Culture=neutral, PublicKeyToken=7cec85d7bea7798e],[System.Int32, System.Private.CoreLib, Version=8.0.0.0, Culture=neutral, PublicKeyToken=7cec85d7bea7798e],[System.Boolean, System.Private.CoreLib, Version=8.0.0.0, Culture=neutral, PublicKeyToken=7cec85d7bea7798e],[System.Collections.Generic.List`1[[System.Object, System.Private.CoreLib, Version=8.0.0.0, Culture=neutral, PublicKeyToken=7cec85d7bea7798e]], System.Private.CoreLib, Version=8.0.0.0, Culture=neutral, PublicKeyToken=7cec85d7bea7798e]], PhoneBook, Version=1.0.0.0, Culture=neutral, PublicKeyToken=null]]'.
info: Microsoft.AspNetCore.Mvc.Infrastructure.ControllerActionInvoker[105]
      Executed action PhoneBook.Controllers.HomeController.GetDepartments (PhoneBook) in 13.4252ms
info: Microsoft.AspNetCore.Routing.EndpointMiddleware[1]
      Executed endpoint 'PhoneBook.Controllers.HomeController.GetDepartments (PhoneBook)'
info: Microsoft.AspNetCore.Hosting.Diagnostics[1]
      Request starting HTTP/2 POST https://localhost:44364/ - application/x-www-form-urlencoded;+charset=UTF-8 20
info: Microsoft.AspNetCore.Hosting.Diagnostics[2]
      Request finished HTTP/2 GET https://localhost:44364/Home/GetDepartments - 200 - application/json;+charset=utf-8 24.0471ms
info: Microsoft.AspNetCore.Routing.EndpointMiddleware[0]
      Executing endpoint 'PhoneBook.Controllers.HomeController.Index (PhoneBook)'
info: Microsoft.AspNetCore.Mvc.Infrastructure.ControllerActionInvoker[102]
      Route matched with {action = "Index", controller = "Home"}. Executing controller action with signature System.Threading.Tasks.Task`1[Microsoft.AspNetCore.Mvc.IActionResult] Index() on controller PhoneBook.Controllers.HomeController (PhoneBook).
info: System.Net.Http.HttpClient.IApiService.LogicalHandler[100]
      Start processing HTTP request GET http://10.10.3.159:8683/api/Departments
info: System.Net.Http.HttpClient.IApiService.ClientHandler[100]
      Sending HTTP request GET http://10.10.3.159:8683/api/Departments
info: System.Net.Http.HttpClient.IApiService.ClientHandler[101]
      Received HTTP response headers after 2.1114ms - 200
info: System.Net.Http.HttpClient.IApiService.LogicalHandler[101]
      End processing HTTP request after 7.7874ms - 200
info: Microsoft.AspNetCore.Mvc.ViewFeatures.ViewResultExecutor[1]
      Executing ViewResult, running view Index.
info: Microsoft.AspNetCore.Hosting.Diagnostics[1]
      Request starting HTTP/2 GET https://localhost:44364/lib/kendo/js/kendo.all.min.js.map - - -
info: Microsoft.AspNetCore.Hosting.Diagnostics[1]
      Request starting HTTP/2 GET https://localhost:44364/lib/kendo/js/kendo.aspnetmvc.min.js.map - - -
info: Microsoft.AspNetCore.Hosting.Diagnostics[2]
      Request finished HTTP/2 GET https://localhost:44364/lib/kendo/js/kendo.all.min.js.map - 404 - - 3.7730ms
info: Microsoft.AspNetCore.Hosting.Diagnostics[16]
      Request reached the end of the middleware pipeline without being handled by application code. Request path: GET https://localhost:44364/lib/kendo/js/kendo.all.min.js.map, Response status code: 404
info: Microsoft.AspNetCore.Hosting.Diagnostics[2]
      Request finished HTTP/2 GET https://localhost:44364/lib/kendo/js/kendo.aspnetmvc.min.js.map - 404 - - 3.7187ms
info: Microsoft.AspNetCore.Mvc.ViewFeatures.ViewResultExecutor[4]
      Executed ViewResult - view Index executed in 8.466ms.
info: Microsoft.AspNetCore.Hosting.Diagnostics[16]
      Request reached the end of the middleware pipeline without being handled by application code. Request path: GET https://localhost:44364/lib/kendo/js/kendo.aspnetmvc.min.js.map, Response status code: 404
info: Microsoft.AspNetCore.Mvc.Infrastructure.ControllerActionInvoker[105]
      Executed action PhoneBook.Controllers.HomeController.Index (PhoneBook) in 23.2341ms
info: Microsoft.AspNetCore.Routing.EndpointMiddleware[1]
      Executed endpoint 'PhoneBook.Controllers.HomeController.Index (PhoneBook)'
info: Microsoft.AspNetCore.Hosting.Diagnostics[2]
      Request finished HTTP/2 POST https://localhost:44364/ - 200 - text/html;+charset=utf-8 37.0796ms
info: Microsoft.AspNetCore.Hosting.Diagnostics[1]
      Request starting HTTP/2 GET https://localhost:44364/Home/GetEmployeesByDepartment?departmentId=0 - - -
info: Microsoft.AspNetCore.Routing.EndpointMiddleware[0]
      Executing endpoint 'PhoneBook.Controllers.HomeController.GetEmployeesByDepartment (PhoneBook)'
info: Microsoft.AspNetCore.Mvc.Infrastructure.ControllerActionInvoker[102]
      Route matched with {action = "GetEmployeesByDepartment", controller = "Home"}. Executing controller action with signature System.Threading.Tasks.Task`1[Microsoft.AspNetCore.Mvc.IActionResult] GetEmployeesByDepartment(Int32) on controller PhoneBook.Controllers.HomeController (PhoneBook).
info: System.Net.Http.HttpClient.IApiService.LogicalHandler[100]
      Start processing HTTP request GET http://10.10.3.159:8683/api/Departments/0/employees
info: System.Net.Http.HttpClient.IApiService.ClientHandler[100]
      Sending HTTP request GET http://10.10.3.159:8683/api/Departments/0/employees
info: System.Net.Http.HttpClient.IApiService.ClientHandler[101]
      Received HTTP response headers after 25.9983ms - 200
info: System.Net.Http.HttpClient.IApiService.LogicalHandler[101]
      End processing HTTP request after 29.6629ms - 200
info: Microsoft.AspNetCore.Mvc.Infrastructure.SystemTextJsonResultExecutor[1]
      Executing JsonResult, writing value of type 'System.Collections.Generic.List`1[[PhoneBook.Models.Employee, PhoneBook, Version=1.0.0.0, Culture=neutral, PublicKeyToken=null]]'.
info: Microsoft.AspNetCore.Mvc.Infrastructure.ControllerActionInvoker[105]
      Executed action PhoneBook.Controllers.HomeController.GetEmployeesByDepartment (PhoneBook) in 34.5753ms
info: Microsoft.AspNetCore.Routing.EndpointMiddleware[1]
      Executed endpoint 'PhoneBook.Controllers.HomeController.GetEmployeesByDepartment (PhoneBook)'
info: Microsoft.AspNetCore.Hosting.Diagnostics[1]
      Request starting HTTP/2 GET https://localhost:44364/Home/GetEmployeesByDepartment?departmentId=0 - - -
info: Microsoft.AspNetCore.Hosting.Diagnostics[2]
      Request finished HTTP/2 GET https://localhost:44364/Home/GetEmployeesByDepartment?departmentId=0 - 200 - application/json;+charset=utf-8 43.4214ms
info: Microsoft.AspNetCore.Routing.EndpointMiddleware[0]
      Executing endpoint 'PhoneBook.Controllers.HomeController.GetEmployeesByDepartment (PhoneBook)'
info: Microsoft.AspNetCore.Mvc.Infrastructure.ControllerActionInvoker[102]
      Route matched with {action = "GetEmployeesByDepartment", controller = "Home"}. Executing controller action with signature System.Threading.Tasks.Task`1[Microsoft.AspNetCore.Mvc.IActionResult] GetEmployeesByDepartment(Int32) on controller PhoneBook.Controllers.HomeController (PhoneBook).
info: System.Net.Http.HttpClient.IApiService.LogicalHandler[100]
      Start processing HTTP request GET http://10.10.3.159:8683/api/Departments/0/employees
info: System.Net.Http.HttpClient.IApiService.ClientHandler[100]
      Sending HTTP request GET http://10.10.3.159:8683/api/Departments/0/employees
info: System.Net.Http.HttpClient.IApiService.ClientHandler[101]
      Received HTTP response headers after 24.4569ms - 200
info: System.Net.Http.HttpClient.IApiService.LogicalHandler[101]
      End processing HTTP request after 28.5013ms - 200
info: Microsoft.AspNetCore.Mvc.Infrastructure.SystemTextJsonResultExecutor[1]
      Executing JsonResult, writing value of type 'System.Collections.Generic.List`1[[PhoneBook.Models.Employee, PhoneBook, Version=1.0.0.0, Culture=neutral, PublicKeyToken=null]]'.
info: Microsoft.AspNetCore.Mvc.Infrastructure.ControllerActionInvoker[105]
      Executed action PhoneBook.Controllers.HomeController.GetEmployeesByDepartment (PhoneBook) in 33.486ms
info: Microsoft.AspNetCore.Routing.EndpointMiddleware[1]
      Executed endpoint 'PhoneBook.Controllers.HomeController.GetEmployeesByDepartment (PhoneBook)'
info: Microsoft.AspNetCore.Hosting.Diagnostics[2]
      Request finished HTTP/2 GET https://localhost:44364/Home/GetEmployeesByDepartment?departmentId=0 - 200 - application/json;+charset=utf-8 42.1345ms
info: Microsoft.AspNetCore.Hosting.Diagnostics[1]
      Request starting HTTP/2 GET https://localhost:44364/Home/GetEmployeesByDepartment?departmentId=0 - - -
info: Microsoft.AspNetCore.Routing.EndpointMiddleware[0]
      Executing endpoint 'PhoneBook.Controllers.HomeController.GetEmployeesByDepartment (PhoneBook)'
info: Microsoft.AspNetCore.Mvc.Infrastructure.ControllerActionInvoker[102]
      Route matched with {action = "GetEmployeesByDepartment", controller = "Home"}. Executing controller action with signature System.Threading.Tasks.Task`1[Microsoft.AspNetCore.Mvc.IActionResult] GetEmployeesByDepartment(Int32) on controller PhoneBook.Controllers.HomeController (PhoneBook).
info: System.Net.Http.HttpClient.IApiService.LogicalHandler[100]
      Start processing HTTP request GET http://10.10.3.159:8683/api/Departments/0/employees
info: System.Net.Http.HttpClient.IApiService.ClientHandler[100]
      Sending HTTP request GET http://10.10.3.159:8683/api/Departments/0/employees
info: System.Net.Http.HttpClient.IApiService.ClientHandler[101]
      Received HTTP response headers after 24.6642ms - 200
info: System.Net.Http.HttpClient.IApiService.LogicalHandler[101]
      End processing HTTP request after 28.2ms - 200
info: Microsoft.AspNetCore.Mvc.Infrastructure.SystemTextJsonResultExecutor[1]
      Executing JsonResult, writing value of type 'System.Collections.Generic.List`1[[PhoneBook.Models.Employee, PhoneBook, Version=1.0.0.0, Culture=neutral, PublicKeyToken=null]]'.
info: Microsoft.AspNetCore.Mvc.Infrastructure.ControllerActionInvoker[105]
      Executed action PhoneBook.Controllers.HomeController.GetEmployeesByDepartment (PhoneBook) in 32.943ms
info: Microsoft.AspNetCore.Routing.EndpointMiddleware[1]
      Executed endpoint 'PhoneBook.Controllers.HomeController.GetEmployeesByDepartment (PhoneBook)'
info: Microsoft.AspNetCore.Hosting.Diagnostics[2]
      Request finished HTTP/2 GET https://localhost:44364/Home/GetEmployeesByDepartment?departmentId=0 - 200 - application/json;+charset=utf-8 41.2413ms
info: Microsoft.AspNetCore.Hosting.Diagnostics[1]
      Request starting HTTP/2 GET https://localhost:44364/Home/GetEmployeesByDepartment?departmentId=236 - - -
info: Microsoft.AspNetCore.Routing.EndpointMiddleware[0]
      Executing endpoint 'PhoneBook.Controllers.HomeController.GetEmployeesByDepartment (PhoneBook)'
info: Microsoft.AspNetCore.Mvc.Infrastructure.ControllerActionInvoker[102]
      Route matched with {action = "GetEmployeesByDepartment", controller = "Home"}. Executing controller action with signature System.Threading.Tasks.Task`1[Microsoft.AspNetCore.Mvc.IActionResult] GetEmployeesByDepartment(Int32) on controller PhoneBook.Controllers.HomeController (PhoneBook).
info: System.Net.Http.HttpClient.IApiService.LogicalHandler[100]
      Start processing HTTP request GET http://10.10.3.159:8683/api/Departments/236/employees
info: System.Net.Http.HttpClient.IApiService.ClientHandler[100]
      Sending HTTP request GET http://10.10.3.159:8683/api/Departments/236/employees
info: System.Net.Http.HttpClient.IApiService.ClientHandler[101]
      Received HTTP response headers after 308.9295ms - 200
info: System.Net.Http