info: Microsoft.AspNetCore.DataProtection.KeyManagement.XmlKeyManager[63]
      User profile is available. Using 'C:\Users\Admin\AppData\Local\ASP.NET\DataProtection-Keys' as key repository and Windows DPAPI to encrypt keys at rest.
info: Microsoft.Hosting.Lifetime[0]
      Application started. Press Ctrl+C to shut down.
info: Microsoft.Hosting.Lifetime[0]
      Hosting environment: Development
info: Microsoft.Hosting.Lifetime[0]
      Content root path: C:\Users\Admin\Documents\GitHub\PhoneBookV2\PhoneBook\PhoneBook
info: Microsoft.AspNetCore.Hosting.Diagnostics[1]
      Request starting HTTP/2 GET https://localhost:44364/ - - -
info: Microsoft.AspNetCore.Routing.EndpointMiddleware[0]
      Executing endpoint 'PhoneBook.Controllers.HomeController.Index (PhoneBook)'
info: Microsoft.AspNetCore.Mvc.Infrastructure.ControllerActionInvoker[102]
      Route matched with {action = "Index", controller = "Home"}. Executing controller action with signature System.Threading.Tasks.Task`1[Microsoft.AspNetCore.Mvc.IActionResult] Index() on controller PhoneBook.Controllers.HomeController (PhoneBook).
info: Microsoft.AspNetCore.Session.DistributedSession[2]
      Accessing expired session, Key:0b7b17f4-13dc-1fdd-963a-81a76f4dcb6d
info: System.Net.Http.HttpClient.IApiService.LogicalHandler[100]
      Start processing HTTP request GET http://10.10.3.159:8683/api/Departments
info: System.Net.Http.HttpClient.IApiService.ClientHandler[100]
      Sending HTTP request GET http://10.10.3.159:8683/api/Departments
info: System.Net.Http.HttpClient.IApiService.ClientHandler[101]
      Received HTTP response headers after 9.9106ms - 200
info: System.Net.Http.HttpClient.IApiService.LogicalHandler[101]
      End processing HTTP request after 24.0316ms - 200
info: Microsoft.AspNetCore.Mvc.ViewFeatures.ViewResultExecutor[1]
      Executing ViewResult, running view Index.
info: Microsoft.AspNetCore.Mvc.ViewFeatures.ViewResultExecutor[4]
      Executed ViewResult - view Index executed in 202.7511ms.
info: Microsoft.AspNetCore.Mvc.Infrastructure.ControllerActionInvoker[105]
      Executed action PhoneBook.Controllers.HomeController.Index (PhoneBook) in 283.2342ms
info: Microsoft.AspNetCore.Routing.EndpointMiddleware[1]
      Executed endpoint 'PhoneBook.Controllers.HomeController.Index (PhoneBook)'
info: Microsoft.AspNetCore.Session.DistributedSession[3]
      Session started; Key:0b7b17f4-13dc-1fdd-963a-81a76f4dcb6d, Id:2f706aa6-2f9b-8127-d171-0be2d94c663f
info: Microsoft.AspNetCore.Hosting.Diagnostics[1]
      Request starting HTTP/2 GET https://localhost:44364/_framework/aspnetcore-browser-refresh.js - - -
info: Microsoft.AspNetCore.Hosting.Diagnostics[1]
      Request starting HTTP/2 GET https://localhost:44364/_vs/browserLink - - -
info: Microsoft.AspNetCore.Hosting.Diagnostics[2]
      Request finished HTTP/2 GET https://localhost:44364/ - 200 - text/html;+charset=utf-8 419.0476ms
info: Microsoft.AspNetCore.Hosting.Diagnostics[2]
      Request finished HTTP/2 GET https://localhost:44364/_framework/aspnetcore-browser-refresh.js - 200 16503 application/javascript;+charset=utf-8 6.9840ms
info: Microsoft.AspNetCore.Hosting.Diagnostics[2]
      Request finished HTTP/2 GET https://localhost:44364/_vs/browserLink - 200 - text/javascript;+charset=UTF-8 26.5369ms
info: Microsoft.AspNetCore.Hosting.Diagnostics[1]
      Request starting HTTP/2 GET https://localhost:44364/Home/GetDepartments - - -
info: Microsoft.AspNetCore.Routing.EndpointMiddleware[0]
      Executing endpoint 'PhoneBook.Controllers.HomeController.GetDepartments (PhoneBook)'
info: Microsoft.AspNetCore.Mvc.Infrastructure.ControllerActionInvoker[102]
      Route matched with {action = "GetDepartments", controller = "Home"}. Executing controller action with signature System.Threading.Tasks.Task`1[Microsoft.AspNetCore.Mvc.IActionResult] GetDepartments() on controller PhoneBook.Controllers.HomeController (PhoneBook).
info: System.Net.Http.HttpClient.IApiService.LogicalHandler[100]
      Start processing HTTP request GET http://10.10.3.159:8683/api/Departments
info: System.Net.Http.HttpClient.IApiService.ClientHandler[100]
      Sending HTTP request GET http://10.10.3.159:8683/api/Departments
info: System.Net.Http.HttpClient.IApiService.ClientHandler[101]
      Received HTTP response headers after 2.4386ms - 200
info: System.Net.Http.HttpClient.IApiService.LogicalHandler[101]
      End processing HTTP request after 6.2659ms - 200
info: Microsoft.AspNetCore.Hosting.Diagnostics[1]
      Request starting HTTP/2 GET https://localhost:44364/Home/GetAllEmployees?sort=&group=&filter= - - -
info: Microsoft.AspNetCore.Mvc.Infrastructure.SystemTextJsonResultExecutor[1]
      Executing JsonResult, writing value of type 'System.Linq.Enumerable+SelectListIterator`2[[PhoneBook.Models.Department, PhoneBook, Version=1.0.0.0, Culture=neutral, PublicKeyToken=null],[<>f__AnonymousType2`5[[System.Int32, System.Private.CoreLib, Version=8.0.0.0, Culture=neutral, PublicKeyToken=7cec85d7bea7798e],[System.String, System.Private.CoreLib, Version=8.0.0.0, Culture=neutral, PublicKeyToken=7cec85d7bea7798e],[System.Int32, System.Private.CoreLib, Version=8.0.0.0, Culture=neutral, PublicKeyToken=7cec85d7bea7798e],[System.Boolean, System.Private.CoreLib, Version=8.0.0.0, Culture=neutral, PublicKeyToken=7cec85d7bea7798e],[System.Collections.Generic.List`1[[System.Object, System.Private.CoreLib, Version=8.0.0.0, Culture=neutral, PublicKeyToken=7cec85d7bea7798e]], System.Private.CoreLib, Version=8.0.0.0, Culture=neutral, PublicKeyToken=7cec85d7bea7798e]], PhoneBook, Version=1.0.0.0, Culture=neutral, PublicKeyToken=null]]'.
info: Microsoft.AspNetCore.Routing.EndpointMiddleware[0]
      Executing endpoint 'PhoneBook.Controllers.HomeController.GetAllEmployees (PhoneBook)'
info: Microsoft.AspNetCore.Mvc.Infrastructure.ControllerActionInvoker[102]
      Route matched with {action = "GetAllEmployees", controller = "Home"}. Executing controller action with signature System.Threading.Tasks.Task`1[Microsoft.AspNetCore.Mvc.IActionResult] GetAllEmployees() on controller PhoneBook.Controllers.HomeController (PhoneBook).
info: System.Net.Http.HttpClient.IApiService.LogicalHandler[100]
      Start processing HTTP request GET http://10.10.3.159:8683/api/Employees
info: System.Net.Http.HttpClient.IApiService.ClientHandler[100]
      Sending HTTP request GET http://10.10.3.159:8683/api/Employees
info: System.Net.Http.HttpClient.IApiService.ClientHandler[101]
      Received HTTP response headers after 9.2901ms - 200
info: System.Net.Http.HttpClient.IApiService.LogicalHandler[101]
      End processing HTTP request after 13.1548ms - 200
info: Microsoft.AspNetCore.Mvc.Infrastructure.ControllerActionInvoker[105]
      Executed action PhoneBook.Controllers.HomeController.GetDepartments (PhoneBook) in 41.9917ms
info: Microsoft.AspNetCore.Routing.EndpointMiddleware[1]
      Executed endpoint 'PhoneBook.Controllers.HomeController.GetDepartments (PhoneBook)'
info: Microsoft.AspNetCore.Hosting.Diagnostics[2]
      Request finished HTTP/2 GET https://localhost:44364/Home/GetDepartments - 200 - application/json;+charset=utf-8 58.3365ms
info: Microsoft.AspNetCore.Mvc.Infrastructure.SystemTextJsonResultExecutor[1]
      Executing JsonResult, writing value of type 'System.Collections.Generic.List`1[[PhoneBook.Models.Employee, PhoneBook, Version=1.0.0.0, Culture=neutral, PublicKeyToken=null]]'.
info: Microsoft.AspNetCore.Mvc.Infrastructure.ControllerActionInvoker[105]
      Executed action PhoneBook.Controllers.HomeController.GetAllEmployees (PhoneBook) in 35.0656ms
info: Microsoft.AspNetCore.Routing.EndpointMiddleware[1]
      Executed endpoint 'PhoneBook.Controllers.HomeController.GetAllEmployees (PhoneBook)'
info: Microsoft.AspNetCore.Hosting.Diagnostics[2]
      Request finished HTTP/2 GET https://localhost:44364/Home/GetAllEmployees?sort=&group=&filter= - 200 - application/json;+charset=utf-8 53.6593ms
info: Microsoft.AspNetCore.Hosting.Diagnostics[1]
      Request starting HTTP/2 GET https://localhost:44364/Home/GetAllEmployees?sort=&group=&filter= - - -
info: Microsoft.AspNetCore.Hosting.Diagnostics[1]
      Request starting HTTP/2 GET https://localhost:44364/Home/GetEmployeesByDepartment?departmentId=0 - application/json -
info: Microsoft.AspNetCore.Routing.EndpointMiddleware[0]
      Executing endpoint 'PhoneBook.Controllers.HomeController.GetEmployeesByDepartment (PhoneBook)'
info: Microsoft.AspNetCore.Routing.EndpointMiddleware[0]
      Executing endpoint 'PhoneBook.Controllers.HomeController.GetAllEmployees (PhoneBook)'
info: Microsoft.AspNetCore.Mvc.Infrastructure.ControllerActionInvoker[102]
      Route matched with {action = "GetAllEmployees", controller = "Home"}. Executing controller action with signature System.Threading.Tasks.Task`1[Microsoft.AspNetCore.Mvc.IActionResult] GetAllEmployees() on controller PhoneBook.Controllers.HomeController (PhoneBook).
info: System.Net.Http.HttpClient.IApiService.LogicalHandler[100]
      Start processing HTTP request GET http://10.10.3.159:8683/api/Employees
info: System.Net.Http.HttpClient.IApiService.ClientHandler[100]
      Sending HTTP request GET http://10.10.3.159:8683/api/Employees
info: Microsoft.AspNetCore.Mvc.Infrastructure.ControllerActionInvoker[102]
      Route matched with {action = "GetEmployeesByDepartment", controller = "Home"}. Executing controller action with signature System.Threading.Tasks.Task`1[Microsoft.AspNetCore.Mvc.IActionResult] GetEmployeesByDepartment(Int32) on controller PhoneBook.Controllers.HomeController (PhoneBook).
info: System.Net.Http.HttpClient.IApiService.ClientHandler[101]
      Received HTTP response headers after 9.705ms - 200
info: System.Net.Http.HttpClient.IApiService.LogicalHandler[101]
      End processing HTTP request after 13.4244ms - 200
info: System.Net.Http.HttpClient.IApiService.LogicalHandler[100]
      Start processing HTTP request GET http://10.10.3.159:8683/api/Departments/0/employees
info: System.Net.Http.HttpClient.IApiService.ClientHandler[100]
      Sending HTTP request GET http://10.10.3.159:8683/api/Departments/0/employees
info: Microsoft.AspNetCore.Mvc.Infrastructure.SystemTextJsonResultExecutor[1]
      Executing JsonResult, writing value of type 'System.Collections.Generic.List`1[[PhoneBook.Models.Employee, PhoneBook, Version=1.0.0.0, Culture=neutral, PublicKeyToken=null]]'.
info: Microsoft.AspNetCore.Mvc.Infrastructure.ControllerActionInvoker[105]
      Executed action PhoneBook.Controllers.HomeController.GetAllEmployees (PhoneBook) in 31.0478ms
info: Microsoft.AspNetCore.Routing.EndpointMiddleware[1]
      Executed endpoint 'PhoneBook.Controllers.HomeController.GetAllEmployees (PhoneBook)'
info: Microsoft.AspNetCore.Hosting.Diagnostics[2]
      Request finished HTTP/2 GET https://localhost:44364/Home/GetAllEmployees?sort=&group=&filter= - 200 - application/json;+charset=utf-8 42.4385ms
info: Microsoft.AspNetCore.Hosting.Diagnostics[1]
      Request starting HTTP/2 GET https://localhost:44364/Home/GetAllEmployees?sort=&group=&filter= - - -
info: Microsoft.AspNetCore.Routing.EndpointMiddleware[0]
      Executing endpoint 'PhoneBook.Controllers.HomeController.GetAllEmployees (PhoneBook)'
info: Microsoft.AspNetCore.Mvc.Infrastructure.ControllerActionInvoker[102]
      Route matched with {action = "GetAllEmployees", controller = "Home"}. Executing controller action with signature System.Threading.Tasks.Task`1[Microsoft.AspNetCore.Mvc.IActionResult] GetAllEmployees() on controller PhoneBook.Controllers.HomeController (PhoneBook).
info: System.Net.Http.HttpClient.IApiService.LogicalHandler[100]
      Start processing HTTP request GET http://10.10.3.159:8683/api/Employees
info: System.Net.Http.HttpClient.IApiService.ClientHandler[100]
      Sending HTTP request GET http://10.10.3.159:8683/api/Employees
info: System.Net.Http.HttpClient.IApiService.ClientHandler[101]
      Received HTTP response headers after 27.1119ms - 200
info: System.Net.Http.HttpClient.IApiService.LogicalHandler[101]
      End processing HTTP request after 31.2338ms - 200
info: Microsoft.AspNetCore.Mvc.Infrastructure.SystemTextJsonResultExecutor[1]
      Executing JsonResult, writing value of type 'System.Collections.Generic.List`1[[PhoneBook.Models.Employee, PhoneBook, Version=1.0.0.0, Culture=neutral, PublicKeyToken=null]]'.
info: System.Net.Http.HttpClient.IApiService.ClientHandler[101]
      Received HTTP response headers after 14.0366ms - 200
info: System.Net.Http.HttpClient.IApiService.LogicalHandler[101]
      End processing HTTP request after 17.57ms - 200
info: Microsoft.AspNetCore.Hosting.Diagnostics[1]
      Request starting HTTP/2 GET https://localhost:44364/Home/GetEmployeesByDepartment?departmentId=0 - application/json -
info: Microsoft.AspNetCore.Routing.EndpointMiddleware[0]
      Executing endpoint 'PhoneBook.Controllers.HomeController.GetEmployeesByDepartment (PhoneBook)'
info: Microsoft.AspNetCore.Mvc.Infrastructure.ControllerActionInvoker[102]
      Route matched with {action = "GetEmployeesByDepartment", controller = "Home"}. Executing controller action with signature System.Threading.Tasks.Task`1[Microsoft.AspNetCore.Mvc.IActionResult] GetEmployeesByDepartment(Int32) on controller PhoneBook.Controllers.HomeController (PhoneBook).
info: System.Net.Http.HttpClient.IApiService.LogicalHandler[100]
      Start processing HTTP request GET http://10.10.3.159:8683/api/Departments/0/employees
info: System.Net.Http.HttpClient.IApiService.ClientHandler[100]
      Sending HTTP request GET http://10.10.3.159:8683/api/Departments/0/employees
info: Microsoft.AspNetCore.Mvc.Infrastructure.ControllerActionInvoker[105]
      Executed action PhoneBook.Controllers.HomeController.GetEmployeesByDepartment (PhoneBook) in 109.23ms
info: Microsoft.AspNetCore.Routing.EndpointMiddleware[1]
      Executed endpoint 'PhoneBook.Controllers.HomeController.GetEmployeesByDepartment (PhoneBook)'
info: Microsoft.AspNetCore.Hosting.Diagnostics[2]
      Request finished HTTP/2 GET https://localhost:44364/Home/GetEmployeesByDepartment?departmentId=0 - 200 - application/json;+charset=utf-8 133.4976ms
info: Microsoft.AspNetCore.Mvc.Infrastructure.SystemTextJsonResultExecutor[1]
      Executing JsonResult, writing value of type 'System.Collections.Generic.List`1[[PhoneBook.Models.Employee, PhoneBook, Version=1.0.0.0, Culture=neutral, PublicKeyToken=null]]'.
info: Microsoft.AspNetCore.Mvc.Infrastructure.ControllerActionInvoker[105]
      Executed action PhoneBook.Controllers.HomeController.GetAllEmployees (PhoneBook) in 92.0796ms
info: Microsoft.AspNetCore.Routing.EndpointMiddleware[1]
      Executed endpoint 'PhoneBook.Controllers.HomeController.GetAllEmployees (PhoneBook)'
info: Microsoft.AspNetCore.Hosting.Diagnostics[2]
      Request finished HTTP/2 GET https://localhost:44364/Home/GetAllEmployees?sort=&group=&filter= - 200 - application/json;+charset=utf-8 99.5382ms
info: System.Net.Http.HttpClient.IApiService.ClientHandler[101]
      Received HTTP response headers after 26.8614ms - 200
info: System.Net.Http.HttpClient.IApiService.LogicalHandler[101]
      End processing HTTP request after 55.308ms - 200
info: Microsoft.AspNetCore.Mvc.Infrastructure.SystemTextJsonResultExecutor[1]
      Executing JsonResult, writing value of type 'System.Collections.Generic.List`1[[PhoneBook.Models.Employee, PhoneBook, Version=1.0.0.0, Culture=neutral, PublicKeyToken=null]]'.
info: Microsoft.AspNetCore.Mvc.Infrastructure.ControllerActionInvoker[105]
      Executed action PhoneBook.Controllers.HomeController.GetEmployeesByDepartment (PhoneBook) in 67.1093ms
info: Microsoft.AspNetCore.Routing.EndpointMiddleware[1]
      Executed endpoint 'PhoneBook.Controllers.HomeController.GetEmployeesByDepartment (PhoneBook)'
info: Microsoft.AspNetCore.Hosting.Diagnostics[2]
      Request finished HTTP/2 GET https://localhost:44364/Home/GetEmployeesByDepartment?departmentId=0 - 200 - application/json;+charset=utf-8 99.4945ms
info: Microsoft.AspNetCore.Hosting.Diagnostics[1]
      Request starting HTTP/2 GET https://localhost:44364/Home/GetEmployeesByDepartment?departmentId=0 - application/json -
info: Microsoft.AspNetCore.Routing.EndpointMiddleware[0]
      Executing endpoint 'PhoneBook.Controllers.HomeController.GetEmployeesByDepartment (PhoneBook)'
info: Microsoft.AspNetCore.Mvc.Infrastructure.ControllerActionInvoker[102]
      Route matched with {action = "GetEmployeesByDepartment", controller = "Home"}. Executing controller action with signature System.Threading.Tasks.Task`1[Microsoft.AspNetCore.Mvc.IActionResult] GetEmployeesByDepartment(Int32) on controller PhoneBook.Controllers.HomeController (PhoneBook).
info: System.Net.Http.HttpClient.IApiService.LogicalHandler[100]
      Start processing HTTP request GET http://10.10.3.159:8683/api/Departments/0/employees
info: System.Net.Http.HttpClient.IApiService.ClientHandler[100]
      Sending HTTP request GET http://10.10.3.159:8683/api/Departments/0/employees
info: System.Net.Http.HttpClient.IApiService.ClientHandler[101]
      Received HTTP response headers after 27.56ms - 200
info: System.Net.Http.HttpClient.IApiService.LogicalHandler[101]
      End processing HTTP request after 31.7786ms - 200
info: Microsoft.AspNetCore.Mvc.Infrastructure.SystemTextJsonResultExecutor[1]
      Executing JsonResult, writing value of type 'System.Collections.Generic.List`1[[PhoneBook.Models.Employee, PhoneBook, Version=1.0.0.0, Culture=neutral, PublicKeyToken=null]]'.
info: Microsoft.AspNetCore.Mvc.Infrastructure.ControllerActionInvoker[105]
      Executed action PhoneBook.Controllers.HomeController.GetEmployeesByDepartment (PhoneBook) in 46.4843ms
info: Microsoft.AspNetCore.Routing.EndpointMiddleware[1]
      Executed endpoint 'PhoneBook.Controllers.HomeController.GetEmployeesByDepartment (PhoneBook)'
info: Microsoft.AspNetCore.Hosting.Diagnostics[2]
      Request finished HTTP/2 GET https://localhost:44364/Home/GetEmployeesByDepartment?departmentId=0 - 200 - application/json;+charset=utf-8 55.1755ms
info: Microsoft.AspNetCore.Hosting.Diagnostics[1]
      Request starting HTTP/2 GET https://localhost:44364/ - - -
info: Microsoft.AspNetCore.Routing.EndpointMiddleware[0]
      Executing endpoint 'PhoneBook.Controllers.HomeController.Index (PhoneBook)'
info: Microsoft.AspNetCore.Mvc.Infrastructure.ControllerActionInvoker[102]
      Route matched with {action = "Index", controller = "Home"}. Executing controller action with signature System.Threading.Tasks.Task`1[Microsoft.AspNetCore.Mvc.IActionResult] Index() on controller PhoneBook.Controllers.HomeController (PhoneBook).
info: System.Net.Http.HttpClient.IApiService.LogicalHandler[100]
      Start processing HTTP request GET http://10.10.3.159:8683/api/Departments
info: System.Net.Http.HttpClient.IApiService.ClientHandler[100]
      Sending HTTP request GET http://10.10.3.159:8683/api/Departments
info: System.Net.Http.HttpClient.IApiService.ClientHandler[101]
      Received HTTP response headers after 1.9131ms - 200
info: System.Net.Http.HttpClient.IApiService.LogicalHandler[101]
      End processing HTTP request after 5.5852ms - 200
info: Microsoft.AspNetCore.Mvc.ViewFeatures.ViewResultExecutor[1]
      Executing ViewResult, running view Index.
info: Microsoft.AspNetCore.Mvc.ViewFeatures.ViewResultExecutor[4]
      Executed ViewResult - view Index executed in 22.1984ms.
info: Microsoft.AspNetCore.Mvc.Infrastructure.ControllerActionInvoker[105]
      Executed action PhoneBook.Controllers.HomeController.Index (PhoneBook) in 32.5907ms
info: Microsoft.AspNetCore.Routing.EndpointMiddleware[1]
      Executed endpoint 'PhoneBook.Controllers.HomeController.Index (PhoneBook)'
info: Microsoft.AspNetCore.Hosting.Diagnostics[2]
      Request finished HTTP/2 GET https://localhost:44364/ - 200 - text/html;+charset=utf-8 43.1095ms
info: Microsoft.AspNetCore.Hosting.Diagnostics[1]
      Request starting HTTP/2 GET https://localhost:44364/_framework/aspnetcore-browser-refresh.js - - -
info: Microsoft.AspNetCore.Hosting.Diagnostics[1]
      Request starting HTTP/2 GET https://localhost:44364/_vs/browserLink - - -
info: Microsoft.AspNetCore.Hosting.Diagnostics[2]
      Request finished HTTP/2 GET https://localhost:44364/_framework/aspnetcore-browser-refresh.js - 200 16503 application/javascript;+charset=utf-8 6.5770ms
info: Microsoft.AspNetCore.Hosting.Diagnostics[1]
      Request starting HTTP/2 GET https://localhost:44364/Home/GetDepartments - - -
info: Microsoft.AspNetCore.Routing.EndpointMiddleware[0]
      Executing endpoint 'PhoneBook.Controllers.HomeController.GetDepartments (PhoneBook)'
info: Microsoft.AspNetCore.Mvc.Infrastructure.ControllerActionInvoker[102]
      Route matched with {action = "GetDepartments", controller = "Home"}. Executing controller action with signature System.Threading.Tasks.Task`1[Microsoft.AspNetCore.Mvc.IActionResult] GetDepartments() on controller PhoneBook.Controllers.HomeController (PhoneBook).
info: System.Net.Http.HttpClient.IApiService.LogicalHandler[100]
      Start processing HTTP request GET http://10.10.3.159:8683/api/Departments
info: System.Net.Http.HttpClient.IApiService.ClientHandler[100]
      Sending HTTP request GET http://10.10.3.159:8683/api/Departments
info: System.Net.Http.HttpClient.IApiService.ClientHandler[101]
      Received HTTP response headers after 2.2389ms - 200
info: System.Net.Http.HttpClient.IApiService.LogicalHandler[101]
      End processing HTTP request after 6.3257ms - 200
info: Microsoft.AspNetCore.Mvc.Infrastructure.SystemTextJsonResultExecutor[1]
      Executing JsonResult, writing value of type 'System.Linq.Enumerable+SelectListIterator`2[[PhoneBook.Models.Department, PhoneBook, Version=1.0.0.0, Culture=neutral, PublicKeyToken=null],[<>f__AnonymousType2`5[[System.Int32, System.Private.CoreLib, Version=8.0.0.0, Culture=neutral, PublicKeyToken=7cec85d7bea7798e],[System.String, System.Private.CoreLib, Version=8.0.0.0, Culture=neutral, PublicKeyToken=7cec85d7bea7798e],[System.Int32, System.Private.CoreLib, Version=8.0.0.0, Culture=neutral, PublicKeyToken=7cec85d7bea7798e],[System.Boolean, System.Private.CoreLib, Version=8.0.0.0, Culture=neutral, PublicKeyToken=7cec85d7bea7798e],[System.Collections.Generic.List`1[[System.Object, System.Private.CoreLib, Version=8.0.0.0, Culture=neutral, PublicKeyToken=7cec85d7bea7798e]], System.Private.CoreLib, Version=8.0.0.0, Culture=neutral, PublicKeyToken=7cec85d7bea7798e]], PhoneBook, Version=1.0.0.0, Culture=neutral, PublicKeyToken=null]]'.
info: Microsoft.AspNetCore.Hosting.Diagnostics[1]
      Request starting HTTP/2 GET https://localhost:44364/Home/GetAllEmployees?sort=&group=&filter= - - -
info: Microsoft.AspNetCore.Mvc.Infrastructure.ControllerActionInvoker[105]
      Executed action PhoneBook.Controllers.HomeController.GetDepartments (PhoneBook) in 16.1041ms
info: Microsoft.AspNetCore.Routing.EndpointMiddleware[0]
      Executing endpoint 'PhoneBook.Controllers.HomeController.GetAllEmployees (PhoneBook)'
info: Microsoft.AspNetCore.Routing.EndpointMiddleware[1]
      Executed endpoint 'PhoneBook.Controllers.HomeController.GetDepartments (PhoneBook)'
info: Microsoft.AspNetCore.Hosting.Diagnostics[2]
      Request finished HTTP/2 GET https://localhost:44364/_vs/browserLink - 200 - text/javascript;+charset=UTF-8 31.4835ms
info: Microsoft.AspNetCore.Mvc.Infrastructure.ControllerActionInvoker[102]
      Route matched with {action = "GetAllEmployees", controller = "Home"}. Executing controller action with signature System.Threading.Tasks.Task`1[Microsoft.AspNetCore.Mvc.IActionResult] GetAllEmployees() on controller PhoneBook.Controllers.HomeController (PhoneBook).
info: Microsoft.AspNetCore.Hosting.Diagnostics[2]
      Request finished HTTP/2 GET https://localhost:44364/Home/GetDepartments - 200 - application/json;+charset=utf-8 26.1865ms
info: System.Net.Http.HttpClient.IApiService.LogicalHandler[100]
      Start processing HTTP request GET http://10.10.3.159:8683/api/Employees
info: System.Net.Http.HttpClient.IApiService.ClientHandler[100]
      Sending HTTP request GET http://10.10.3.159:8683/api/Employees
info: System.Net.Http.HttpClient.IApiService.ClientHandler[101]
      Received HTTP response headers after 9.817ms - 200
info: System.Net.Http.HttpClient.IApiService.LogicalHandler[101]
      End processing HTTP request after 14.4472ms - 200
info: Microsoft.AspNetCore.Mvc.Infrastructure.SystemTextJsonResultExecutor[1]
      Executing JsonResult, writing value of type 'System.Collections.Generic.List`1[[PhoneBook.Models.Employee, PhoneBook, Version=1.0.0.0, Culture=neutral, PublicKeyToken=null]]'.
info: Microsoft.AspNetCore.Mvc.Infrastructure.ControllerActionInvoker[105]
      Executed action PhoneBook.Controllers.HomeController.GetAllEmployees (PhoneBook) in 30.786ms
info: Microsoft.AspNetCore.Routing.EndpointMiddleware[1]
      Executed endpoint 'PhoneBook.Controllers.HomeController.GetAllEmployees (PhoneBook)'
info: Microsoft.AspNetCore.Hosting.Diagnostics[2]
      Request finished HTTP/2 GET https://localhost:44364/Home/GetAllEmployees?sort=&group=&filter= - 200 - application/json;+charset=utf-8 42.2968ms
info: Microsoft.AspNetCore.Hosting.Diagnostics[1]
      Request starting HTTP/2 GET https://localhost:44364/Home/GetEmployeesByDepartment?departmentId=0 - application/json -
info: Microsoft.AspNetCore.Hosting.Diagnostics[1]
      Request starting HTTP/2 GET https://localhost:44364/Home/GetAllEmployees?sort=&group=&filter= - - -
info: Microsoft.AspNetCore.Routing.EndpointMiddleware[0]
      Executing endpoint 'PhoneBook.Controllers.HomeController.GetEmployeesByDepartment (PhoneBook)'
info: Microsoft.AspNetCore.Routing.EndpointMiddleware[0]
      Executing endpoint 'PhoneBook.Controllers.HomeController.GetAllEmployees (PhoneBook)'
info: Microsoft.AspNetCore.Mvc.Infrastructure.ControllerActionInvoker[102]
      Route matched with {action = "GetAllEmployees", controller = "Home"}. Executing controller action with signature System.Threading.Tasks.Task`1[Microsoft.AspNetCore.Mvc.IActionResult] GetAllEmployees() on controller PhoneBook.Controllers.HomeController (PhoneBook).
info: Microsoft.AspNetCore.Mvc.Infrastructure.ControllerActionInvoker[102]
      Route matched with {action = "GetEmployeesByDepartment", controller = "Home"}. Executing controller action with signature System.Threading.Tasks.Task`1[Microsoft.AspNetCore.Mvc.IActionResult] GetEmployeesByDepartment(Int32) on controller PhoneBook.Controllers.HomeController (PhoneBook).
info: System.Net.Http.HttpClient.IApiService.LogicalHandler[100]
      Start processing HTTP request GET http://10.10.3.159:8683/api/Employees
info: System.Net.Http.HttpClient.IApiService.LogicalHandler[100]
      Start processing HTTP request GET http://10.10.3.159:8683/api/Departments/0/employees
info: System.Net.Http.HttpClient.IApiService.ClientHandler[100]
      Sending HTTP request GET http://10.10.3.159:8683/api/Employees
info: System.Net.Http.HttpClient.IApiService.ClientHandler[100]
      Sending HTTP request GET http://10.10.3.159:8683/api/Departments/0/employees
info: System.Net.Http.HttpClient.IApiService.ClientHandler[101]
      Received HTTP response headers after 9.8356ms - 200
info: System.Net.Http.HttpClient.IApiService.LogicalHandler[101]
      End processing HTTP request after 15.4429ms - 200
info: Microsoft.AspNetCore.Mvc.Infrastructure.SystemTextJsonResultExecutor[1]
      Executing JsonResult, writing value of type 'System.Collections.Generic.List`1[[PhoneBook.Models.Employee, PhoneBook, Version=1.0.0.0, Culture=neutral, PublicKeyToken=null]]'.
info: System.Net.Http.HttpClient.IApiService.ClientHandler[101]
      Received HTTP response headers after 25.8298ms - 200
info: System.Net.Http.HttpClient.IApiService.LogicalHandler[101]
      End processing HTTP request after 31.3978ms - 200
info: Microsoft.AspNetCore.Mvc.Infrastructure.ControllerActionInvoker[105]
      Executed action PhoneBook.Controllers.HomeController.GetAllEmployees (PhoneBook) in 35.5503ms
info: Microsoft.AspNetCore.Routing.EndpointMiddleware[1]
      Executed endpoint 'PhoneBook.Controllers.HomeController.GetAllEmployees (PhoneBook)'
info: Microsoft.AspNetCore.Hosting.Diagnostics[2]
      Request finished HTTP/2 GET https://localhost:44364/Home/GetAllEmployees?sort=&group=&filter= - 200 - application/json;+charset=utf-8 45.5807ms
info: Microsoft.AspNetCore.Hosting.Diagnostics[1]
      Request starting HTTP/2 GET https://localhost:44364/Home/GetAllEmployees?sort=&group=&filter= - - -
info: Microsoft.AspNetCore.Routing.EndpointMiddleware[0]
      Executing endpoint 'PhoneBook.Controllers.HomeController.GetAllEmployees (PhoneBook)'
info: Microsoft.AspNetCore.Mvc.Infrastructure.ControllerActionInvoker[102]
      Route matched with {action = "GetAllEmployees", controller = "Home"}. Executing controller action with signature System.Threading.Tasks.Task`1[Microsoft.AspNetCore.Mvc.IActionResult] GetAllEmployees() on controller PhoneBook.Controllers.HomeController (PhoneBook).
info: System.Net.Http.HttpClient.IApiService.LogicalHandler[100]
      Start processing HTTP request GET http://10.10.3.159:8683/api/Employees
info: System.Net.Http.HttpClient.IApiService.ClientHandler[100]
      Sending HTTP request GET http://10.10.3.159:8683/api/Employees
info: Microsoft.AspNetCore.Mvc.Infrastructure.SystemTextJsonResultExecutor[1]
      Executing JsonResult, writing value of type 'System.Collections.Generic.List`1[[PhoneBook.Models.Employee, PhoneBook, Version=1.0.0.0, Culture=neutral, PublicKeyToken=null]]'.
info: Microsoft.AspNetCore.Hosting.Diagnostics[1]
      Request starting HTTP/2 GET https://localhost:44364/Home/GetEmployeesByDepartment?departmentId=0 - application/json -
info: System.Net.Http.HttpClient.IApiService.ClientHandler[101]
      Received HTTP response headers after 10.0365ms - 200
info: System.Net.Http.HttpClient.IApiService.LogicalHandler[101]
      End processing HTTP request after 14.8108ms - 200
info: Microsoft.AspNetCore.Routing.EndpointMiddleware[0]
      Executing endpoint 'PhoneBook.Controllers.HomeController.GetEmployeesByDepartment (PhoneBook)'
info: Microsoft.AspNetCore.Mvc.Infrastructure.ControllerActionInvoker[102]
      Route matched with {action = "GetEmployeesByDepartment", controller = "Home"}. Executing controller action with signature System.Threading.Tasks.Task`1[Microsoft.AspNetCore.Mvc.IActionResult] GetEmployeesByDepartment(Int32) on controller PhoneBook.Controllers.HomeController (PhoneBook).
info: System.Net.Http.HttpClient.IApiService.LogicalHandler[100]
      Start processing HTTP request GET http://10.10.3.159:8683/api/Departments/0/employees
info: System.Net.Http.HttpClient.IApiService.ClientHandler[100]
      Sending HTTP request GET http://10.10.3.159:8683/api/Departments/0/employees
info: Microsoft.AspNetCore.Mvc.Infrastructure.ControllerActionInvoker[105]
      Executed action PhoneBook.Controllers.HomeController.GetEmployeesByDepartment (PhoneBook) in 101.9438ms
info: Microsoft.AspNetCore.Routing.EndpointMiddleware[1]
      Executed endpoint 'PhoneBook.Controllers.HomeController.GetEmployeesByDepartment (PhoneBook)'
info: Microsoft.AspNetCore.Hosting.Diagnostics[2]
      Request finished HTTP/2 GET https://localhost:44364/Home/GetEmployeesByDepartment?departmentId=0 - 200 - application/json;+charset=utf-8 113.8389ms
info: System.Net.Http.HttpClient.IApiService.ClientHandler[101]
      Received HTTP response headers after 41.4382ms - 200
info: System.Net.Http.HttpClient.IApiService.LogicalHandler[101]
      End processing HTTP request after 45.9896ms - 200
info: Microsoft.AspNetCore.Mvc.Infrastructure.SystemTextJsonResultExecutor[1]
      Executing JsonResult, writing value of type 'System.Collections.Generic.List`1[[PhoneBook.Models.Employee, PhoneBook, Version=1.0.0.0, Culture=neutral, PublicKeyToken=null]]'.
info: Microsoft.AspNetCore.Mvc.Infrastructure.SystemTextJsonResultExecutor[1]
      Executing JsonResult, writing value of type 'System.Collections.Generic.List`1[[PhoneBook.Models.Employee, PhoneBook, Version=1.0.0.0, Culture=neutral, PublicKeyToken=null]]'.
info: Microsoft.AspNetCore.Mvc.Infrastructure.ControllerActionInvoker[105]
      Executed action PhoneBook.Controllers.HomeController.GetAllEmployees (PhoneBook) in 80.0047ms
info: Microsoft.AspNetCore.Routing.EndpointMiddleware[1]
      Executed endpoint 'PhoneBook.Controllers.HomeController.GetAllEmployees (PhoneBook)'
info: Microsoft.AspNetCore.Hosting.Diagnostics[2]
      Request finished HTTP/2 GET https://localhost:44364/Home/GetAllEmployees?sort=&group=&filter= - 200 - application/json;+charset=utf-8 118.6656ms
info: Microsoft.AspNetCore.Mvc.Infrastructure.ControllerActionInvoker[105]
      Executed action PhoneBook.Controllers.HomeController.GetEmployeesByDepartment (PhoneBook) in 100.5277ms
info: Microsoft.AspNetCore.Routing.EndpointMiddleware[1]
      Executed endpoint 'PhoneBook.Controllers.HomeController.GetEmployeesByDepartment (PhoneBook)'
info: Microsoft.AspNetCore.Hosting.Diagnostics[2]
      Request finished HTTP/2 GET https://localhost:44364/Home/GetEmployeesByDepartment?departmentId=0 - 200 - application/json;+charset=utf-8 112.2240ms
info: Microsoft.AspNetCore.Hosting.Diagnostics[1]
      Request starting HTTP/2 GET https://localhost:44364/Home/GetEmployeesByDepartment?departmentId=0 - application/json -
info: Microsoft.AspNetCore.Routing.EndpointMiddleware[0]
      Executing endpoint 'PhoneBook.Controllers.HomeController.GetEmployeesByDepartment (PhoneBook)'
info: Microsoft.AspNetCore.Mvc.Infrastructure.ControllerActionInvoker[102]
      Route matched with {action = "GetEmployeesByDepartment", controller = "Home"}. Executing controller action with signature System.Threading.Tasks.Task`1[Microsoft.AspNetCore.Mvc.IActionResult] GetEmployeesByDepartment(Int32) on controller PhoneBook.Controllers.HomeController (PhoneBook).
info: System.Net.Http.HttpClient.IApiService.LogicalHandler[100]
      Start processing HTTP request GET http://10.10.3.159:8683/api/Departments/0/employees
info: System.Net.Http.HttpClient.IApiService.ClientHandler[100]
      Sending HTTP request GET http://10.10.3.159:8683/api/Departments/0/employees
info: System.Net.Http.HttpClient.IApiService.ClientHandler[101]
      Received HTTP response headers after 25.564ms - 200
info: System.Net.Http.HttpClient.IApiService.LogicalHandler[101]
      End processing HTTP request after 31.1133ms - 200
info: Microsoft.AspNetCore.Mvc.Infrastructure.SystemTextJsonResultExecutor[1]
      Executing JsonResult, writing value of type 'System.Collections.Generic.List`1[[PhoneBook.Models.Employee, PhoneBook, Version=1.0.0.0, Culture=neutral, PublicKeyToken=null]]'.
info: Microsoft.AspNetCore.Mvc.Infrastructure.ControllerActionInvoker[105]
      Executed action PhoneBook.Controllers.HomeController.GetEmployeesByDepartment (PhoneBook) in 41.4521ms
info: Microsoft.AspNetCore.Routing.EndpointMiddleware[1]
      Executed endpoint 'PhoneBook.Controllers.HomeController.GetEmployeesByDepartment (PhoneBook)'
info: Microsoft.AspNetCore.Hosting.Diagnostics[2]
      Request finished HTTP/2 GET https://localhost:44364/Home/GetEmployeesByDepartment?departmentId=0 - 200 - application/json;+charset=utf-8 52.4882ms
info: Microsoft.AspNetCore.Hosting.Diagnostics[1]
      Request starting HTTP/2 GET https://localhost:44364/ - - -
info: Microsoft.AspNetCore.Routing.EndpointMiddleware[0]
      Executing endpoint 'PhoneBook.Controllers.HomeController.Index (PhoneBook)'
info: Microsoft.AspNetCore.Mvc.Infrastructure.ControllerActionInvoker[102]
      Route matched with {action = "Index", controller = "Home"}. Executing controller action with signature System.Threading.Tasks.Task`1[Microsoft.AspNetCore.Mvc.IActionResult] Index() on controller PhoneBook.Controllers.HomeController (PhoneBook).
info: System.Net.Http.HttpClient.IApiService.LogicalHandler[100]
      Start processing HTTP request GET http://10.10.3.159:8683/api/Departments
info: System.Net.Http.HttpClient.IApiService.ClientHandler[100]
      Sending HTTP request GET http://10.10.3.159:8683/api/Departments
info: System.Net.Http.HttpClient.IApiService.ClientHandler[101]
      Received HTTP response headers after 2.0132ms - 200
info: System.Net.Http.HttpClient.IApiService.LogicalHandler[101]
      End processing HTTP request after 8.4578ms - 200
info: Microsoft.AspNetCore.Mvc.ViewFeatures.ViewResultExecutor[1]
      Executing ViewResult, running view Index.
info: Microsoft.AspNetCore.Mvc.ViewFeatures.ViewResultExecutor[4]
      Executed ViewResult - view Index executed in 7.5707ms.
info: Microsoft.AspNetCore.Mvc.Infrastructure.ControllerActionInvoker[105]
      Executed action PhoneBook.Controllers.HomeController.Index (PhoneBook) in 21.049ms
info: Microsoft.AspNetCore.Routing.EndpointMiddleware[1]
      Executed endpoint 'PhoneBook.Controllers.HomeController.Index (PhoneBook)'
info: Microsoft.AspNetCore.Hosting.Diagnostics[2]
      Request finished HTTP/2 GET https://localhost:44364/ - 200 - text/html;+charset=utf-8 35.9782ms
info: Microsoft.AspNetCore.Hosting.Diagnostics[1]
      Request starting HTTP/2 GET https://localhost:44364/_vs/browserLink - - -
info: Microsoft.AspNetCore.Hosting.Diagnostics[1]
      Request starting HTTP/2 GET https://localhost:44364/_framework/aspnetcore-browser-refresh.js - - -
info: Microsoft.AspNetCore.Hosting.Diagnostics[2]
      Request finished HTTP/2 GET https://localhost:44364/_framework/aspnetcore-browser-refresh.js - 200 16503 application/javascript;+charset=utf-8 6.1905ms
info: Microsoft.AspNetCore.Hosting.Diagnostics[1]
      Request starting HTTP/2 GET https://localhost:44364/Home/GetDepartments - - -
info: Microsoft.AspNetCore.Routing.EndpointMiddleware[0]
      Executing endpoint 'PhoneBook.Controllers.HomeController.GetDepartments (PhoneBook)'
info: Microsoft.AspNetCore.Mvc.Infrastructure.ControllerActionInvoker[102]
      Route matched with {action = "GetDepartments", controller = "Home"}. Executing controller action with signature System.Threading.Tasks.Task`1[Microsoft.AspNetCore.Mvc.IActionResult] GetDepartments() on controller PhoneBook.Controllers.HomeController (PhoneBook).
info: System.Net.Http.HttpClient.IApiService.LogicalHandler[100]
      Start processing HTTP request GET http://10.10.3.159:8683/api/Departments
info: System.Net.Http.HttpClient.IApiService.ClientHandler[100]
      Sending HTTP request GET http://10.10.3.159:8683/api/Departments
info: System.Net.Http.HttpClient.IApiService.ClientHandler[101]
      Received HTTP response headers after 1.765ms - 200
info: System.Net.Http.HttpClient.IApiService.LogicalHandler[101]
      End processing HTTP request after 7.3301ms - 200
info: Microsoft.AspNetCore.Hosting.Diagnostics[2]
      Request finished HTTP/2 GET https://localhost:44364/_vs/browserLink - 200 - text/javascript;+charset=UTF-8 22.8900ms
info: Microsoft.AspNetCore.Hosting.Diagnostics[1]
      Request starting HTTP/2 GET https://localhost:44364/Home/GetAllEmployees?sort=&group=&filter= - - -
info: Microsoft.AspNetCore.Mvc.Infrastructure.SystemTextJsonResultExecutor[1]
      Executing JsonResult, writing value of type 'System.Linq.Enumerable+SelectListIterator`2[[PhoneBook.Models.Department, PhoneBook, Version=1.0.0.0, Culture=neutral, PublicKeyToken=null],[<>f__AnonymousType2`5[[System.Int32, System.Private.CoreLib, Version=8.0.0.0, Culture=neutral, PublicKeyToken=7cec85d7bea7798e],[System.String, System.Private.CoreLib, Version=8.0.0.0, Culture=neutral, PublicKeyToken=7cec85d7bea7798e],[System.Int32, System.Private.CoreLib, Version=8.0.0.0, Culture=neutral, PublicKeyToken=7cec85d7bea7798e],[System.Boolean, System.Private.CoreLib, Version=8.0.0.0, Culture=neutral, PublicKeyToken=7cec85d7bea7798e],[System.Collections.Generic.List`1[[System.Object, System.Private.CoreLib, Version=8.0.0.0, Culture=neutral, PublicKeyToken=7cec85d7bea7798e]], System.Private.CoreLib, Version=8.0.0.0, Culture=neutral, PublicKeyToken=7cec85d7bea7798e]], PhoneBook, Version=1.0.0.0, Culture=neutral, PublicKeyToken=null]]'.
info: Microsoft.AspNetCore.Routing.EndpointMiddleware[0]
      Executing endpoint 'PhoneBook.Controllers.HomeController.GetAllEmployees (PhoneBook)'
info: Microsoft.AspNetCore.Mvc.Infrastructure.ControllerActionInvoker[102]
      Route matched with {action = "GetAllEmployees", controller = "Home"}. Executing controller action with signature System.Threading.Tasks.Task`1[Microsoft.AspNetCore.Mvc.IActionResult] GetAllEmployees() on controller PhoneBook.Controllers.HomeController (PhoneBook).
info: System.Net.Http.HttpClient.IApiService.LogicalHandler[100]
      Start processing HTTP request GET http://10.10.3.159:8683/api/Employees
info: Microsoft.AspNetCore.Mvc.Infrastructure.ControllerActionInvoker[105]
      Executed action PhoneBook.Controllers.HomeController.GetDepartments (PhoneBook) in 20.4211ms
info: Microsoft.AspNetCore.Routing.EndpointMiddleware[1]
      Executed endpoint 'PhoneBook.Controllers.HomeController.GetDepartments (PhoneBook)'
info: System.Net.Http.HttpClient.IApiService.ClientHandler[100]
      Sending HTTP request GET http://10.10.3.159:8683/api/Employees
info: Microsoft.AspNetCore.Hosting.Diagnostics[2]
      Request finished HTTP/2 GET https://localhost:44364/Home/GetDepartments - 200 - application/json;+charset=utf-8 33.3960ms
info: System.Net.Http.HttpClient.IApiService.ClientHandler[101]
      Received HTTP response headers after 9.0166ms - 200
info: System.Net.Http.HttpClient.IApiService.LogicalHandler[101]
      End processing HTTP request after 17.8583ms - 200
info: Microsoft.AspNetCore.Mvc.Infrastructure.SystemTextJsonResultExecutor[1]
      Executing JsonResult, writing value of type 'System.Collections.Generic.List`1[[PhoneBook.Models.Employee, PhoneBook, Version=1.0.0.0, Culture=neutral, PublicKeyToken=null]]'.
info: Microsoft.AspNetCore.Mvc.Infrastructure.ControllerActionInvoker[105]
      Executed action PhoneBook.Controllers.HomeController.GetAllEmployees (PhoneBook) in 24.288ms
info: Microsoft.AspNetCore.Routing.EndpointMiddleware[1]
      Executed endpoint 'PhoneBook.Controllers.HomeController.GetAllEmployees (PhoneBook)'
info: Microsoft.AspNetCore.Hosting.Diagnostics[2]
      Request finished HTTP/2 GET https://localhost:44364/Home/GetAllEmployees?sort=&group=&filter= - 200 - application/json;+charset=utf-8 41.8718ms
info: Microsoft.AspNetCore.Hosting.Diagnostics[1]
      Request starting HTTP/2 GET https://localhost:44364/Home/GetAllEmployees?sort=&group=&filter= - - -
info: Microsoft.AspNetCore.Hosting.Diagnostics[1]
      Request starting HTTP/2 GET https://localhost:44364/Home/GetEmployeesByDepartment?departmentId=0 - application/json -
info: Microsoft.AspNetCore.Routing.EndpointMiddleware[0]
      Executing endpoint 'PhoneBook.Controllers.HomeController.GetAllEmployees (PhoneBook)'
info: Microsoft.AspNetCore.Mvc.Infrastructure.ControllerActionInvoker[102]
      Route matched with {action = "GetAllEmployees", controller = "Home"}. Executing controller action with signature System.Threading.Tasks.Task`1[Microsoft.AspNetCore.Mvc.IActionResult] GetAllEmployees() on controller PhoneBook.Controllers.HomeController (PhoneBook).
info: Microsoft.AspNetCore.Routing.EndpointMiddleware[0]
      Executing endpoint 'PhoneBook.Controllers.HomeController.GetEmployeesByDepartment (PhoneBook)'
info: System.Net.Http.HttpClient.IApiService.LogicalHandler[100]
      Start processing HTTP request GET http://10.10.3.159:8683/api/Employees
info: Microsoft.AspNetCore.Mvc.Infrastructure.ControllerActionInvoker[102]
      Route matched with {action = "GetEmployeesByDepartment", controller = "Home"}. Executing controller action with signature System.Threading.Tasks.Task`1[Microsoft.AspNetCore.Mvc.IActionResult] GetEmployeesByDepartment(Int32) on controller PhoneBook.Controllers.HomeController (PhoneBook).
info: System.Net.Http.HttpClient.IApiService.ClientHandler[100]
      Sending HTTP request GET http://10.10.3.159:8683/api/Employees
info: System.Net.Http.HttpClient.IApiService.LogicalHandler[100]
      Start processing HTTP request GET http://10.10.3.159:8683/api/Departments/0/employees
info: System.Net.Http.HttpClient.IApiService.ClientHandler[100]
      Sending HTTP request GET http://10.10.3.159:8683/api/Departments/0/employees
info: System.Net.Http.HttpClient.IApiService.ClientHandler[101]
      Received HTTP response headers after 10.2653ms - 200
info: System.Net.Http.HttpClient.IApiService.LogicalHandler[101]
      End processing HTTP request after 16.751ms - 200
info: Microsoft.AspNetCore.Mvc.Infrastructure.SystemTextJsonResultExecutor[1]
      Executing JsonResult, writing value of type 'System.Collections.Generic.List`1[[PhoneBook.Models.Employee, PhoneBook, Version=1.0.0.0, Culture=neutral, PublicKeyToken=null]]'.
info: Microsoft.AspNetCore.Mvc.Infrastructure.ControllerActionInvoker[105]
      Executed action PhoneBook.Controllers.HomeController.GetAllEmployees (PhoneBook) in 25.3289ms
info: Microsoft.AspNetCore.Routing.EndpointMiddleware[1]
      Executed endpoint 'PhoneBook.Controllers.HomeController.GetAllEmployees (PhoneBook)'
info: Microsoft.AspNetCore.Hosting.Diagnostics[2]
      Request finished HTTP/2 GET https://localhost:44364/Home/GetAllEmployees?sort=&group=&filter= - 200 - application/json;+charset=utf-8 37.7741ms
info: Microsoft.AspNetCore.Hosting.Diagnostics[1]
      Request starting HTTP/2 GET https://localhost:44364/Home/GetAllEmployees?sort=&group=&filter= - - -
info: System.Net.Http.HttpClient.IApiService.ClientHandler[101]
      Received HTTP response headers after 28.7352ms - 200
info: System.Net.Http.HttpClient.IApiService.LogicalHandler[101]
      End processing HTTP request after 33.921ms - 200
info: Microsoft.AspNetCore.Routing.EndpointMiddleware[0]
      Executing endpoint 'PhoneBook.Controllers.HomeController.GetAllEmployees (PhoneBook)'
info: Microsoft.AspNetCore.Mvc.Infrastructure.ControllerActionInvoker[102]
      Route matched with {action = "GetAllEmployees", controller = "Home"}. Executing controller action with signature System.Threading.Tasks.Task`1[Microsoft.AspNetCore.Mvc.IActionResult] GetAllEmployees() on controller PhoneBook.Controllers.HomeController (PhoneBook).
info: System.Net.Http.HttpClient.IApiService.LogicalHandler[100]
      Start processing HTTP request GET http://10.10.3.159:8683/api/Employees
info: System.Net.Http.HttpClient.IApiService.ClientHandler[100]
      Sending HTTP request GET http://10.10.3.159:8683/api/Employees
info: Microsoft.AspNetCore.Mvc.Infrastructure.SystemTextJsonResultExecutor[1]
      Executing JsonResult, writing value of type 'System.Collections.Generic.List`1[[PhoneBook.Models.Employee, PhoneBook, Version=1.0.0.0, Culture=neutral, PublicKeyToken=null]]'.
info: Microsoft.AspNetCore.Hosting.Diagnostics[1]
      Request starting HTTP/2 GET https://localhost:44364/Home/GetEmployeesByDepartment?departmentId=0 - application/json -
info: Microsoft.AspNetCore.Mvc.Infrastructure.ControllerActionInvoker[105]
      Executed action PhoneBook.Controllers.HomeController.GetEmployeesByDepartment (PhoneBook) in 53.3479ms
info: Microsoft.AspNetCore.Routing.EndpointMiddleware[1]
      Executed endpoint 'PhoneBook.Controllers.HomeController.GetEmployeesByDepartment (PhoneBook)'
info: Microsoft.AspNetCore.Routing.EndpointMiddleware[0]
      Executing endpoint 'PhoneBook.Controllers.HomeController.GetEmployeesByDepartment (PhoneBook)'
info: System.Net.Http.HttpClient.IApiService.ClientHandler[101]
      Received HTTP response headers after 13.6159ms - 200
info: Microsoft.AspNetCore.Hosting.Diagnostics[2]
      Request finished HTTP/2 GET https://localhost:44364/Home/GetEmployeesByDepartment?departmentId=0 - 200 - application/json;+charset=utf-8 68.2491ms
info: Microsoft.AspNetCore.Mvc.Infrastructure.ControllerActionInvoker[102]
      Route matched with {action = "GetEmployeesByDepartment", controller = "Home"}. Executing controller action with signature System.Threading.Tasks.Task`1[Microsoft.AspNetCore.Mvc.IActionResult] GetEmployeesByDepartment(Int32) on controller PhoneBook.Controllers.HomeController (PhoneBook).
info: System.Net.Http.HttpClient.IApiService.LogicalHandler[101]
      End processing HTTP request after 19.9696ms - 200
info: System.Net.Http.HttpClient.IApiService.LogicalHandler[100]
      Start processing HTTP request GET http://10.10.3.159:8683/api/Departments/0/employees
info: System.Net.Http.HttpClient.IApiService.ClientHandler[100]
      Sending HTTP request GET http://10.10.3.159:8683/api/Departments/0/employees
info: Microsoft.AspNetCore.Mvc.Infrastructure.SystemTextJsonResultExecutor[1]
      Executing JsonResult, writing value of type 'System.Collections.Generic.List`1[[PhoneBook.Models.Employee, PhoneBook, Version=1.0.0.0, Culture=neutral, PublicKeyToken=null]]'.
info: Microsoft.AspNetCore.Mvc.Infrastructure.ControllerActionInvoker[105]
      Executed action PhoneBook.Controllers.HomeController.GetAllEmployees (PhoneBook) in 38.8504ms
info: Microsoft.AspNetCore.Routing.EndpointMiddleware[1]
      Executed endpoint 'PhoneBook.Controllers.HomeController.GetAllEmployees (PhoneBook)'
info: Microsoft.AspNetCore.Hosting.Diagnostics[2]
      Request finished HTTP/2 GET https://localhost:44364/Home/GetAllEmployees?sort=&group=&filter= - 200 - application/json;+charset=utf-8 53.3489ms
info: System.Net.Http.HttpClient.IApiService.ClientHandler[101]
      Received HTTP response headers after 42.8752ms - 200
info: System.Net.Http.HttpClient.IApiService.LogicalHandler[101]
      End processing HTTP request after 49.8781ms - 200
info: Microsoft.AspNetCore.Mvc.Infrastructure.SystemTextJsonResultExecutor[1]
      Executing JsonResult, writing value of type 'System.Collections.Generic.List`1[[PhoneBook.Models.Employee, PhoneBook, Version=1.0.0.0, Culture=neutral, PublicKeyToken=null]]'.
info: Microsoft.AspNetCore.Mvc.Infrastructure.ControllerActionInvoker[105]
      Executed action PhoneBook.Controllers.HomeController.GetEmployeesByDepartment (PhoneBook) in 59.6447ms
info: Microsoft.AspNetCore.Routing.EndpointMiddleware[1]
      Executed endpoint 'PhoneBook.Controllers.HomeController.GetEmployeesByDepartment (PhoneBook)'
info: Microsoft.AspNetCore.Hosting.Diagnostics[2]
      Request finished HTTP/2 GET https://localhost:44364/Home/GetEmployeesByDepartment?departmentId=0 - 200 - application/json;+charset=utf-8 75.1163ms
info: Microsoft.AspNetCore.Hosting.Diagnostics[1]
      Request starting HTTP/2 GET https://localhost:44364/Home/GetEmployeesByDepartment?departmentId=0 - application/json -
info: Microsoft.AspNetCore.Routing.EndpointMiddleware[0]
      Executing endpoint 'PhoneBook.Controllers.HomeController.GetEmployeesByDepartment (PhoneBook)'
info: Microsoft.AspNetCore.Mvc.Infrastructure.ControllerActionInvoker[102]
      Route matched with {action = "GetEmployeesByDepartment", controller = "Home"}. Executing controller action with signature System.Threading.Tasks.Task`1[Microsoft.AspNetCore.Mvc.IActionResult] GetEmployeesByDepartment(Int32) on controller PhoneBook.Controllers.HomeController (PhoneBook).
info: System.Net.Http.HttpClient.IApiService.LogicalHandler[100]
      Start processing HTTP request GET http://10.10.3.159:8683/api/Departments/0/employees
info: System.Net.Http.HttpClient.IApiService.ClientHandler[100]
      Sending HTTP request GET http://10.10.3.159:8683/api/Departments/0/employees
info: System.Net.Http.HttpClient.IApiService.ClientHandler[101]
      Received HTTP response headers after 25.5252ms - 200
info: System.Net.Http.HttpClient.IApiService.LogicalHandler[101]
      End processing HTTP request after 31.0998ms - 200
info: Microsoft.AspNetCore.Mvc.Infrastructure.SystemTextJsonResultExecutor[1]
      Executing JsonResult, writing value of type 'System.Collections.Generic.List`1[[PhoneBook.Models.Employee, PhoneBook, Version=1.0.0.0, Culture=neutral, PublicKeyToken=null]]'.
info: Microsoft.AspNetCore.Mvc.Infrastructure.ControllerActionInvoker[105]
      Executed action PhoneBook.Controllers.HomeController.GetEmployeesByDepartment (PhoneBook) in 37.7054ms
info: Microsoft.AspNetCore.Routing.EndpointMiddleware[1]
      Executed endpoint 'PhoneBook.Controllers.HomeController.GetEmployeesByDepartment (PhoneBook)'
info: Microsoft.AspNetCore.Hosting.Diagnostics[2]
      Request finished HTTP/2 GET https://localhost:44364/Home/GetEmployeesByDepartment?departmentId=0 - 200 - application/json;+charset=utf-8 48.7344ms
info: Microsoft.AspNetCore.Hosting.Diagnostics[1]
      Request starting HTTP/2 GET https://localhost:44364/ - - -
info: Microsoft.AspNetCore.Routing.EndpointMiddleware[0]
      Executing endpoint 'PhoneBook.Controllers.HomeController.Index (PhoneBook)'
info: Microsoft.AspNetCore.Mvc.Infrastructure.ControllerActionInvoker[102]
      Route matched with {action = "Index", controller = "Home"}. Executing controller action with signature System.Threading.Tasks.Task`1[Microsoft.AspNetCore.Mvc.IActionResult] Index() on controller PhoneBook.Controllers.HomeController (PhoneBook).
info: System.Net.Http.HttpClient.IApiService.LogicalHandler[100]
      Start processing HTTP request GET http://10.10.3.159:8683/api/Departments
info: System.Net.Http.HttpClient.IApiService.ClientHandler[100]
      Sending HTTP request GET http://10.10.3.159:8683/api/Departments
info: System.Net.Http.HttpClient.IApiService.ClientHandler[101]
      Received HTTP response headers after 1.9902ms - 200
info: System.Net.Http.HttpClient.IApiService.LogicalHandler[101]
      End processing HTTP request after 7.0775ms - 200
info: Microsoft.AspNetCore.Mvc.ViewFeatures.ViewResultExecutor[1]
      Executing ViewResult, running view Index.
info: Microsoft.AspNetCore.Mvc.ViewFeatures.ViewResultExecutor[4]
      Executed ViewResult - view Index executed in 5.7608ms.
info: Microsoft.AspNetCore.Mvc.Infrastructure.ControllerActionInvoker[105]
      Executed action PhoneBook.Controllers.HomeController.Index (PhoneBook) in 17.8621ms
info: Microsoft.AspNetCore.Routing.EndpointMiddleware[1]
      Executed endpoint 'PhoneBook.Controllers.HomeController.Index (PhoneBook)'
info: Microsoft.AspNetCore.Hosting.Diagnostics[2]
      Request finished HTTP/2 GET https://localhost:44364/ - 200 - text/html;+charset=utf-8 31.0660ms
info: Microsoft.AspNetCore.Hosting.Diagnostics[1]
      Request starting HTTP/2 GET https://localhost:44364/_vs/browserLink - - -
info: Microsoft.AspNetCore.Hosting.Diagnostics[1]
      Request starting HTTP/2 GET https://localhost:44364/_framework/aspnetcore-browser-refresh.js - - -
info: Microsoft.AspNetCore.Hosting.Diagnostics[2]
      Request finished HTTP/2 GET https://localhost:44364/_framework/aspnetcore-browser-refresh.js - 200 16503 application/javascript;+charset=utf-8 5.8106ms
info: Microsoft.AspNetCore.Hosting.Diagnostics[1]
      Request starting HTTP/2 GET https://localhost:44364/Home/GetDepartments - - -
info: Microsoft.AspNetCore.Routing.EndpointMiddleware[0]
      Executing endpoint 'PhoneBook.Controllers.HomeController.GetDepartments (PhoneBook)'
info: Microsoft.AspNetCore.Mvc.Infrastructure.ControllerActionInvoker[102]
      Route matched with {action = "GetDepartments", controller = "Home"}. Executing controller action with signature System.Threading.Tasks.Task`1[Microsoft.AspNetCore.Mvc.IActionResult] GetDepartments() on controller PhoneBook.Controllers.HomeController (PhoneBook).
info: System.Net.Http.HttpClient.IApiService.LogicalHandler[100]
      Start processing HTTP request GET http://10.10.3.159:8683/api/Departments
info: System.Net.Http.HttpClient.IApiService.ClientHandler[100]
      Sending HTTP request GET http://10.10.3.159:8683/api/Departments
info: Microsoft.AspNetCore.Hosting.Diagnostics[2]
      Request finished HTTP/2 GET https://localhost:44364/_vs/browserLink - 200 - text/javascript;+charset=UTF-8 17.6922ms
info: System.Net.Http.HttpClient.IApiService.ClientHandler[101]
      Received HTTP response headers after 2.9074ms - 200
info: System.Net.Http.HttpClient.IApiService.LogicalHandler[101]
      End processing HTTP request after 8.5364ms - 200
info: Microsoft.AspNetCore.Hosting.Diagnostics[1]
      Request starting HTTP/2 GET https://localhost:44364/Home/GetAllEmployees?sort=&group=&filter= - - -
info: Microsoft.AspNetCore.Mvc.Infrastructure.SystemTextJsonResultExecutor[1]
      Executing JsonResult, writing value of type 'System.Linq.Enumerable+SelectListIterator`2[[PhoneBook.Models.Department, PhoneBook, Version=1.0.0.0, Culture=neutral, PublicKeyToken=null],[<>f__AnonymousType2`5[[System.Int32, System.Private.CoreLib, Version=8.0.0.0, Culture=neutral, PublicKeyToken=7cec85d7bea7798e],[System.String, System.Private.CoreLib, Version=8.0.0.0, Culture=neutral, PublicKeyToken=7cec85d7bea7798e],[System.Int32, System.Private.CoreLib, Version=8.0.0.0, Culture=neutral, PublicKeyToken=7cec85d7bea7798e],[System.Boolean, System.Private.CoreLib, Version=8.0.0.0, Culture=neutral, PublicKeyToken=7cec85d7bea7798e],[System.Collections.Generic.List`1[[System.Object, System.Private.CoreLib, Version=8.0.0.0, Culture=neutral, PublicKeyToken=7cec85d7bea7798e]], System.Private.CoreLib, Version=8.0.0.0, Culture=neutral, PublicKeyToken=7cec85d7bea7798e]], PhoneBook, Version=1.0.0.0, Culture=neutral, PublicKeyToken=null]]'.
info: Microsoft.AspNetCore.Routing.EndpointMiddleware[0]
      Executing endpoint 'PhoneBook.Controllers.HomeController.GetAllEmployees (PhoneBook)'
info: Microsoft.AspNetCore.Mvc.Infrastructure.ControllerActionInvoker[102]
      Route matched with {action = "GetAllEmployees", controller = "Home"}. Executing controller action with signature System.Threading.Tasks.Task`1[Microsoft.AspNetCore.Mvc.IActionResult] GetAllEmployees() on controller PhoneBook.Controllers.HomeController (PhoneBook).
info: Microsoft.AspNetCore.Mvc.Infrastructure.ControllerActionInvoker[105]
      Executed action PhoneBook.Controllers.HomeController.GetDepartments (PhoneBook) in 20.3491ms
info: System.Net.Http.HttpClient.IApiService.LogicalHandler[100]
      Start processing HTTP request GET http://10.10.3.159:8683/api/Employees
info: Microsoft.AspNetCore.Routing.EndpointMiddleware[1]
      Executed endpoint 'PhoneBook.Controllers.HomeController.GetDepartments (PhoneBook)'
info: System.Net.Http.HttpClient.IApiService.ClientHandler[100]
      Sending HTTP request GET http://10.10.3.159:8683/api/Employees
info: Microsoft.AspNetCore.Hosting.Diagnostics[2]
      Request finished HTTP/2 GET https://localhost:44364/Home/GetDepartments - 200 - application/json;+charset=utf-8 33.1931ms
info: System.Net.Http.HttpClient.IApiService.ClientHandler[101]
      Received HTTP response headers after 10.2777ms - 200
info: System.Net.Http.HttpClient.IApiService.LogicalHandler[101]
      End processing HTTP request after 17.9848ms - 200
info: Microsoft.AspNetCore.Mvc.Infrastructure.SystemTextJsonResultExecutor[1]
      Executing JsonResult, writing value of type 'System.Collections.Generic.List`1[[PhoneBook.Models.Employee, PhoneBook, Version=1.0.0.0, Culture=neutral, PublicKeyToken=null]]'.
info: Microsoft.AspNetCore.Mvc.Infrastructure.ControllerActionInvoker[105]
      Executed action PhoneBook.Controllers.HomeController.GetAllEmployees (PhoneBook) in 24.5002ms
info: Microsoft.AspNetCore.Routing.EndpointMiddleware[1]
      Executed endpoint 'PhoneBook.Controllers.HomeController.GetAllEmployees (PhoneBook)'
info: Microsoft.AspNetCore.Hosting.Diagnostics[2]
      Request finished HTTP/2 GET https://localhost:44364/Home/GetAllEmployees?sort=&group=&filter= - 200 - application/json;+charset=utf-8 38.6101ms
info: Microsoft.AspNetCore.Hosting.Diagnostics[1]
      Request starting HTTP/2 GET https://localhost:44364/Home/GetAllEmployees?sort=&group=&filter= - - -
info: Microsoft.AspNetCore.Hosting.Diagnostics[1]
      Request starting HTTP/2 GET https://localhost:44364/Home/GetEmployeesByDepartment?departmentId=0 - application/json -
info: Microsoft.AspNetCore.Routing.EndpointMiddleware[0]
      Executing endpoint 'PhoneBook.Controllers.HomeController.GetAllEmployees (PhoneBook)'
info: Microsoft.AspNetCore.Routing.EndpointMiddleware[0]
      Executing endpoint 'PhoneBook.Controllers.HomeController.GetEmployeesByDepartment (PhoneBook)'
info: Microsoft.AspNetCore.Mvc.Infrastructure.ControllerActionInvoker[102]
      Route matched with {action = "GetAllEmployees", controller = "Home"}. Executing controller action with signature System.Threading.Tasks.Task`1[Microsoft.AspNetCore.Mvc.IActionResult] GetAllEmployees() on controller PhoneBook.Controllers.HomeController (PhoneBook).
info: Microsoft.AspNetCore.Mvc.Infrastructure.ControllerActionInvoker[102]
      Route matched with {action = "GetEmployeesByDepartment", controller = "Home"}. Executing controller action with signature System.Threading.Tasks.Task`1[Microsoft.AspNetCore.Mvc.IActionResult] GetEmployeesByDepartment(Int32) on controller PhoneBook.Controllers.HomeController (PhoneBook).
info: System.Net.Http.HttpClient.IApiService.LogicalHandler[100]
      Start processing HTTP request GET http://10.10.3.159:8683/api/Employees
info: System.Net.Http.HttpClient.IApiService.LogicalHandler[100]
      Start processing HTTP request GET http://10.10.3.159:8683/api/Departments/0/employees
info: System.Net.Http.HttpClient.IApiService.ClientHandler[100]
      Sending HTTP request GET http://10.10.3.159:8683/api/Employees
info: System.Net.Http.HttpClient.IApiService.ClientHandler[100]
      Sending HTTP request GET http://10.10.3.159:8683/api/Departments/0/employees
info: System.Net.Http.HttpClient.IApiService.ClientHandler[101]
      Received HTTP response headers after 9.7501ms - 200
info: System.Net.Http.HttpClient.IApiService.LogicalHandler[101]
      End processing HTTP request after 16.8462ms - 200
info: Microsoft.AspNetCore.Mvc.Infrastructure.SystemTextJsonResultExecutor[1]
      Executing JsonResult, writing value of type 'System.Collections.Generic.List`1[[PhoneBook.Models.Employee, PhoneBook, Version=1.0.0.0, Culture=neutral, PublicKeyToken=null]]'.
info: Microsoft.AspNetCore.Mvc.Infrastructure.ControllerActionInvoker[105]
      Executed action PhoneBook.Controllers.HomeController.GetAllEmployees (PhoneBook) in 25.5703ms
info: Microsoft.AspNetCore.Routing.EndpointMiddleware[1]
      Executed endpoint 'PhoneBook.Controllers.HomeController.GetAllEmployees (PhoneBook)'
info: Microsoft.AspNetCore.Hosting.Diagnostics[2]
      Request finished HTTP/2 GET https://localhost:44364/Home/GetAllEmployees?sort=&group=&filter= - 200 - application/json;+charset=utf-8 38.7977ms
info: Microsoft.AspNetCore.Hosting.Diagnostics[1]
      Request starting HTTP/2 GET https://localhost:44364/Home/GetAllEmployees?sort=&group=&filter= - - -
info: System.Net.Http.HttpClient.IApiService.ClientHandler[101]
      Received HTTP response headers after 26.3421ms - 200
info: System.Net.Http.HttpClient.IApiService.LogicalHandler[101]
      End processing HTTP request after 35.019ms - 200
info: Microsoft.AspNetCore.Routing.EndpointMiddleware[0]
      Executing endpoint 'PhoneBook.Controllers.HomeController.GetAllEmployees (PhoneBook)'
info: Microsoft.AspNetCore.Mvc.Infrastructure.ControllerActionInvoker[102]
      Route matched with {action = "GetAllEmployees", controller = "Home"}. Executing controller action with signature System.Threading.Tasks.Task`1[Microsoft.AspNetCore.Mvc.IActionResult] GetAllEmployees() on controller PhoneBook.Controllers.HomeController (PhoneBook).
info: System.Net.Http.HttpClient.IApiService.LogicalHandler[100]
      Start processing HTTP request GET http://10.10.3.159:8683/api/Employees
info: System.Net.Http.HttpClient.IApiService.ClientHandler[100]
      Sending HTTP request GET http://10.10.3.159:8683/api/Employees
info: Microsoft.AspNetCore.Mvc.Infrastructure.SystemTextJsonResultExecutor[1]
      Executing JsonResult, writing value of type 'System.Collections.Generic.List`1[[PhoneBook.Models.Employee, PhoneBook, Version=1.0.0.0, Culture=neutral, PublicKeyToken=null]]'.
info: Microsoft.AspNetCore.Hosting.Diagnostics[1]
      Request starting HTTP/2 GET https://localhost:44364/Home/GetEmployeesByDepartment?departmentId=0 - application/json -
info: Microsoft.AspNetCore.Mvc.Infrastructure.ControllerActionInvoker[105]
      Executed action PhoneBook.Controllers.HomeController.GetEmployeesByDepartment (PhoneBook) in 53.7991ms
info: Microsoft.AspNetCore.Routing.EndpointMiddleware[1]
      Executed endpoint 'PhoneBook.Controllers.HomeController.GetEmployeesByDepartment (PhoneBook)'
info: System.Net.Http.HttpClient.IApiService.ClientHandler[101]
      Received HTTP response headers after 11.5195ms - 200
info: Microsoft.AspNetCore.Routing.EndpointMiddleware[0]
      Executing endpoint 'PhoneBook.Controllers.HomeController.GetEmployeesByDepartment (PhoneBook)'
info: System.Net.Http.HttpClient.IApiService.LogicalHandler[101]
      End processing HTTP request after 18.077ms - 200
info: Microsoft.AspNetCore.Hosting.Diagnostics[2]
      Request finished HTTP/2 GET https://localhost:44364/Home/GetEmployeesByDepartment?departmentId=0 - 200 - application/json;+charset=utf-8 71.1079ms
info: Microsoft.AspNetCore.Mvc.Infrastructure.ControllerActionInvoker[102]
      Route matched with {action = "GetEmployeesByDepartment", controller = "Home"}. Executing controller action with signature System.Threading.Tasks.Task`1[Microsoft.AspNetCore.Mvc.IActionResult] GetEmployeesByDepartment(Int32) on controller PhoneBook.Controllers.HomeController (PhoneBook).
info: System.Net.Http.HttpClient.IApiService.LogicalHandler[100]
      Start processing HTTP request GET http://10.10.3.159:8683/api/Departments/0/employees
info: System.Net.Http.HttpClient.IApiService.ClientHandler[100]
      Sending HTTP request GET http://10.10.3.159:8683/api/Departments/0/employees
info: Microsoft.AspNetCore.Mvc.Infrastructure.SystemTextJsonResultExecutor[1]
      Executing JsonResult, writing value of type 'System.Collections.Generic.List`1[[PhoneBook.Models.Employee, PhoneBook, Version=1.0.0.0, Culture=neutral, PublicKeyToken=null]]'.
info: Microsoft.AspNetCore.Mvc.Infrastructure.ControllerActionInvoker[105]
      Executed action PhoneBook.Controllers.HomeController.GetAllEmployees (PhoneBook) in 37.282ms
info: Microsoft.AspNetCore.Routing.EndpointMiddleware[1]
      Executed endpoint 'PhoneBook.Controllers.HomeController.GetAllEmployees (PhoneBook)'
info: Microsoft.AspNetCore.Hosting.Diagnostics[2]
      Request finished HTTP/2 GET https://localhost:44364/Home/GetAllEmployees?sort=&group=&filter= - 200 - application/json;+charset=utf-8 51.7310ms
info: System.Net.Http.HttpClient.IApiService.ClientHandler[101]
      Received HTTP response headers after 25.8787ms - 200
info: System.Net.Http.HttpClient.IApiService.LogicalHandler[101]
      End processing HTTP request after 32.6626ms - 200
info: Microsoft.AspNetCore.Mvc.Infrastructure.SystemTextJsonResultExecutor[1]
      Executing JsonResult, writing value of type 'System.Collections.Generic.List`1[[PhoneBook.Models.Employee, PhoneBook, Version=1.0.0.0, Culture=neutral, PublicKeyToken=null]]'.
info: Microsoft.AspNetCore.Mvc.Infrastructure.ControllerActionInvoker[105]
      Executed action PhoneBook.Controllers.HomeController.GetEmployeesByDepartment (PhoneBook) in 39.9408ms
info: Microsoft.AspNetCore.Routing.EndpointMiddleware[1]
      Executed endpoint 'PhoneBook.Controllers.HomeController.GetEmployeesByDepartment (PhoneBook)'
info: Microsoft.AspNetCore.Hosting.Diagnostics[2]
      Request finished HTTP/2 GET https://localhost:44364/Home/GetEmployeesByDepartment?departmentId=0 - 200 - application/json;+charset=utf-8 59.6114ms
info: Microsoft.AspNetCore.Hosting.Diagnostics[1]
      Request starting HTTP/2 GET https://localhost:44364/Home/GetEmployeesByDepartment?departmentId=0 - application/json -
info: Microsoft.AspNetCore.Routing.EndpointMiddleware[0]
      Executing endpoint 'PhoneBook.Controllers.HomeController.GetEmployeesByDepartment (PhoneBook)'
info: Microsoft.AspNetCore.Mvc.Infrastructure.ControllerActionInvoker[102]
      Route matched with {action = "GetEmployeesByDepartment", controller = "Home"}. Executing controller action with signature System.Threading.Tasks.Task`1[Microsoft.AspNetCore.Mvc.IActionResult] GetEmployeesByDepartment(Int32) on controller PhoneBook.Controllers.HomeController (PhoneBook).
info: System.Net.Http.HttpClient.IApiService.LogicalHandler[100]
      Start processing HTTP request GET http://10.10.3.159:8683/api/Departments/0/employees
info: System.Net.Http.HttpClient.IApiService.ClientHandler[100]
      Sending HTTP request GET http://10.10.3.159:8683/api/Departments/0/employees
info: System.Net.Http.HttpClient.IApiService.ClientHandler[101]
      Received HTTP response headers after 25.4201ms - 200
info: System.Net.Http.HttpClient.IApiService.LogicalHandler[101]
      End processing HTTP request after 30.7253ms - 200
info: Microsoft.AspNetCore.Mvc.Infrastructure.SystemTextJsonResultExecutor[1]
      Executing JsonResult, writing value of type 'System.Collections.Generic.List`1[[PhoneBook.Models.Employee, PhoneBook, Version=1.0.0.0, Culture=neutral, PublicKeyToken=null]]'.
info: Microsoft.AspNetCore.Mvc.Infrastructure.ControllerActionInvoker[105]
      Executed action PhoneBook.Controllers.HomeController.GetEmployeesByDepartment (PhoneBook) in 36.0996ms
info: Microsoft.AspNetCore.Routing.EndpointMiddleware[1]
      Executed endpoint 'PhoneBook.Controllers.HomeController.GetEmployeesByDepartment (PhoneBook)'
info: Microsoft.AspNetCore.Hosting.Diagnostics[2]
      Request finished HTTP/2 GET https://localhost:44364/Home/GetEmployeesByDepartment?departmentId=0 - 200 - application/json;+charset=utf-8 46.7528ms
info: Microsoft.AspNetCore.Hosting.Diagnostics[1]
      Request starting HTTP/2 GET https://localhost:44364/ - - -
info: Microsoft.AspNetCore.Routing.EndpointMiddleware[0]
      Executing endpoint 'PhoneBook.Controllers.HomeController.Index (PhoneBook)'
info: Microsoft.AspNetCore.Mvc.Infrastructure.ControllerActionInvoker[102]
      Route matched with {action = "Index", controller = "Home"}. Executing controller action with signature System.Threading.Tasks.Task`1[Microsoft.AspNetCore.Mvc.IActionResult] Index() on controller PhoneBook.Controllers.HomeController (PhoneBook).
info: System.Net.Http.HttpClient.IApiService.LogicalHandler[100]
      Start processing HTTP request GET http://10.10.3.159:8683/api/Departments
info: System.Net.Http.HttpClient.IApiService.ClientHandler[100]
      Sending HTTP request GET http://10.10.3.159:8683/api/Departments
info: System.Net.Http.HttpClient.IApiService.ClientHandler[101]
      Received HTTP response headers after 2.3239ms - 200
info: System.Net.Http.HttpClient.IApiService.LogicalHandler[101]
      End processing HTTP request after 6.3194ms - 200
info: Microsoft.AspNetCore.Mvc.ViewFeatures.ViewResultExecutor[1]
      Executing ViewResult, running view Index.
info: Microsoft.AspNetCore.Mvc.ViewFeatures.ViewResultExecutor[4]
      Executed ViewResult - view Index executed in 4.7052ms.
info: Microsoft.AspNetCore.Mvc.Infrastructure.ControllerActionInvoker[105]
      Executed action PhoneBook.Controllers.HomeController.Index (PhoneBook) in 15.0889ms
info: Microsoft.AspNetCore.Routing.EndpointMiddleware[1]
      Executed endpoint 'PhoneBook.Controllers.HomeController.Index (PhoneBook)'
info: Microsoft.AspNetCore.Hosting.Diagnostics[2]
      Request finished HTTP/2 GET https://localhost:44364/ - 200 - text/html;+charset=utf-8 25.7308ms
info: Microsoft.AspNetCore.Hosting.Diagnostics[1]
      Request starting HTTP/2 GET https://localhost:44364/_framework/aspnetcore-browser-refresh.js - - -
info: Microsoft.AspNetCore.Hosting.Diagnostics[1]
      Request starting HTTP/2 GET https://localhost:44364/_vs/browserLink - - -
info: Microsoft.AspNetCore.Hosting.Diagnostics[2]
      Request finished HTTP/2 GET https://localhost:44364/_framework/aspnetcore-browser-refresh.js - 200 16503 application/javascript;+charset=utf-8 5.6695ms
info: Microsoft.AspNetCore.Hosting.Diagnostics[1]
      Request starting HTTP/2 GET https://localhost:44364/Home/GetDepartments - - -
info: Microsoft.AspNetCore.Routing.EndpointMiddleware[0]
      Executing endpoint 'PhoneBook.Controllers.HomeController.GetDepartments (PhoneBook)'
info: Microsoft.AspNetCore.Mvc.Infrastructure.ControllerActionInvoker[102]
      Route matched with {action = "GetDepartments", controller = "Home"}. Executing controller action with signature System.Threading.Tasks.Task`1[Microsoft.AspNetCore.Mvc.IActionResult] GetDepartments() on controller PhoneBook.Controllers.HomeController (PhoneBook).
info: System.Net.Http.HttpClient.IApiService.LogicalHandler[100]
      Start processing HTTP request GET http://10.10.3.159:8683/api/Departments
info: System.Net.Http.HttpClient.IApiService.ClientHandler[100]
      Sending HTTP request GET http://10.10.3.159:8683/api/Departments
info: Microsoft.AspNetCore.Hosting.Diagnostics[2]
      Request finished HTTP/2 GET https://localhost:44364/_vs/browserLink - 200 - text/javascript;+charset=UTF-8 21.1284ms
info: System.Net.Http.HttpClient.IApiService.ClientHandler[101]
      Received HTTP response headers after 3.3367ms - 200
info: System.Net.Http.HttpClient.IApiService.LogicalHandler[101]
      End processing HTTP request after 9.1183ms - 200
info: Microsoft.AspNetCore.Hosting.Diagnostics[1]
      Request starting HTTP/2 GET https://localhost:44364/Home/GetAllEmployees?sort=&group=&filter= - - -
info: Microsoft.AspNetCore.Mvc.Infrastructure.SystemTextJsonResultExecutor[1]
      Executing JsonResult, writing value of type 'System.Linq.Enumerable+SelectListIterator`2[[PhoneBook.Models.Department, PhoneBook, Version=1.0.0.0, Culture=neutral, PublicKeyToken=null],[<>f__AnonymousType2`5[[System.Int32, System.Private.CoreLib, Version=8.0.0.0, Culture=neutral, PublicKeyToken=7cec85d7bea7798e],[System.String, System.Private.CoreLib, Version=8.0.0.0, Culture=neutral, PublicKeyToken=7cec85d7bea7798e],[System.Int32, System.Private.CoreLib, Version=8.0.0.0, Culture=neutral, PublicKeyToken=7cec85d7bea7798e],[System.Boolean, System.Private.CoreLib, Version=8.0.0.0, Culture=neutral, PublicKeyToken=7cec85d7bea7798e],[System.Collections.Generic.List`1[[System.Object, System.Private.CoreLib, Version=8.0.0.0, Culture=neutral, PublicKeyToken=7cec85d7bea7798e]], System.Private.CoreLib, Version=8.0.0.0, Culture=neutral, PublicKeyToken=7cec85d7bea7798e]], PhoneBook, Version=1.0.0.0, Culture=neutral, PublicKeyToken=null]]'.
info: Microsoft.AspNetCore.Routing.EndpointMiddleware[0]
      Executing endpoint 'PhoneBook.Controllers.HomeController.GetAllEmployees (PhoneBook)'
info: Microsoft.AspNetCore.Mvc.Infrastructure.ControllerActionInvoker[102]
      Route matched with {action = "GetAllEmployees", controller = "Home"}. Executing controller action with signature System.Threading.Tasks.Task`1[Microsoft.AspNetCore.Mvc.IActionResult] GetAllEmployees() on controller PhoneBook.Controllers.HomeController (PhoneBook).
info: System.Net.Http.HttpClient.IApiService.LogicalHandler[100]
      Start processing HTTP request GET http://10.10.3.159:8683/api/Employees
info: System.Net.Http.HttpClient.IApiService.ClientHandler[100]
      Sending HTTP request GET http://10.10.3.159:8683/api/Employees
info: Microsoft.AspNetCore.Mvc.Infrastructure.ControllerActionInvoker[105]
      Executed action PhoneBook.Controllers.HomeController.GetDepartments (PhoneBook) in 23.2171ms
info: Microsoft.AspNetCore.Routing.EndpointMiddleware[1]
      Executed endpoint 'PhoneBook.Controllers.HomeController.GetDepartments (PhoneBook)'
info: Microsoft.AspNetCore.Hosting.Diagnostics[2]
      Request finished HTTP/2 GET https://localhost:44364/Home/GetDepartments - 200 - application/json;+charset=utf-8 37.6331ms
info: System.Net.Http.HttpClient.IApiService.ClientHandler[101]
      Received HTTP response headers after 10.7043ms - 200
info: System.Net.Http.HttpClient.IApiService.LogicalHandler[101]
      End processing HTTP request after 16.17ms - 200
info: Microsoft.AspNetCore.Mvc.Infrastructure.SystemTextJsonResultExecutor[1]
      Executing JsonResult, writing value of type 'System.Collections.Generic.List`1[[PhoneBook.Models.Employee, PhoneBook, Version=1.0.0.0, Culture=neutral, PublicKeyToken=null]]'.
info: Microsoft.AspNetCore.Mvc.Infrastructure.ControllerActionInvoker[105]
      Executed action PhoneBook.Controllers.HomeController.GetAllEmployees (PhoneBook) in 23.2426ms
info: Microsoft.AspNetCore.Routing.EndpointMiddleware[1]
      Executed endpoint 'PhoneBook.Controllers.HomeController.GetAllEmployees (PhoneBook)'
info: Microsoft.AspNetCore.Hosting.Diagnostics[2]
      Request finished HTTP/2 GET https://localhost:44364/Home/GetAllEmployees?sort=&group=&filter= - 200 - application/json;+charset=utf-8 38.6672ms
info: Microsoft.AspNetCore.Hosting.Diagnostics[1]
      Request starting HTTP/2 GET https://localhost:44364/Home/GetAllEmployees?sort=&group=&filter= - - -
info: Microsoft.AspNetCore.Hosting.Diagnostics[1]
      Request starting HTTP/2 GET https://localhost:44364/Home/GetEmployeesByDepartment?departmentId=0 - application/json -
info: Microsoft.AspNetCore.Routing.EndpointMiddleware[0]
      Executing endpoint 'PhoneBook.Controllers.HomeController.GetAllEmployees (PhoneBook)'
info: Microsoft.AspNetCore.Routing.EndpointMiddleware[0]
      Executing endpoint 'PhoneBook.Controllers.HomeController.GetEmployeesByDepartment (PhoneBook)'
info: Microsoft.AspNetCore.Mvc.Infrastructure.ControllerActionInvoker[102]
      Route matched with {action = "GetAllEmployees", controller = "Home"}. Executing controller action with signature System.Threading.Tasks.Task`1[Microsoft.AspNetCore.Mvc.IActionResult] GetAllEmployees() on controller PhoneBook.Controllers.HomeController (PhoneBook).
info: Microsoft.AspNetCore.Mvc.Infrastructure.ControllerActionInvoker[102]
      Route matched with {action = "GetEmployeesByDepartment", controller = "Home"}. Executing controller action with signature System.Threading.Tasks.Task`1[Microsoft.AspNetCore.Mvc.IActionResult] GetEmployeesByDepartment(Int32) on controller PhoneBook.Controllers.HomeController (PhoneBook).
info: System.Net.Http.HttpClient.IApiService.LogicalHandler[100]
      Start processing HTTP request GET http://10.10.3.159:8683/api/Employees
info: System.Net.Http.HttpClient.IApiService.LogicalHandler[100]
      Start processing HTTP request GET http://10.10.3.159:8683/api/Departments/0/employees
info: System.Net.Http.HttpClient.IApiService.ClientHandler[100]
      Sending HTTP request GET http://10.10.3.159:8683/api/Employees
info: System.Net.Http.HttpClient.IApiService.ClientHandler[100]
      Sending HTTP request GET http://10.10.3.159:8683/api/Departments/0/employees
info: System.Net.Http.HttpClient.IApiService.ClientHandler[101]
      Received HTTP response headers after 9.6175ms - 200
info: System.Net.Http.HttpClient.IApiService.LogicalHandler[101]
      End processing HTTP request after 18.4198ms - 200
info: Microsoft.AspNetCore.Mvc.Infrastructure.SystemTextJsonResultExecutor[1]
      Executing JsonResult, writing value of type 'System.Collections.Generic.List`1[[PhoneBook.Models.Employee, PhoneBook, Version=1.0.0.0, Culture=neutral, PublicKeyToken=null]]'.
info: Microsoft.AspNetCore.Mvc.Infrastructure.ControllerActionInvoker[105]
      Executed action PhoneBook.Controllers.HomeController.GetAllEmployees (PhoneBook) in 26.7579ms
info: Microsoft.AspNetCore.Routing.EndpointMiddleware[1]
      Executed endpoint 'PhoneBook.Controllers.HomeController.GetAllEmployees (PhoneBook)'
info: Microsoft.AspNetCore.Hosting.Diagnostics[2]
      Request finished HTTP/2 GET https://localhost:44364/Home/GetAllEmployees?sort=&group=&filter= - 200 - application/json;+charset=utf-8 41.3202ms
info: Microsoft.AspNetCore.Hosting.Diagnostics[1]
      Request starting HTTP/2 GET https://localhost:44364/Home/GetAllEmployees?sort=&group=&filter= - - -
info: System.Net.Http.HttpClient.IApiService.ClientHandler[101]
      Received HTTP response headers after 27.242ms - 200
info: System.Net.Http.HttpClient.IApiService.LogicalHandler[101]
      End processing HTTP request after 36.6615ms - 200
info: Microsoft.AspNetCore.Routing.EndpointMiddleware[0]
      Executing endpoint 'PhoneBook.Controllers.HomeController.GetAllEmployees (PhoneBook)'
info: Microsoft.AspNetCore.Mvc.Infrastructure.ControllerActionInvoker[102]
      Route matched with {action = "GetAllEmployees", controller = "Home"}. Executing controller action with signature System.Threading.Tasks.Task`1[Microsoft.AspNetCore.Mvc.IActionResult] GetAllEmployees() on controller PhoneBook.Controllers.HomeController (PhoneBook).
info: System.Net.Http.HttpClient.IApiService.LogicalHandler[100]
      Start processing HTTP request GET http://10.10.3.159:8683/api/Employees
info: System.Net.Http.HttpClient.IApiService.ClientHandler[100]
      Sending HTTP request GET http://10.10.3.159:8683/api/Employees
info: Microsoft.AspNetCore.Mvc.Infrastructure.SystemTextJsonResultExecutor[1]
      Executing JsonResult, writing value of type 'System.Collections.Generic.List`1[[PhoneBook.Models.Employee, PhoneBook, Version=1.0.0.0, Culture=neutral, PublicKeyToken=null]]'.
info: Microsoft.AspNetCore.Mvc.Infrastructure.ControllerActionInvoker[105]
      Executed action PhoneBook.Controllers.HomeController.GetEmployeesByDepartment (PhoneBook) in 54.3073ms
info: Microsoft.AspNetCore.Routing.EndpointMiddleware[1]
      Executed endpoint 'PhoneBook.Controllers.HomeController.GetEmployeesByDepartment (PhoneBook)'
info: Microsoft.AspNetCore.Hosting.Diagnostics[1]
      Request starting HTTP/2 GET https://localhost:44364/Home/GetEmployeesByDepartment?departmentId=0 - application/json -
info: System.Net.Http.HttpClient.IApiService.ClientHandler[101]
      Received HTTP response headers after 10.4791ms - 200
info: System.Net.Http.HttpClient.IApiService.LogicalHandler[101]
      End processing HTTP request after 16.7237ms - 200
info: Microsoft.AspNetCore.Hosting.Diagnostics[2]
      Request finished HTTP/2 GET https://localhost:44364/Home/GetEmployeesByDepartment?departmentId=0 - 200 - application/json;+charset=utf-8 72.2634ms
info: Microsoft.AspNetCore.Routing.EndpointMiddleware[0]
      Executing endpoint 'PhoneBook.Controllers.HomeController.GetEmployeesByDepartment (PhoneBook)'
info: Microsoft.AspNetCore.Mvc.Infrastructure.ControllerActionInvoker[102]
      Route matched with {action = "GetEmployeesByDepartment", controller = "Home"}. Executing controller action with signature System.Threading.Tasks.Task`1[Microsoft.AspNetCore.Mvc.IActionResult] GetEmployeesByDepartment(Int32) on controller PhoneBook.Controllers.HomeController (PhoneBook).
info: System.Net.Http.HttpClient.IApiService.LogicalHandler[100]
      Start processing HTTP request GET http://10.10.3.159:8683/api/Departments/0/employees
info: System.Net.Http.HttpClient.IApiService.ClientHandler[100]
      Sending HTTP request GET http://10.10.3.159:8683/api/Departments/0/employees
info: Microsoft.AspNetCore.Mvc.Infrastructure.SystemTextJsonResultExecutor[1]
      Executing JsonResult, writing value of type 'System.Collections.Generic.List`1[[PhoneBook.Models.Employee, PhoneBook, Version=1.0.0.0, Culture=neutral, PublicKeyToken=null]]'.
info: Microsoft.AspNetCore.Mvc.Infrastructure.ControllerActionInvoker[105]
      Executed action PhoneBook.Controllers.HomeController.GetAllEmployees (PhoneBook) in 35.9861ms
info: Microsoft.AspNetCore.Routing.EndpointMiddleware[1]
      Executed endpoint 'PhoneBook.Controllers.HomeController.GetAllEmployees (PhoneBook)'
info: Microsoft.AspNetCore.Hosting.Diagnostics[2]
      Request finished HTTP/2 GET https://localhost:44364/Home/GetAllEmployees?sort=&group=&filter= - 200 - application/json;+charset=utf-8 49.9182ms
info: System.Net.Http.HttpClient.IApiService.ClientHandler[101]
      Received HTTP response headers after 27.2445ms - 200
info: System.Net.Http.HttpClient.IApiService.LogicalHandler[101]
      End processing HTTP request after 33.1112ms - 200
info: Microsoft.AspNetCore.Mvc.Infrastructure.SystemTextJsonResultExecutor[1]
      Executing JsonResult, writing value of type 'System.Collections.Generic.List`1[[PhoneBook.Models.Employee, PhoneBook, Version=1.0.0.0, Culture=neutral, PublicKeyToken=null]]'.
info: Microsoft.AspNetCore.Mvc.Infrastructure.ControllerActionInvoker[105]
      Executed action PhoneBook.Controllers.HomeController.GetEmployeesByDepartment (PhoneBook) in 39.4731ms
info: Microsoft.AspNetCore.Routing.EndpointMiddleware[1]
      Executed endpoint 'PhoneBook.Controllers.HomeController.GetEmployeesByDepartment (PhoneBook)'
info: Microsoft.AspNetCore.Hosting.Diagnostics[2]
      Request finished HTTP/2 GET https://localhost:44364/Home/GetEmployeesByDepartment?departmentId=0 - 200 - application/json;+charset=utf-8 56.1942ms
info: Microsoft.AspNetCore.Hosting.Diagnostics[1]
      Request starting HTTP/2 GET https://localhost:44364/Home/GetEmployeesByDepartment?departmentId=0 - application/json -
info: Microsoft.AspNetCore.Routing.EndpointMiddleware[0]
      Executing endpoint 'PhoneBook.Controllers.HomeController.GetEmployeesByDepartment (PhoneBook)'
info: Microsoft.AspNetCore.Mvc.Infrastructure.ControllerActionInvoker[102]
      Route matched with {action = "GetEmployeesByDepartment", controller = "Home"}. Executing controller action with signature System.Threading.Tasks.Task`1[Microsoft.AspNetCore.Mvc.IActionResult] GetEmployeesByDepartment(Int32) on controller PhoneBook.Controllers.HomeController (PhoneBook).
info: System.Net.Http.HttpClient.IApiService.LogicalHandler[100]
      Start processing HTTP request GET http://10.10.3.159:8683/api/Departments/0/employees
info: System.Net.Http.HttpClient.IApiService.ClientHandler[100]
      Sending HTTP request GET http://10.10.3.159:8683/api/Departments/0/employees
info: System.Net.Http.HttpClient.IApiService.ClientHandler[101]
      Received HTTP response headers after 25.964ms - 200
info: System.Net.Http.HttpClient.IApiService.LogicalHandler[101]
      End processing HTTP request after 31.2331ms - 200
info: Microsoft.AspNetCore.Mvc.Infrastructure.SystemTextJsonResultExecutor[1]
      Executing JsonResult, writing value of type 'System.Collections.Generic.List`1[[PhoneBook.Models.Employee, PhoneBook, Version=1.0.0.0, Culture=neutral, PublicKeyToken=null]]'.
info: Microsoft.AspNetCore.Mvc.Infrastructure.ControllerActionInvoker[105]
      Executed action PhoneBook.Controllers.HomeController.GetEmployeesByDepartment (PhoneBook) in 37.6416ms
info: Microsoft.AspNetCore.Routing.EndpointMiddleware[1]
      Executed endpoint 'PhoneBook.Controllers.HomeController.GetEmployeesByDepartment (PhoneBook)'
info: Microsoft.AspNetCore.Hosting.Diagnostics[2]
      Request finished HTTP/2 GET https://localhost:44364/Home/GetEmployeesByDepartment?departmentId=0 - 200 - application/json;+charset=utf-8 48.3307ms
info: Microsoft.AspNetCore.Hosting.Diagnostics[1]
      Request starting HTTP/2 POST https://localhost:44364/Account/Logout - application/x-www-form-urlencoded 225
info: Microsoft.AspNetCore.Routing.EndpointMiddleware[0]
      Executing endpoint 'PhoneBook.Controllers.AccountController.Logout (PhoneBook)'
info: Microsoft.AspNetCore.Mvc.Infrastructure.ControllerActionInvoker[102]
      Route matched with {action = "Logout", controller = "Account"}. Executing controller action with signature System.Threading.Tasks.Task`1[Microsoft.AspNetCore.Mvc.IActionResult] Logout() on controller PhoneBook.Controllers.AccountController (PhoneBook).
info: Microsoft.AspNetCore.Authentication.Cookies.CookieAuthenticationHandler[11]
      AuthenticationScheme: Cookies signed out.
info: Microsoft.AspNetCore.Mvc.RedirectToActionResult[1]
      Executing RedirectResult, redirecting to /Account/Login.
info: Microsoft.AspNetCore.Mvc.Infrastructure.ControllerActionInvoker[105]
      Executed action PhoneBook.Controllers.AccountController.Logout (PhoneBook) in 16.1646ms
info: Microsoft.AspNetCore.Routing.EndpointMiddleware[1]
      Executed endpoint 'PhoneBook.Controllers.AccountController.Logout (PhoneBook)'
info: Microsoft.AspNetCore.Hosting.Diagnostics[2]
      Request finished HTTP/2 POST https://localhost:44364/Account/Logout - 302 - - 32.2605ms
info: Microsoft.AspNetCore.Hosting.Diagnostics[1]
      Request starting HTTP/2 GET https://localhost:44364/Account/Login - - -
info: Microsoft.AspNetCore.Routing.EndpointMiddleware[0]
      Executing endpoint 'PhoneBook.Controllers.AccountController.Login (PhoneBook)'
info: Microsoft.AspNetCore.Mvc.Infrastructure.ControllerActionInvoker[102]
      Route matched with {action = "Login", controller = "Account"}. Executing controller action with signature Microsoft.AspNetCore.Mvc.IActionResult Login(System.String) on controller PhoneBook.Controllers.AccountController (PhoneBook).
info: Microsoft.AspNetCore.Mvc.ViewFeatures.ViewResultExecutor[1]
      Executing ViewResult, running view Login.
info: Microsoft.AspNetCore.Mvc.ViewFeatures.ViewResultExecutor[4]
      Executed ViewResult - view Login executed in 19.3722ms.
info: Microsoft.AspNetCore.Mvc.Infrastructure.ControllerActionInvoker[105]
      Executed action PhoneBook.Controllers.AccountController.Login (PhoneBook) in 21.7597ms
info: Microsoft.AspNetCore.Routing.EndpointMiddleware[1]
      Executed endpoint 'PhoneBook.Controllers.AccountController.Login (PhoneBook)'
info: Microsoft.AspNetCore.Hosting.Diagnostics[2]
      Request finished HTTP/2 GET https://localhost:44364/Account/Login - 200 - text/html;+charset=utf-8 34.7812ms
info: Microsoft.AspNetCore.Hosting.Diagnostics[1]
      Request starting HTTP/2 GET https://localhost:44364/_vs/browserLink - - -
info: Microsoft.AspNetCore.Hosting.Diagnostics[1]
      Request starting HTTP/2 GET https://localhost:44364/_framework/aspnetcore-browser-refresh.js - - -
info: Microsoft.AspNetCore.Hosting.Diagnostics[2]
      Request finished HTTP/2 GET https://localhost:44364/_framework/aspnetcore-browser-refresh.js - 200 16503 application/javascript;+charset=utf-8 4.5648ms
info: Microsoft.AspNetCore.Hosting.Diagnostics[2]
      Request finished HTTP/2 GET https://localhost:44364/_vs/browserLink - 200 - text/javascript;+charset=UTF-8 11.1068ms
info: Microsoft.AspNetCore.Hosting.Diagnostics[1]
      Request starting HTTP/2 POST https://localhost:44364/Account/Login - application/x-www-form-urlencoded 245
info: Microsoft.AspNetCore.Routing.EndpointMiddleware[0]
      Executing endpoint 'PhoneBook.Controllers.AccountController.Login (PhoneBook)'
info: Microsoft.AspNetCore.Mvc.Infrastructure.ControllerActionInvoker[102]
      Route matched with {action = "Login", controller = "Account"}. Executing controller action with signature System.Threading.Tasks.Task`1[Microsoft.AspNetCore.Mvc.IActionResult] Login(PhoneBook.Models.LoginViewModel, System.String) on controller PhoneBook.Controllers.AccountController (PhoneBook).
info: System.Net.Http.HttpClient.IApiService.LogicalHandler[100]
      Start processing HTTP request POST http://10.10.3.159:8683/api/Auth/login
info: System.Net.Http.HttpClient.IApiService.ClientHandler[100]
      Sending HTTP request POST http://10.10.3.159:8683/api/Auth/login
info: System.Net.Http.HttpClient.IApiService.ClientHandler[101]
      Received HTTP response headers after 1.7763ms - 200
info: System.Net.Http.HttpClient.IApiService.LogicalHandler[101]
      End processing HTTP request after 7.2823ms - 200
info: System.Net.Http.HttpClient.IApiService.LogicalHandler[100]
      Start processing HTTP request POST http://10.10.3.159:8683/api/Account/login
info: System.Net.Http.HttpClient.IApiService.ClientHandler[100]
      Sending HTTP request POST http://10.10.3.159:8683/api/Account/login
info: System.Net.Http.HttpClient.IApiService.ClientHandler[101]
      Received HTTP response headers after 2.8774ms - 200
info: System.Net.Http.HttpClient.IApiService.LogicalHandler[101]
      End processing HTTP request after 7.7328ms - 200
info: Microsoft.AspNetCore.Authentication.Cookies.CookieAuthenticationHandler[10]
      AuthenticationScheme: Cookies signed in.
info: Microsoft.AspNetCore.Mvc.RedirectToActionResult[1]
      Executing RedirectResult, redirecting to /.
info: Microsoft.AspNetCore.Mvc.Infrastructure.ControllerActionInvoker[105]
      Executed action PhoneBook.Controllers.AccountController.Login (PhoneBook) in 44.1391ms
info: Microsoft.AspNetCore.Routing.EndpointMiddleware[1]
      Executed endpoint 'PhoneBook.Controllers.AccountController.Login (PhoneBook)'
info: Microsoft.AspNetCore.Hosting.Diagnostics[2]
      Request finished HTTP/2 POST https://localhost:44364/Account/Login - 302 - - 60.4098ms
info: Microsoft.AspNetCore.Hosting.Diagnostics[1]
      Request starting HTTP/2 GET https://localhost:44364/ - - -
info: Microsoft.AspNetCore.Routing.EndpointMiddleware[0]
      Executing endpoint 'PhoneBook.Controllers.HomeController.Index (PhoneBook)'
info: Microsoft.AspNetCore.Mvc.Infrastructure.ControllerActionInvoker[102]
      Route matched with {action = "Index", controller = "Home"}. Executing controller action with signature System.Threading.Tasks.Task`1[Microsoft.AspNetCore.Mvc.IActionResult] Index() on controller PhoneBook.Controllers.HomeController (PhoneBook).
info: System.Net.Http.HttpClient.IApiService.LogicalHandler[100]
      Start processing HTTP request GET http://10.10.3.159:8683/api/Departments
info: System.Net.Http.HttpClient.IApiService.ClientHandler[100]
      Sending HTTP request GET http://10.10.3.159:8683/api/Departments
info: System.Net.Http.HttpClient.IApiService.ClientHandler[101]
      Received HTTP response headers after 1.611ms - 200
info: System.Net.Http.HttpClient.IApiService.LogicalHandler[101]
      End processing HTTP request after 6.6733ms - 200
info: Microsoft.AspNetCore.Mvc.ViewFeatures.ViewResultExecutor[1]
      Executing ViewResult, running view Index.
info: Microsoft.AspNetCore.Mvc.ViewFeatures.ViewResultExecutor[4]
      Executed ViewResult - view Index executed in 4.397ms.
info: Microsoft.AspNetCore.Mvc.Infrastructure.ControllerActionInvoker[105]
      Executed action PhoneBook.Controllers.HomeController.Index (PhoneBook) in 16.4304ms
info: Microsoft.AspNetCore.Routing.EndpointMiddleware[1]
      Executed endpoint 'PhoneBook.Controllers.HomeController.Index (PhoneBook)'
info: Microsoft.AspNetCore.Hosting.Diagnostics[2]
      Request finished HTTP/2 GET https://localhost:44364/ - 200 - text/html;+charset=utf-8 27.7268ms
info: Microsoft.AspNetCore.Hosting.Diagnostics[1]
      Request starting HTTP/2 GET https://localhost:44364/_framework/aspnetcore-browser-refresh.js - - -
info: Microsoft.AspNetCore.Hosting.Diagnostics[1]
      Request starting HTTP/2 GET https://localhost:44364/_vs/browserLink - - -
info: Microsoft.AspNetCore.Hosting.Diagnostics[2]
      Request finished HTTP/2 GET https://localhost:44364/_framework/aspnetcore-browser-refresh.js - 200 16503 application/javascript;+charset=utf-8 6.8065ms
info: Microsoft.AspNetCore.Hosting.Diagnostics[1]
      Request starting HTTP/2 GET https://localhost:44364/Home/GetDepartments - - -
info: Microsoft.AspNetCore.Routing.EndpointMiddleware[0]
      Executing endpoint 'PhoneBook.Controllers.HomeController.GetDepartments (PhoneBook)'
info: Microsoft.AspNetCore.Mvc.Infrastructure.ControllerActionInvoker[102]
      Route matched with {action = "GetDepartments", controller = "Home"}. Executing controller action with signature System.Threading.Tasks.Task`1[Microsoft.AspNetCore.Mvc.IActionResult] GetDepartments() on controller PhoneBook.Controllers.HomeController (PhoneBook).
info: System.Net.Http.HttpClient.IApiService.LogicalHandler[100]
      Start processing HTTP request GET http://10.10.3.159:8683/api/Departments
info: System.Net.Http.HttpClient.IApiService.ClientHandler[100]
      Sending HTTP request GET http://10.10.3.159:8683/api/Departments
info: Microsoft.AspNetCore.Hosting.Diagnostics[2]
      Request finished HTTP/2 GET https://localhost:44364/_vs/browserLink - 200 - text/javascript;+charset=UTF-8 18.4014ms
info: System.Net.Http.HttpClient.IApiService.ClientHandler[101]
      Received HTTP response headers after 2.4397ms - 200
info: System.Net.Http.HttpClient.IApiService.LogicalHandler[101]
      End processing HTTP request after 7.696ms - 200
info: Microsoft.AspNetCore.Hosting.Diagnostics[1]
      Request starting HTTP/2 GET https://localhost:44364/Home/GetAllEmployees?sort=&group=&filter= - - -
info: Microsoft.AspNetCore.Mvc.Infrastructure.SystemTextJsonResultExecutor[1]
      Executing JsonResult, writing value of type 'System.Linq.Enumerable+SelectListIterator`2[[PhoneBook.Models.Department, PhoneBook, Version=1.0.0.0, Culture=neutral, PublicKeyToken=null],[<>f__AnonymousType2`5[[System.Int32, System.Private.CoreLib, Version=8.0.0.0, Culture=neutral, PublicKeyToken=7cec85d7bea7798e],[System.String, System.Private.CoreLib, Version=8.0.0.0, Culture=neutral, PublicKeyToken=7cec85d7bea7798e],[System.Int32, System.Private.CoreLib, Version=8.0.0.0, Culture=neutral, PublicKeyToken=7cec85d7bea7798e],[System.Boolean, System.Private.CoreLib, Version=8.0.0.0, Culture=neutral, PublicKeyToken=7cec85d7bea7798e],[System.Collections.Generic.List`1[[System.Object, System.Private.CoreLib, Version=8.0.0.0, Culture=neutral, PublicKeyToken=7cec85d7bea7798e]], System.Private.CoreLib, Version=8.0.0.0, Culture=neutral, PublicKeyToken=7cec85d7bea7798e]], PhoneBook, Version=1.0.0.0, Culture=neutral, PublicKeyToken=null]]'.
info: Microsoft.AspNetCore.Routing.EndpointMiddleware[0]
      Executing endpoint 'PhoneBook.Controllers.HomeController.GetAllEmployees (PhoneBook)'
info: Microsoft.AspNetCore.Mvc.Infrastructure.ControllerActionInvoker[102]
      Route matched with {action = "GetAllEmployees", controller = "Home"}. Executing controller action with signature System.Threading.Tasks.Task`1[Microsoft.AspNetCore.Mvc.IActionResult] GetAllEmployees() on controller PhoneBook.Controllers.HomeController (PhoneBook).
info: Microsoft.AspNetCore.Mvc.Infrastructure.ControllerActionInvoker[105]
      Executed action PhoneBook.Controllers.HomeController.GetDepartments (PhoneBook) in 19.1464ms
info: System.Net.Http.HttpClient.IApiService.LogicalHandler[100]
      Start processing HTTP request GET http://10.10.3.159:8683/api/Employees
info: Microsoft.AspNetCore.Routing.EndpointMiddleware[1]
      Executed endpoint 'PhoneBook.Controllers.HomeController.GetDepartments (PhoneBook)'
info: System.Net.Http.HttpClient.IApiService.ClientHandler[100]
      Sending HTTP request GET http://10.10.3.159:8683/api/Employees
info: Microsoft.AspNetCore.Hosting.Diagnostics[2]
      Request finished HTTP/2 GET https://localhost:44364/Home/GetDepartments - 200 - application/json;+charset=utf-8 32.3964ms
info: System.Net.Http.HttpClient.IApiService.ClientHandler[101]
      Received HTTP response headers after 9.1322ms - 200
info: System.Net.Http.HttpClient.IApiService.LogicalHandler[101]
      End processing HTTP request after 16.9989ms - 200
info: Microsoft.AspNetCore.Mvc.Infrastructure.SystemTextJsonResultExecutor[1]
      Executing JsonResult, writing value of type 'System.Collections.Generic.List`1[[PhoneBook.Models.Employee, PhoneBook, Version=1.0.0.0, Culture=neutral, PublicKeyToken=null]]'.
info: Microsoft.AspNetCore.Mvc.Infrastructure.ControllerActionInvoker[105]
      Executed action PhoneBook.Controllers.HomeController.GetAllEmployees (PhoneBook) in 24.1086ms
info: Microsoft.AspNetCore.Routing.EndpointMiddleware[1]
      Executed endpoint 'PhoneBook.Controllers.HomeController.GetAllEmployees (PhoneBook)'
info: Microsoft.AspNetCore.Hosting.Diagnostics[2]
      Request finished HTTP/2 GET https://localhost:44364/Home/GetAllEmployees?sort=&group=&filter= - 200 - application/json;+charset=utf-8 38.8432ms
info: Microsoft.AspNetCore.Hosting.Diagnostics[1]
      Request starting HTTP/2 GET https://localhost:44364/Home/GetEmployeesByDepartment?departmentId=0 - application/json -
info: Microsoft.AspNetCore.Hosting.Diagnostics[1]
      Request starting HTTP/2 GET https://localhost:44364/Home/GetAllEmployees?sort=&group=&filter= - - -
info: Microsoft.AspNetCore.Routing.EndpointMiddleware[0]
      Executing endpoint 'PhoneBook.Controllers.HomeController.GetEmployeesByDepartment (PhoneBook)'
info: Microsoft.AspNetCore.Routing.EndpointMiddleware[0]
      Executing endpoint 'PhoneBook.Controllers.HomeController.GetAllEmployees (PhoneBook)'
info: Microsoft.AspNetCore.Mvc.Infrastructure.ControllerActionInvoker[102]
      Route matched with {action = "GetEmployeesByDepartment", controller = "Home"}. Executing controller action with signature System.Threading.Tasks.Task`1[Microsoft.AspNetCore.Mvc.IActionResult] GetEmployeesByDepartment(Int32) on controller PhoneBook.Controllers.HomeController (PhoneBook).
info: Microsoft.AspNetCore.Mvc.Infrastructure.ControllerActionInvoker[102]
      Route matched with {action = "GetAllEmployees", controller = "Home"}. Executing controller action with signature System.Threading.Tasks.Task`1[Microsoft.AspNetCore.Mvc.IActionResult] GetAllEmployees() on controller PhoneBook.Controllers.HomeController (PhoneBook).
info: System.Net.Http.HttpClient.IApiService.LogicalHandler[100]
      Start processing HTTP request GET http://10.10.3.159:8683/api/Departments/0/employees
info: System.Net.Http.HttpClient.IApiService.LogicalHandler[100]
      Start processing HTTP request GET http://10.10.3.159:8683/api/Employees
info: System.Net.Http.HttpClient.IApiService.ClientHandler[100]
      Sending HTTP request GET http://10.10.3.159:8683/api/Departments/0/employees
info: System.Net.Http.HttpClient.IApiService.ClientHandler[100]
      Sending HTTP request GET http://10.10.3.159:8683/api/Employees
info: System.Net.Http.HttpClient.IApiService.ClientHandler[101]
      Received HTTP response headers after 8.7645ms - 200
info: System.Net.Http.HttpClient.IApiService.LogicalHandler[101]
      End processing HTTP request after 17.0391ms - 200
info: Microsoft.AspNetCore.Mvc.Infrastructure.SystemTextJsonResultExecutor[1]
      Executing JsonResult, writing value of type 'System.Collections.Generic.List`1[[PhoneBook.Models.Employee, PhoneBook, Version=1.0.0.0, Culture=neutral, PublicKeyToken=null]]'.
info: Microsoft.AspNetCore.Mvc.Infrastructure.ControllerActionInvoker[105]
      Executed action PhoneBook.Controllers.HomeController.GetAllEmployees (PhoneBook) in 23.403ms
info: Microsoft.AspNetCore.Routing.EndpointMiddleware[1]
      Executed endpoint 'PhoneBook.Controllers.HomeController.GetAllEmployees (PhoneBook)'
info: Microsoft.AspNetCore.Hosting.Diagnostics[2]
      Request finished HTTP/2 GET https://localhost:44364/Home/GetAllEmployees?sort=&group=&filter= - 200 - application/json;+charset=utf-8 38.3472ms
info: Microsoft.AspNetCore.Hosting.Diagnostics[1]
      Request starting HTTP/2 GET https://localhost:44364/Home/GetAllEmployees?sort=&group=&filter= - - -
info: System.Net.Http.HttpClient.IApiService.ClientHandler[101]
      Received HTTP response headers after 27.7721ms - 200
info: System.Net.Http.HttpClient.IApiService.LogicalHandler[101]
      End processing HTTP request after 34.6845ms - 200
info: Microsoft.AspNetCore.Routing.EndpointMiddleware[0]
      Executing endpoint 'PhoneBook.Controllers.HomeController.GetAllEmployees (PhoneBook)'
info: Microsoft.AspNetCore.Mvc.Infrastructure.ControllerActionInvoker[102]
      Route matched with {action = "GetAllEmployees", controller = "Home"}. Executing controller action with signature System.Threading.Tasks.Task`1[Microsoft.AspNetCore.Mvc.IActionResult] GetAllEmployees() on controller PhoneBook.Controllers.HomeController (PhoneBook).
info: System.Net.Http.HttpClient.IApiService.LogicalHandler[100]
      Start processing HTTP request GET http://10.10.3.159:8683/api/Employees
info: System.Net.Http.HttpClient.IApiService.ClientHandler[100]
      Sending HTTP request GET http://10.10.3.159:8683/api/Employees
info: Microsoft.AspNetCore.Mvc.Infrastructure.SystemTextJsonResultExecutor[1]
      Executing JsonResult, writing value of type 'System.Collections.Generic.List`1[[PhoneBook.Models.Employee, PhoneBook, Version=1.0.0.0, Culture=neutral, PublicKeyToken=null]]'.
info: Microsoft.AspNetCore.Mvc.Infrastructure.ControllerActionInvoker[105]
      Executed action PhoneBook.Controllers.HomeController.GetEmployeesByDepartment (PhoneBook) in 51.5624ms
info: Microsoft.AspNetCore.Routing.EndpointMiddleware[1]
      Executed endpoint 'PhoneBook.Controllers.HomeController.GetEmployeesByDepartment (PhoneBook)'
info: Microsoft.AspNetCore.Hosting.Diagnostics[1]
      Request starting HTTP/2 GET https://localhost:44364/Home/GetEmployeesByDepartment?departmentId=0 - application/json -
info: System.Net.Http.HttpClient.IApiService.ClientHandler[101]
      Received HTTP response headers after 10.9342ms - 200
info: Microsoft.AspNetCore.Hosting.Diagnostics[2]
      Request finished HTTP/2 GET https://localhost:44364/Home/GetEmployeesByDepartment?departmentId=0 - 200 - application/json;+charset=utf-8 66.6083ms
info: System.Net.Http.HttpClient.IApiService.LogicalHandler[101]
      End processing HTTP request after 17.0001ms - 200
info: Microsoft.AspNetCore.Routing.EndpointMiddleware[0]
      Executing endpoint 'PhoneBook.Controllers.HomeController.GetEmployeesByDepartment (PhoneBook)'
info: Microsoft.AspNetCore.Mvc.Infrastructure.ControllerActionInvoker[102]
      Route matched with {action = "GetEmployeesByDepartment", controller = "Home"}. Executing controller action with signature System.Threading.Tasks.Task`1[Microsoft.AspNetCore.Mvc.IActionResult] GetEmployeesByDepartment(Int32) on controller PhoneBook.Controllers.HomeController (PhoneBook).
info: System.Net.Http.HttpClient.IApiService.LogicalHandler[100]
      Start processing HTTP request GET http://10.10.3.159:8683/api/Departments/0/employees
info: System.Net.Http.HttpClient.IApiService.ClientHandler[100]
      Sending HTTP request GET http://10.10.3.159:8683/api/Departments/0/employees
info: Microsoft.AspNetCore.Mvc.Infrastructure.SystemTextJsonResultExecutor[1]
      Executing JsonResult, writing value of type 'System.Collections.Generic.List`1[[PhoneBook.Models.Employee, PhoneBook, Version=1.0.0.0, Culture=neutral, PublicKeyToken=null]]'.
info: Microsoft.AspNetCore.Mvc.Infrastructure.ControllerActionInvoker[105]
      Executed action PhoneBook.Controllers.HomeController.GetAllEmployees (PhoneBook) in 34.6055ms
info: Microsoft.AspNetCore.Routing.EndpointMiddleware[1]
      Executed endpoint 'PhoneBook.Controllers.HomeController.GetAllEmployees (PhoneBook)'
info: Microsoft.AspNetCore.Hosting.Diagnostics[2]
      Request finished HTTP/2 GET https://localhost:44364/Home/GetAllEmployees?sort=&group=&filter= - 200 - application/json;+charset=utf-8 47.5155ms
info: System.Net.Http.HttpClient.IApiService.ClientHandler[101]
      Received HTTP response headers after 27.3832ms - 200
info: System.Net.Http.HttpClient.IApiService.LogicalHandler[101]
      End processing HTTP request after 35.0376ms - 200
info: Microsoft.AspNetCore.Mvc.Infrastructure.SystemTextJsonResultExecutor[1]
      Executing JsonResult, writing value of type 'System.Collections.Generic.List`1[[PhoneBook.Models.Employee, PhoneBook, Version=1.0.0.0, Culture=neutral, PublicKeyToken=null]]'.
info: Microsoft.AspNetCore.Mvc.Infrastructure.ControllerActionInvoker[105]
      Executed action PhoneBook.Controllers.HomeController.GetEmployeesByDepartment (PhoneBook) in 40.8386ms
info: Microsoft.AspNetCore.Routing.EndpointMiddleware[1]
      Executed endpoint 'PhoneBook.Controllers.HomeController.GetEmployeesByDepartment (PhoneBook)'
info: Microsoft.AspNetCore.Hosting.Diagnostics[2]
      Request finished HTTP/2 GET https://localhost:44364/Home/GetEmployeesByDepartment?departmentId=0 - 200 - application/json;+charset=utf-8 56.6840ms
info: Microsoft.AspNetCore.Hosting.Diagnostics[1]
      Request starting HTTP/2 GET https://localhost:44364/Home/GetEmployeesByDepartment?departmentId=0 - application/json -
info: Microsoft.AspNetCore.Routing.EndpointMiddleware[0]
      Executing endpoint 'PhoneBook.Controllers.HomeController.GetEmployeesByDepartment (PhoneBook)'
info: Microsoft.AspNetCore.Mvc.Infrastructure.ControllerActionInvoker[102]
      Route matched with {action = "GetEmployeesByDepartment", controller = "Home"}. Executing controller action with signature System.Threading.Tasks.Task`1[Microsoft.AspNetCore.Mvc.IActionResult] GetEmployeesByDepartment(Int32) on controller PhoneBook.Controllers.HomeController (PhoneBook).
info: System.Net.Http.HttpClient.IApiService.LogicalHandler[100]
      Start processing HTTP request GET http://10.10.3.159:8683/api/Departments/0/employees
info: System.Net.Http.HttpClient.IApiService.ClientHandler[100]
      Sending HTTP request GET http://10.10.3.159:8683/api/Departments/0/employees
info: System.Net.Http.HttpClient.IApiService.ClientHandler[101]
      Received HTTP response headers after 25.5465ms - 200
info: System.Net.Http.HttpClient.IApiService.LogicalHandler[101]
      End processing HTTP request after 30.909ms - 200
info: Microsoft.AspNetCore.Mvc.Infrastructure.SystemTextJsonResultExecutor[1]
      Executing JsonResult, writing value of type 'System.Collections.Generic.List`1[[PhoneBook.Models.Employee, PhoneBook, Version=1.0.0.0, Culture=neutral, PublicKeyToken=null]]'.
info: Microsoft.AspNetCore.Mvc.Infrastructure.ControllerActionInvoker[105]
      Executed action PhoneBook.Controllers.HomeController.GetEmployeesByDepartment (PhoneBook) in 36.9688ms
info: Microsoft.AspNetCore.Routing.EndpointMiddleware[1]
      Executed endpoint 'PhoneBook.Controllers.HomeController.GetEmployeesByDepartment (PhoneBook)'
info: Microsoft.AspNetCore.Hosting.Diagnostics[2]
      Request finished HTTP/2 GET https://localhost:44364/Home/GetEmployeesByDepartment?departmentId=0 - 200 - application/json;+charset=utf-8 46.8199ms
info: Microsoft.AspNetCore.Hosting.Diagnostics[1]
      Request starting HTTP/2 GET https://localhost:44364/ - - -
info: Microsoft.AspNetCore.Routing.EndpointMiddleware[0]
      Executing endpoint 'PhoneBook.Controllers.HomeController.Index (PhoneBook)'
info: Microsoft.AspNetCore.Mvc.Infrastructure.ControllerActionInvoker[102]
      Route matched with {action = "Index", controller = "Home"}. Executing controller action with signature System.Threading.Tasks.Task`1[Microsoft.AspNetCore.Mvc.IActionResult] Index() on controller PhoneBook.Controllers.HomeController (PhoneBook).
info: System.Net.Http.HttpClient.IApiService.LogicalHandler[100]
      Start processing HTTP request GET http://10.10.3.159:8683/api/Departments
info: System.Net.Http.HttpClient.IApiService.ClientHandler[100]
      Sending HTTP request GET http://10.10.3.159:8683/api/Departments
info: System.Net.Http.HttpClient.IApiService.ClientHandler[101]
      Received HTTP response headers after 1.7534ms - 200
info: System.Net.Http.HttpClient.IApiService.LogicalHandler[101]
      End processing HTTP request after 5.4352ms - 200
info: Microsoft.AspNetCore.Mvc.ViewFeatures.ViewResultExecutor[1]
      Executing ViewResult, running view Index.
info: Microsoft.AspNetCore.Mvc.ViewFeatures.ViewResultExecutor[4]
      Executed ViewResult - view Index executed in 4.9811ms.
info: Microsoft.AspNetCore.Mvc.Infrastructure.ControllerActionInvoker[105]
      Executed action PhoneBook.Controllers.HomeController.Index (PhoneBook) in 14.9085ms
info: Microsoft.AspNetCore.Routing.EndpointMiddleware[1]
      Executed endpoint 'PhoneBook.Controllers.HomeController.Index (PhoneBook)'
info: Microsoft.AspNetCore.Hosting.Diagnostics[2]
      Request finished HTTP/2 GET https://localhost:44364/ - 200 - text/html;+charset=utf-8 25.3721ms
info: Microsoft.AspNetCore.Hosting.Diagnostics[1]
      Request starting HTTP/2 GET https://localhost:44364/_vs/browserLink - - -
info: Microsoft.AspNetCore.Hosting.Diagnostics[1]
      Request starting HTTP/2 GET https://localhost:44364/_framework/aspnetcore-browser-refresh.js - - -
info: Microsoft.AspNetCore.Hosting.Diagnostics[2]
      Request finished HTTP/2 GET https://localhost:44364/_framework/aspnetcore-browser-refresh.js - 200 16503 application/javascript;+charset=utf-8 4.1786ms
info: Microsoft.AspNetCore.Hosting.Diagnostics[1]
      Request starting HTTP/2 GET https://localhost:44364/Home/GetDepartments - - -
info: Microsoft.AspNetCore.Routing.EndpointMiddleware[0]
      Executing endpoint 'PhoneBook.Controllers.HomeController.GetDepartments (PhoneBook)'
info: Microsoft.AspNetCore.Hosting.Diagnostics[2]
      Request finished HTTP/2 GET https://localhost:44364/_vs/browserLink - 200 - text/javascript;+charset=UTF-8 17.4318ms
info: Microsoft.AspNetCore.Mvc.Infrastructure.ControllerActionInvoker[102]
      Route matched with {action = "GetDepartments", controller = "Home"}. Executing controller action with signature System.Threading.Tasks.Task`1[Microsoft.AspNetCore.Mvc.IActionResult] GetDepartments() on controller PhoneBook.Controllers.HomeController (PhoneBook).
info: System.Net.Http.HttpClient.IApiService.LogicalHandler[100]
      Start processing HTTP request GET http://10.10.3.159:8683/api/Departments
info: System.Net.Http.HttpClient.IApiService.ClientHandler[100]
      Sending HTTP request GET http://10.10.3.159:8683/api/Departments
info: System.Net.Http.HttpClient.IApiService.ClientHandler[101]
      Received HTTP response headers after 2.0991ms - 200
info: System.Net.Http.HttpClient.IApiService.LogicalHandler[101]
      End processing HTTP request after 7.8611ms - 200
info: Microsoft.AspNetCore.Hosting.Diagnostics[1]
      Request starting HTTP/2 GET https://localhost:44364/Home/GetAllEmployees?sort=&group=&filter= - - -
info: Microsoft.AspNetCore.Mvc.Infrastructure.SystemTextJsonResultExecutor[1]
      Executing JsonResult, writing value of type 'System.Linq.Enumerable+SelectListIterator`2[[PhoneBook.Models.Department, PhoneBook, Version=1.0.0.0, Culture=neutral, PublicKeyToken=null],[<>f__AnonymousType2`5[[System.Int32, System.Private.CoreLib, Version=8.0.0.0, Culture=neutral, PublicKeyToken=7cec85d7bea7798e],[System.String, System.Private.CoreLib, Version=8.0.0.0, Culture=neutral, PublicKeyToken=7cec85d7bea7798e],[System.Int32, System.Private.CoreLib, Version=8.0.0.0, Culture=neutral, PublicKeyToken=7cec85d7bea7798e],[System.Boolean, System.Private.CoreLib, Version=8.0.0.0, Culture=neutral, PublicKeyToken=7cec85d7bea7798e],[System.Collections.Generic.List`1[[System.Object, System.Private.CoreLib, Version=8.0.0.0, Culture=neutral, PublicKeyToken=7cec85d7bea7798e]], System.Private.CoreLib, Version=8.0.0.0, Culture=neutral, PublicKeyToken=7cec85d7bea7798e]], PhoneBook, Version=1.0.0.0, Culture=neutral, PublicKeyToken=null]]'.
info: Microsoft.AspNetCore.Routing.EndpointMiddleware[0]
      Executing endpoint 'PhoneBook.Controllers.HomeController.GetAllEmployees (PhoneBook)'
info: Microsoft.AspNetCore.Mvc.Infrastructure.ControllerActionInvoker[102]
      Route matched with {action = "GetAllEmployees", controller = "Home"}. Executing controller action with signature System.Threading.Tasks.Task`1[Microsoft.AspNetCore.Mvc.IActionResult] GetAllEmployees() on controller PhoneBook.Controllers.HomeController (PhoneBook).
info: Microsoft.AspNetCore.Mvc.Infrastructure.ControllerActionInvoker[105]
      Executed action PhoneBook.Controllers.HomeController.GetDepartments (PhoneBook) in 19.2007ms
info: System.Net.Http.HttpClient.IApiService.LogicalHandler[100]
      Start processing HTTP request GET http://10.10.3.159:8683/api/Employees
info: Microsoft.AspNetCore.Routing.EndpointMiddleware[1]
      Executed endpoint 'PhoneBook.Controllers.HomeController.GetDepartments (PhoneBook)'
info: System.Net.Http.HttpClient.IApiService.ClientHandler[100]
      Sending HTTP request GET http://10.10.3.159:8683/api/Employees
info: Microsoft.AspNetCore.Hosting.Diagnostics[2]
      Request finished HTTP/2 GET https://localhost:44364/Home/GetDepartments - 200 - application/json;+charset=utf-8 34.4607ms
info: System.Net.Http.HttpClient.IApiService.ClientHandler[101]
      Received HTTP response headers after 9.3264ms - 200
info: System.Net.Http.HttpClient.IApiService.LogicalHandler[101]
      End processing HTTP request after 17.8183ms - 200
info: Microsoft.AspNetCore.Mvc.Infrastructure.SystemTextJsonResultExecutor[1]
      Executing JsonResult, writing value of type 'System.Collections.Generic.List`1[[PhoneBook.Models.Employee, PhoneBook, Version=1.0.0.0, Culture=neutral, PublicKeyToken=null]]'.
info: Microsoft.AspNetCore.Mvc.Infrastructure.ControllerActionInvoker[105]
      Executed action PhoneBook.Controllers.HomeController.GetAllEmployees (PhoneBook) in 25.2369ms
info: Microsoft.AspNetCore.Routing.EndpointMiddleware[1]
      Executed endpoint 'PhoneBook.Controllers.HomeController.GetAllEmployees (PhoneBook)'
info: Microsoft.AspNetCore.Hosting.Diagnostics[2]
      Request finished HTTP/2 GET https://localhost:44364/Home/GetAllEmployees?sort=&group=&filter= - 200 - application/json;+charset=utf-8 40.7096ms
info: Microsoft.AspNetCore.Hosting.Diagnostics[1]
      Request starting HTTP/2 GET https://localhost:44364/Home/GetEmployeesByDepartment?departmentId=0 - application/json -
info: Microsoft.AspNetCore.Hosting.Diagnostics[1]
      Request starting HTTP/2 GET https://localhost:44364/Home/GetAllEmployees?sort=&group=&filter= - - -
info: Microsoft.AspNetCore.Routing.EndpointMiddleware[0]
      Executing endpoint 'PhoneBook.Controllers.HomeController.GetAllEmployees (PhoneBook)'
info: Microsoft.AspNetCore.Routing.EndpointMiddleware[0]
      Executing endpoint 'PhoneBook.Controllers.HomeController.GetEmployeesByDepartment (PhoneBook)'
info: Microsoft.AspNetCore.Mvc.Infrastructure.ControllerActionInvoker[102]
      Route matched with {action = "GetAllEmployees", controller = "Home"}. Executing controller action with signature System.Threading.Tasks.Task`1[Microsoft.AspNetCore.Mvc.IActionResult] GetAllEmployees() on controller PhoneBook.Controllers.HomeController (PhoneBook).
info: Microsoft.AspNetCore.Mvc.Infrastructure.ControllerActionInvoker[102]
      Route matched with {action = "GetEmployeesByDepartment", controller = "Home"}. Executing controller action with signature System.Threading.Tasks.Task`1[Microsoft.AspNetCore.Mvc.IActionResult] GetEmployeesByDepartment(Int32) on controller PhoneBook.Controllers.HomeController (PhoneBook).
info: System.Net.Http.HttpClient.IApiService.LogicalHandler[100]
      Start processing HTTP request GET http://10.10.3.159:8683/api/Employees
info: System.Net.Http.HttpClient.IApiService.ClientHandler[100]
      Sending HTTP request GET http://10.10.3.159:8683/api/Employees
info: System.Net.Http.HttpClient.IApiService.LogicalHandler[100]
      Start processing HTTP request GET http://10.10.3.159:8683/api/Departments/0/employees
info: System.Net.Http.HttpClient.IApiService.ClientHandler[100]
      Sending HTTP request GET http://10.10.3.159:8683/api/Departments/0/employees
info: System.Net.Http.HttpClient.IApiService.ClientHandler[101]
      Received HTTP response headers after 11.0694ms - 200
info: System.Net.Http.HttpClient.IApiService.LogicalHandler[101]
      End processing HTTP request after 17.1747ms - 200
info: Microsoft.AspNetCore.Mvc.Infrastructure.SystemTextJsonResultExecutor[1]
      Executing JsonResult, writing value of type 'System.Collections.Generic.List`1[[PhoneBook.Models.Employee, PhoneBook, Version=1.0.0.0, Culture=neutral, PublicKeyToken=null]]'.
info: Microsoft.AspNetCore.Mvc.Infrastructure.ControllerActionInvoker[105]
      Executed action PhoneBook.Controllers.HomeController.GetAllEmployees (PhoneBook) in 24.2789ms
info: Microsoft.AspNetCore.Routing.EndpointMiddleware[1]
      Executed endpoint 'PhoneBook.Controllers.HomeController.GetAllEmployees (PhoneBook)'
info: Microsoft.AspNetCore.Hosting.Diagnostics[2]
      Request finished HTTP/2 GET https://localhost:44364/Home/GetAllEmployees?sort=&group=&filter= - 200 - application/json;+charset=utf-8 37.0790ms
info: Microsoft.AspNetCore.Hosting.Diagnostics[1]
      Request starting HTTP/2 GET https://localhost:44364/Home/GetAllEmployees?sort=&group=&filter= - - -
info: Microsoft.AspNetCore.Routing.EndpointMiddleware[0]
      Executing endpoint 'PhoneBook.Controllers.HomeController.GetAllEmployees (PhoneBook)'
info: System.Net.Http.HttpClient.IApiService.ClientHandler[101]
      Received HTTP response headers after 26.669ms - 200
info: Microsoft.AspNetCore.Mvc.Infrastructure.ControllerActionInvoker[102]
      Route matched with {action = "GetAllEmployees", controller = "Home"}. Executing controller action with signature System.Threading.Tasks.Task`1[Microsoft.AspNetCore.Mvc.IActionResult] GetAllEmployees() on controller PhoneBook.Controllers.HomeController (PhoneBook).
info: System.Net.Http.HttpClient.IApiService.LogicalHandler[101]
      End processing HTTP request after 35.2594ms - 200
info: System.Net.Http.HttpClient.IApiService.LogicalHandler[100]
      Start processing HTTP request GET http://10.10.3.159:8683/api/Employees
info: System.Net.Http.HttpClient.IApiService.ClientHandler[100]
      Sending HTTP request GET http://10.10.3.159:8683/api/Employees
info: Microsoft.AspNetCore.Mvc.Infrastructure.SystemTextJsonResultExecutor[1]
      Executing JsonResult, writing value of type 'System.Collections.Generic.List`1[[PhoneBook.Models.Employee, PhoneBook, Version=1.0.0.0, Culture=neutral, PublicKeyToken=null]]'.
info: Microsoft.AspNetCore.Mvc.Infrastructure.ControllerActionInvoker[105]
      Executed action PhoneBook.Controllers.HomeController.GetEmployeesByDepartment (PhoneBook) in 51.5457ms
info: Microsoft.AspNetCore.Routing.EndpointMiddleware[1]
      Executed endpoint 'PhoneBook.Controllers.HomeController.GetEmployeesByDepartment (PhoneBook)'
info: Microsoft.AspNetCore.Hosting.Diagnostics[1]
      Request starting HTTP/2 GET https://localhost:44364/Home/GetEmployeesByDepartment?departmentId=0 - application/json -
info: System.Net.Http.HttpClient.IApiService.ClientHandler[101]
      Received HTTP response headers after 10.5445ms - 200
info: Microsoft.AspNetCore.Hosting.Diagnostics[2]
      Request finished HTTP/2 GET https://localhost:44364/Home/GetEmployeesByDepartment?departmentId=0 - 200 - application/json;+charset=utf-8 68.1895ms
info: System.Net.Http.HttpClient.IApiService.LogicalHandler[101]
      End processing HTTP request after 19.6525ms - 200
info: Microsoft.AspNetCore.Routing.EndpointMiddleware[0]
      Executing endpoint 'PhoneBook.Controllers.HomeController.GetEmployeesByDepartment (PhoneBook)'
info: Microsoft.AspNetCore.Mvc.Infrastructure.ControllerActionInvoker[102]
      Route matched with {action = "GetEmployeesByDepartment", controller = "Home"}. Executing controller action with signature System.Threading.Tasks.Task`1[Microsoft.AspNetCore.Mvc.IActionResult] GetEmployeesByDepartment(Int32) on controller PhoneBook.Controllers.HomeController (PhoneBook).
info: System.Net.Http.HttpClient.IApiService.LogicalHandler[100]
      Start processing HTTP request GET http://10.10.3.159:8683/api/Departments/0/employees
info: System.Net.Http.HttpClient.IApiService.ClientHandler[100]
      Sending HTTP request GET http://10.10.3.159:8683/api/Departments/0/employees
info: Microsoft.AspNetCore.Mvc.Infrastructure.SystemTextJsonResultExecutor[1]
      Executing JsonResult, writing value of type 'System.Collections.Generic.List`1[[PhoneBook.Models.Employee, PhoneBook, Version=1.0.0.0, Culture=neutral, PublicKeyToken=null]]'.
info: Microsoft.AspNetCore.Mvc.Infrastructure.ControllerActionInvoker[105]
      Executed action PhoneBook.Controllers.HomeController.GetAllEmployees (PhoneBook) in 39.3518ms
info: Microsoft.AspNetCore.Routing.EndpointMiddleware[1]
      Executed endpoint 'PhoneBook.Controllers.HomeController.GetAllEmployees (PhoneBook)'
info: Microsoft.AspNetCore.Hosting.Diagnostics[2]
      Request finished HTTP/2 GET https://localhost:44364/Home/GetAllEmployees?sort=&group=&filter= - 200 - application/json;+charset=utf-8 51.6928ms
info: System.Net.Http.HttpClient.IApiService.ClientHandler[101]
      Received HTTP response headers after 25.6392ms - 200
info: System.Net.Http.HttpClient.IApiService.LogicalHandler[101]
      End processing HTTP request after 32.2534ms - 200
info: Microsoft.AspNetCore.Mvc.Infrastructure.SystemTextJsonResultExecutor[1]
      Executing JsonResult, writing value of type 'System.Collections.Generic.List`1[[PhoneBook.Models.Employee, PhoneBook, Version=1.0.0.0, Culture=neutral, PublicKeyToken=null]]'.
info: Microsoft.AspNetCore.Mvc.Infrastructure.ControllerActionInvoker[105]
      Executed action PhoneBook.Controllers.HomeController.GetEmployeesByDepartment (PhoneBook) in 38.5549ms
info: Microsoft.AspNetCore.Routing.EndpointMiddleware[1]
      Executed endpoint 'PhoneBook.Controllers.HomeController.GetEmployeesByDepartment (PhoneBook)'
info: Microsoft.AspNetCore.Hosting.Diagnostics[2]
      Request finished HTTP/2 GET https://localhost:44364/Home/GetEmployeesByDepartment?departmentId=0 - 200 - application/json;+charset=utf-8 56.1053ms
info: Microsoft.AspNetCore.Hosting.Diagnostics[1]
      Request starting HTTP/2 GET https://localhost:44364/Home/GetEmployeesByDepartment?departmentId=0 - application/json -
info: Microsoft.AspNetCore.Routing.EndpointMiddleware[0]
      Executing endpoint 'PhoneBook.Controllers.HomeController.GetEmployeesByDepartment (PhoneBook)'
info: Microsoft.AspNetCore.Mvc.Infrastructure.ControllerActionInvoker[102]
      Route matched with {action = "GetEmployeesByDepartment", controller = "Home"}. Executing controller action with signature System.Threading.Tasks.Task`1[Microsoft.AspNetCore.Mvc.IActionResult] GetEmployeesByDepartment(Int32) on controller PhoneBook.Controllers.HomeController (PhoneBook).
info: System.Net.Http.HttpClient.IApiService.LogicalHandler[100]
      Start processing HTTP request GET http://10.10.3.159:8683/api/Departments/0/employees
info: System.Net.Http.HttpClient.IApiService.ClientHandler[100]
      Sending HTTP request GET http://10.10.3.159:8683/api/Departments/0/employees
info: System.Net.Http.HttpClient.IApiService.ClientHandler[101]
      Received HTTP response headers after 25.5237ms - 200
info: System.Net.Http.HttpClient.IApiService.LogicalHandler[101]
      End processing HTTP request after 31.2067ms - 200
info: Microsoft.AspNetCore.Mvc.Infrastructure.SystemTextJsonResultExecutor[1]
      Executing JsonResult, writing value of type 'System.Collections.Generic.List`1[[PhoneBook.Models.Employee, PhoneBook, Version=1.0.0.0, Culture=neutral, PublicKeyToken=null]]'.
info: Microsoft.AspNetCore.Mvc.Infrastructure.ControllerActionInvoker[105]
      Executed action PhoneBook.Controllers.HomeController.GetEmployeesByDepartment (PhoneBook) in 37.4892ms
info: Microsoft.AspNetCore.Routing.EndpointMiddleware[1]
      Executed endpoint 'PhoneBook.Controllers.HomeController.GetEmployeesByDepartment (PhoneBook)'
info: Microsoft.AspNetCore.Hosting.Diagnostics[2]
      Request finished HTTP/2 GET https://localhost:44364/Home/GetEmployeesByDepartment?departmentId=0 - 200 - application/json;+charset=utf-8 48.0809ms
info: Microsoft.AspNetCore.Hosting.Diagnostics[1]
      Request starting HTTP/2 POST https://localhost:44364/Account/Logout - application/x-www-form-urlencoded 225
info: Microsoft.AspNetCore.Routing.EndpointMiddleware[0]
      Executing endpoint 'PhoneBook.Controllers.AccountController.Logout (PhoneBook)'
info: Microsoft.AspNetCore.Mvc.Infrastructure.ControllerActionInvoker[102]
      Route matched with {action = "Logout", controller = "Account"}. Executing controller action with signature System.Threading.Tasks.Task`1[Microsoft.AspNetCore.Mvc.IActionResult] Logout() on controller PhoneBook.Controllers.AccountController (PhoneBook).
info: Microsoft.AspNetCore.Authentication.Cookies.CookieAuthenticationHandler[11]
      AuthenticationScheme: Cookies signed out.
info: Microsoft.AspNetCore.Mvc.RedirectToActionResult[1]
      Executing RedirectResult, redirecting to /Account/Login.
info: Microsoft.AspNetCore.Mvc.Infrastructure.ControllerActionInvoker[105]
      Executed action PhoneBook.Controllers.AccountController.Logout (PhoneBook) in 3.4741ms
info: Microsoft.AspNetCore.Routing.EndpointMiddleware[1]
      Executed endpoint 'PhoneBook.Controllers.AccountController.Logout (PhoneBook)'
info: Microsoft.AspNetCore.Hosting.Diagnostics[2]
      Request finished HTTP/2 POST https://localhost:44364/Account/Logout - 302 - - 14.4105ms
info: Microsoft.AspNetCore.Hosting.Diagnostics[1]
      Request starting HTTP/2 GET https://localhost:44364/Account/Login - - -
info: Microsoft.AspNetCore.Routing.EndpointMiddleware[0]
      Executing endpoint 'PhoneBook.Controllers.AccountController.Login (PhoneBook)'
info: Microsoft.AspNetCore.Mvc.Infrastructure.ControllerActionInvoker[102]
      Route matched with {action = "Login", controller = "Account"}. Executing controller action with signature Microsoft.AspNetCore.Mvc.IActionResult Login(System.String) on controller PhoneBook.Controllers.AccountController (PhoneBook).
info: Microsoft.AspNetCore.Mvc.ViewFeatures.ViewResultExecutor[1]
      Executing ViewResult, running view Login.
info: Microsoft.AspNetCore.Mvc.ViewFeatures.ViewResultExecutor[4]
      Executed ViewResult - view Login executed in 5.8283ms.
info: Microsoft.AspNetCore.Mvc.Infrastructure.ControllerActionInvoker[105]
      Executed action PhoneBook.Controllers.AccountController.Login (PhoneBook) in 7.7826ms
info: Microsoft.AspNetCore.Routing.EndpointMiddleware[1]
      Executed endpoint 'PhoneBook.Controllers.AccountController.Login (PhoneBook)'
info: Microsoft.AspNetCore.Hosting.Diagnostics[2]
      Request finished HTTP/2 GET https://localhost:44364/Account/Login - 200 - text/html;+charset=utf-8 18.0534ms
info: Microsoft.AspNetCore.Hosting.Diagnostics[1]
      Request starting HTTP/2 GET https://localhost:44364/_vs/browserLink - - -
info: Microsoft.AspNetCore.Hosting.Diagnostics[1]
      Request starting HTTP/2 GET https://localhost:44364/_framework/aspnetcore-browser-refresh.js - - -
info: Microsoft.AspNetCore.Hosting.Diagnostics[2]
      Request finished HTTP/2 GET https://localhost:44364/_framework/aspnetcore-browser-refresh.js - 200 16503 application/javascript;+charset=utf-8 4.1865ms
info: Microsoft.AspNetCore.Hosting.Diagnostics[2]
      Request finished HTTP/2 GET https://localhost:44364/_vs/browserLink - 200 - text/javascript;+charset=UTF-8 11.0222ms
info: Microsoft.AspNetCore.Hosting.Diagnostics[1]
      Request starting HTTP/2 POST https://localhost:44364/Account/Login - application/x-www-form-urlencoded 245
info: Microsoft.AspNetCore.Routing.EndpointMiddleware[0]
      Executing endpoint 'PhoneBook.Controllers.AccountController.Login (PhoneBook)'
info: Microsoft.AspNetCore.Mvc.Infrastructure.ControllerActionInvoker[102]
      Route matched with {action = "Login", controller = "Account"}. Executing controller action with signature System.Threading.Tasks.Task`1[Microsoft.AspNetCore.Mvc.IActionResult] Login(PhoneBook.Models.LoginViewModel, System.String) on controller PhoneBook.Controllers.AccountController (PhoneBook).
info: System.Net.Http.HttpClient.IApiService.LogicalHandler[100]
      Start processing HTTP request POST http://10.10.3.159:8683/api/Auth/login
info: System.Net.Http.HttpClient.IApiService.ClientHandler[100]
      Sending HTTP request POST http://10.10.3.159:8683/api/Auth/login
info: System.Net.Http.HttpClient.IApiService.ClientHandler[101]
      Received HTTP response headers after 1.5126ms - 200
info: System.Net.Http.HttpClient.IApiService.LogicalHandler[101]
      End processing HTTP request after 6.8435ms - 200
info: System.Net.Http.HttpClient.IApiService.LogicalHandler[100]
      Start processing HTTP request POST http://10.10.3.159:8683/api/Account/login
info: System.Net.Http.HttpClient.IApiService.ClientHandler[100]
      Sending HTTP request POST http://10.10.3.159:8683/api/Account/login
info: System.Net.Http.HttpClient.IApiService.ClientHandler[101]
      Received HTTP response headers after 3.2772ms - 200
info: System.Net.Http.HttpClient.IApiService.LogicalHandler[101]
      End processing HTTP request after 8.3819ms - 200
info: Microsoft.AspNetCore.Authentication.Cookies.CookieAuthenticationHandler[10]
      AuthenticationScheme: Cookies signed in.
info: Microsoft.AspNetCore.Mvc.RedirectToActionResult[1]
      Executing RedirectResult, redirecting to /.
info: Microsoft.AspNetCore.Mvc.Infrastructure.ControllerActionInvoker[105]
      Executed action PhoneBook.Controllers.AccountController.Login (PhoneBook) in 24.916ms
info: Microsoft.AspNetCore.Routing.EndpointMiddleware[1]
      Executed endpoint 'PhoneBook.Controllers.AccountController.Login (PhoneBook)'
info: Microsoft.AspNetCore.Hosting.Diagnostics[2]
      Request finished HTTP/2 POST https://localhost:44364/Account/Login - 302 - - 36.2429ms
info: Microsoft.AspNetCore.Hosting.Diagnostics[1]
      Request starting HTTP/2 GET https://localhost:44364/ - - -
info: Microsoft.AspNetCore.Routing.EndpointMiddleware[0]
      Executing endpoint 'PhoneBook.Controllers.HomeController.Index (PhoneBook)'
info: Microsoft.AspNetCore.Mvc.Infrastructure.ControllerActionInvoker[102]
      Route matched with {action = "Index", controller = "Home"}. Executing controller action with signature System.Threading.Tasks.Task`1[Microsoft.AspNetCore.Mvc.IActionResult] Index() on controller PhoneBook.Controllers.HomeController (PhoneBook).
info: System.Net.Http.HttpClient.IApiService.LogicalHandler[100]
      Start processing HTTP request GET http://10.10.3.159:8683/api/Departments
info: System.Net.Http.HttpClient.IApiService.ClientHandler[100]
      Sending HTTP request GET http://10.10.3.159:8683/api/Departments
info: System.Net.Http.HttpClient.IApiService.ClientHandler[101]
      Received HTTP response headers after 1.8808ms - 200
info: System.Net.Http.HttpClient.IApiService.LogicalHandler[101]
      End processing HTTP request after 7.0653ms - 200
info: Microsoft.AspNetCore.Mvc.ViewFeatures.ViewResultExecutor[1]
      Executing ViewResult, running view Index.
info: Microsoft.AspNetCore.Mvc.ViewFeatures.ViewResultExecutor[4]
      Executed ViewResult - view Index executed in 4.9063ms.
info: Microsoft.AspNetCore.Mvc.Infrastructure.ControllerActionInvoker[105]
      Executed action PhoneBook.Controllers.HomeController.Index (PhoneBook) in 16.8393ms
info: Microsoft.AspNetCore.Routing.EndpointMiddleware[1]
      Executed endpoint 'PhoneBook.Controllers.HomeController.Index (PhoneBook)'
info: Microsoft.AspNetCore.Hosting.Diagnostics[2]
      Request finished HTTP/2 GET https://localhost:44364/ - 200 - text/html;+charset=utf-8 27.7301ms
info: Microsoft.AspNetCore.Hosting.Diagnostics[1]
      Request starting HTTP/2 GET https://localhost:44364/_vs/browserLink - - -
info: Microsoft.AspNetCore.Hosting.Diagnostics[1]
      Request starting HTTP/2 GET https://localhost:44364/_framework/aspnetcore-browser-refresh.js - - -
info: Microsoft.AspNetCore.Hosting.Diagnostics[2]
      Request finished HTTP/2 GET https://localhost:44364/_framework/aspnetcore-browser-refresh.js - 200 16503 application/javascript;+charset=utf-8 5.3095ms
info: Microsoft.AspNetCore.Hosting.Diagnostics[1]
      Request starting HTTP/2 GET https://localhost:44364/Home/GetDepartments - - -
info: Microsoft.AspNetCore.Routing.EndpointMiddleware[0]
      Executing endpoint 'PhoneBook.Controllers.HomeController.GetDepartments (PhoneBook)'
info: Microsoft.AspNetCore.Hosting.Diagnostics[2]
      Request finished HTTP/2 GET https://localhost:44364/_vs/browserLink - 200 - text/javascript;+charset=UTF-8 14.1523ms
info: Microsoft.AspNetCore.Mvc.Infrastructure.ControllerActionInvoker[102]
      Route matched with {action = "GetDepartments", controller = "Home"}. Executing controller action with signature System.Threading.Tasks.Task`1[Microsoft.AspNetCore.Mvc.IActionResult] GetDepartments() on controller PhoneBook.Controllers.HomeController (PhoneBook).
info: System.Net.Http.HttpClient.IApiService.LogicalHandler[100]
      Start processing HTTP request GET http://10.10.3.159:8683/api/Departments
info: System.Net.Http.HttpClient.IApiService.ClientHandler[100]
      Sending HTTP request GET http://10.10.3.159:8683/api/Departments
info: System.Net.Http.HttpClient.IApiService.ClientHandler[101]
      Received HTTP response headers after 1.7445ms - 200
info: System.Net.Http.HttpClient.IApiService.LogicalHandler[101]
      End processing HTTP request after 7.809ms - 200
info: Microsoft.AspNetCore.Hosting.Diagnostics[1]
      Request starting HTTP/2 GET https://localhost:44364/Home/GetAllEmployees?sort=&group=&filter= - - -
info: Microsoft.AspNetCore.Mvc.Infrastructure.SystemTextJsonResultExecutor[1]
      Executing JsonResult, writing value of type 'System.Linq.Enumerable+SelectListIterator`2[[PhoneBook.Models.Department, PhoneBook, Version=1.0.0.0, Culture=neutral, PublicKeyToken=null],[<>f__AnonymousType2`5[[System.Int32, System.Private.CoreLib, Version=8.0.0.0, Culture=neutral, PublicKeyToken=7cec85d7bea7798e],[System.String, System.Private.CoreLib, Version=8.0.0.0, Culture=neutral, PublicKeyToken=7cec85d7bea7798e],[System.Int32, System.Private.CoreLib, Version=8.0.0.0, Culture=neutral, PublicKeyToken=7cec85d7bea7798e],[System.Boolean, System.Private.CoreLib, Version=8.0.0.0, Culture=neutral, PublicKeyToken=7cec85d7bea7798e],[System.Collections.Generic.List`1[[System.Object, System.Private.CoreLib, Version=8.0.0.0, Culture=neutral, PublicKeyToken=7cec85d7bea7798e]], System.Private.CoreLib, Version=8.0.0.0, Culture=neutral, PublicKeyToken=7cec85d7bea7798e]], PhoneBook, Version=1.0.0.0, Culture=neutral, PublicKeyToken=null]]'.
info: Microsoft.AspNetCore.Routing.EndpointMiddleware[0]
      Executing endpoint 'PhoneBook.Controllers.HomeController.GetAllEmployees (PhoneBook)'
info: Microsoft.AspNetCore.Mvc.Infrastructure.ControllerActionInvoker[102]
      Route matched with {action = "GetAllEmployees", controller = "Home"}. Executing controller action with signature System.Threading.Tasks.Task`1[Microsoft.AspNetCore.Mvc.IActionResult] GetAllEmployees() on controller PhoneBook.Controllers.HomeController (PhoneBook).
info: Microsoft.AspNetCore.Mvc.Infrastructure.ControllerActionInvoker[105]
      Executed action PhoneBook.Controllers.HomeController.GetDepartments (PhoneBook) in 19.3986ms
info: System.Net.Http.HttpClient.IApiService.LogicalHandler[100]
      Start processing HTTP request GET http://10.10.3.159:8683/api/Employees
info: Microsoft.AspNetCore.Routing.EndpointMiddleware[1]
      Executed endpoint 'PhoneBook.Controllers.HomeController.GetDepartments (PhoneBook)'
info: System.Net.Http.HttpClient.IApiService.ClientHandler[100]
      Sending HTTP request GET http://10.10.3.159:8683/api/Employees
info: Microsoft.AspNetCore.Hosting.Diagnostics[2]
      Request finished HTTP/2 GET https://localhost:44364/Home/GetDepartments - 200 - application/json;+charset=utf-8 34.0836ms
info: System.Net.Http.HttpClient.IApiService.ClientHandler[101]
      Received HTTP response headers after 9.6817ms - 200
info: System.Net.Http.HttpClient.IApiService.LogicalHandler[101]
      End processing HTTP request after 17.7799ms - 200
info: Microsoft.AspNetCore.Mvc.Infrastructure.SystemTextJsonResultExecutor[1]
      Executing JsonResult, writing value of type 'System.Collections.Generic.List`1[[PhoneBook.Models.Employee, PhoneBook, Version=1.0.0.0, Culture=neutral, PublicKeyToken=null]]'.
info: Microsoft.AspNetCore.Mvc.Infrastructure.ControllerActionInvoker[105]
      Executed action PhoneBook.Controllers.HomeController.GetAllEmployees (PhoneBook) in 24.9988ms
info: Microsoft.AspNetCore.Routing.EndpointMiddleware[1]
      Executed endpoint 'PhoneBook.Controllers.HomeController.GetAllEmployees (PhoneBook)'
info: Microsoft.AspNetCore.Hosting.Diagnostics[2]
      Request finished HTTP/2 GET https://localhost:44364/Home/GetAllEmployees?sort=&group=&filter= - 200 - application/json;+charset=utf-8 40.6011ms
info: Microsoft.AspNetCore.Hosting.Diagnostics[1]
      Request starting HTTP/2 GET https://localhost:44364/Home/GetEmployeesByDepartment?departmentId=0 - application/json -
info: Microsoft.AspNetCore.Hosting.Diagnostics[1]
      Request starting HTTP/2 GET https://localhost:44364/Home/GetAllEmployees?sort=&group=&filter= - - -
info: Microsoft.AspNetCore.Routing.EndpointMiddleware[0]
      Executing endpoint 'PhoneBook.Controllers.HomeController.GetEmployeesByDepartment (PhoneBook)'
info: Microsoft.AspNetCore.Routing.EndpointMiddleware[0]
      Executing endpoint 'PhoneBook.Controllers.HomeController.GetAllEmployees (PhoneBook)'
info: Microsoft.AspNetCore.Mvc.Infrastructure.ControllerActionInvoker[102]
      Route matched with {action = "GetAllEmployees", controller = "Home"}. Executing controller action with signature System.Threading.Tasks.Task`1[Microsoft.AspNetCore.Mvc.IActionResult] GetAllEmployees() on controller PhoneBook.Controllers.HomeController (PhoneBook).
info: Microsoft.AspNetCore.Mvc.Infrastructure.ControllerActionInvoker[102]
      Route matched with {action = "GetEmployeesByDepartment", controller = "Home"}. Executing controller action with signature System.Threading.Tasks.Task`1[Microsoft.AspNetCore.Mvc.IActionResult] GetEmployeesByDepartment(Int32) on controller PhoneBook.Controllers.HomeController (PhoneBook).
info: System.Net.Http.HttpClient.IApiService.LogicalHandler[100]
      Start processing HTTP request GET http://10.10.3.159:8683/api/Employees
info: System.Net.Http.HttpClient.IApiService.ClientHandler[100]
      Sending HTTP request GET http://10.10.3.159:8683/api/Employees
info: System.Net.Http.HttpClient.IApiService.LogicalHandler[100]
      Start processing HTTP request GET http://10.10.3.159:8683/api/Departments/0/employees
info: System.Net.Http.HttpClient.IApiService.ClientHandler[100]
      Sending HTTP request GET http://10.10.3.159:8683/api/Departments/0/employees
info: System.Net.Http.HttpClient.IApiService.ClientHandler[101]
      Received HTTP response headers after 10.3759ms - 200
info: System.Net.Http.HttpClient.IApiService.LogicalHandler[101]
      End processing HTTP request after 16.4657ms - 200
info: Microsoft.AspNetCore.Mvc.Infrastructure.SystemTextJsonResultExecutor[1]
      Executing JsonResult, writing value of type 'System.Collections.Generic.List`1[[PhoneBook.Models.Employee, PhoneBook, Version=1.0.0.0, Culture=neutral, PublicKeyToken=null]]'.
info: Microsoft.AspNetCore.Mvc.Infrastructure.ControllerActionInvoker[105]
      Executed action PhoneBook.Controllers.HomeController.GetAllEmployees (PhoneBook) in 23.5622ms
info: Microsoft.AspNetCore.Routing.EndpointMiddleware[1]
      Executed endpoint 'PhoneBook.Controllers.HomeController.GetAllEmployees (PhoneBook)'
info: Microsoft.AspNetCore.Hosting.Diagnostics[2]
      Request finished HTTP/2 GET https://localhost:44364/Home/GetAllEmployees?sort=&group=&filter= - 200 - application/json;+charset=utf-8 36.7505ms
info: Microsoft.AspNetCore.Hosting.Diagnostics[1]
      Request starting HTTP/2 GET https://localhost:44364/Home/GetAllEmployees?sort=&group=&filter= - - -
info: Microsoft.AspNetCore.Routing.EndpointMiddleware[0]
      Executing endpoint 'PhoneBook.Controllers.HomeController.GetAllEmployees (PhoneBook)'
info: System.Net.Http.HttpClient.IApiService.ClientHandler[101]
      Received HTTP response headers after 26.372ms - 200
info: Microsoft.AspNetCore.Mvc.Infrastructure.ControllerActionInvoker[102]
      Route matched with {action = "GetAllEmployees", controller = "Home"}. Executing controller action with signature System.Threading.Tasks.Task`1[Microsoft.AspNetCore.Mvc.IActionResult] GetAllEmployees() on controller PhoneBook.Controllers.HomeController (PhoneBook).
info: System.Net.Http.HttpClient.IApiService.LogicalHandler[101]
      End processing HTTP request after 34.2296ms - 200
info: System.Net.Http.HttpClient.IApiService.LogicalHandler[100]
      Start processing HTTP request GET http://10.10.3.159:8683/api/Employees
info: System.Net.Http.HttpClient.IApiService.ClientHandler[100]
      Sending HTTP request GET http://10.10.3.159:8683/api/Employees
info: Microsoft.AspNetCore.Mvc.Infrastructure.SystemTextJsonResultExecutor[1]
      Executing JsonResult, writing value of type 'System.Collections.Generic.List`1[[PhoneBook.Models.Employee, PhoneBook, Version=1.0.0.0, Culture=neutral, PublicKeyToken=null]]'.
info: Microsoft.AspNetCore.Mvc.Infrastructure.ControllerActionInvoker[105]
      Executed action PhoneBook.Controllers.HomeController.GetEmployeesByDepartment (PhoneBook) in 50.1008ms
info: Microsoft.AspNetCore.Routing.EndpointMiddleware[1]
      Executed endpoint 'PhoneBook.Controllers.HomeController.GetEmployeesByDepartment (PhoneBook)'
info: Microsoft.AspNetCore.Hosting.Diagnostics[1]
      Request starting HTTP/2 GET https://localhost:44364/Home/GetEmployeesByDepartment?departmentId=0 - application/json -
info: System.Net.Http.HttpClient.IApiService.ClientHandler[101]
      Received HTTP response headers after 9.3471ms - 200
info: Microsoft.AspNetCore.Hosting.Diagnostics[2]
      Request finished HTTP/2 GET https://localhost:44364/Home/GetEmployeesByDepartment?departmentId=0 - 200 - application/json;+charset=utf-8 66.9432ms
info: Microsoft.AspNetCore.Routing.EndpointMiddleware[0]
      Executing endpoint 'PhoneBook.Controllers.HomeController.GetEmployeesByDepartment (PhoneBook)'
info: System.Net.Http.HttpClient.IApiService.LogicalHandler[101]
      End processing HTTP request after 18.8468ms - 200
info: Microsoft.AspNetCore.Mvc.Infrastructure.ControllerActionInvoker[102]
      Route matched with {action = "GetEmployeesByDepartment", controller = "Home"}. Executing controller action with signature System.Threading.Tasks.Task`1[Microsoft.AspNetCore.Mvc.IActionResult] GetEmployeesByDepartment(Int32) on controller PhoneBook.Controllers.HomeController (PhoneBook).
info: System.Net.Http.HttpClient.IApiService.LogicalHandler[100]
      Start processing HTTP request GET http://10.10.3.159:8683/api/Departments/0/employees
info: System.Net.Http.HttpClient.IApiService.ClientHandler[100]
      Sending HTTP request GET http://10.10.3.159:8683/api/Departments/0/employees
info: Microsoft.AspNetCore.Mvc.Infrastructure.SystemTextJsonResultExecutor[1]
      Executing JsonResult, writing value of type 'System.Collections.Generic.List`1[[PhoneBook.Models.Employee, PhoneBook, Version=1.0.0.0, Culture=neutral, PublicKeyToken=null]]'.
info: Microsoft.AspNetCore.Mvc.Infrastructure.ControllerActionInvoker[105]
      Executed action PhoneBook.Controllers.HomeController.GetAllEmployees (PhoneBook) in 70.3295ms
info: Microsoft.AspNetCore.Routing.EndpointMiddleware[1]
      Executed endpoint 'PhoneBook.Controllers.HomeController.GetAllEmployees (PhoneBook)'
info: Microsoft.AspNetCore.Hosting.Diagnostics[2]
      Request finished HTTP/2 GET https://localhost:44364/Home/GetAllEmployees?sort=&group=&filter= - 200 - application/json;+charset=utf-8 82.9424ms
info: System.Net.Http.HttpClient.IApiService.ClientHandler[101]
      Received HTTP response headers after 25.9411ms - 200
info: System.Net.Http.HttpClient.IApiService.LogicalHandler[101]
      End processing HTTP request after 64.8205ms - 200
info: Microsoft.AspNetCore.Mvc.Infrastructure.SystemTextJsonResultExecutor[1]
      Executing JsonResult, writing value of type 'System.Collections.Generic.List`1[[PhoneBook.Models.Employee, PhoneBook, Version=1.0.0.0, Culture=neutral, PublicKeyToken=null]]'.
info: Microsoft.AspNetCore.Mvc.Infrastructure.ControllerActionInvoker[105]
      Executed action PhoneBook.Controllers.HomeController.GetEmployeesByDepartment (PhoneBook) in 71.2403ms
info: Microsoft.AspNetCore.Routing.EndpointMiddleware[1]
      Executed endpoint 'PhoneBook.Controllers.HomeController.GetEmployeesByDepartment (PhoneBook)'
info: Microsoft.AspNetCore.Hosting.Diagnostics[2]
      Request finished HTTP/2 GET https://localhost:44364/Home/GetEmployeesByDepartment?departmentId=0 - 200 - application/json;+charset=utf-8 87.5679ms
info: Microsoft.AspNetCore.Hosting.Diagnostics[1]
      Request starting HTTP/2 GET https://localhost:44364/Home/GetEmployeesByDepartment?departmentId=0 - application/json -
info: Microsoft.AspNetCore.Routing.EndpointMiddleware[0]
      Executing endpoint 'PhoneBook.Controllers.HomeController.GetEmployeesByDepartment (PhoneBook)'
info: Microsoft.AspNetCore.Mvc.Infrastructure.ControllerActionInvoker[102]
      Route matched with {action = "GetEmployeesByDepartment", controller = "Home"}. Executing controller action with signature System.Threading.Tasks.Task`1[Microsoft.AspNetCore.Mvc.IActionResult] GetEmployeesByDepartment(Int32) on controller PhoneBook.Controllers.HomeController (PhoneBook).
info: System.Net.Http.HttpClient.IApiService.LogicalHandler[100]
      Start processing HTTP request GET http://10.10.3.159:8683/api/Departments/0/employees
info: System.Net.Http.HttpClient.IApiService.ClientHandler[100]
      Sending HTTP request GET http://10.10.3.159:8683/api/Departments/0/employees
info: System.Net.Http.HttpClient.IApiService.ClientHandler[101]
      Received HTTP response headers after 26.1675ms - 200
info: System.Net.Http.HttpClient.IApiService.LogicalHandler[101]
      End processing HTTP request after 31.5754ms - 200
info: Microsoft.AspNetCore.Mvc.Infrastructure.SystemTextJsonResultExecutor[1]
      Executing JsonResult, writing value of type 'System.Collections.Generic.List`1[[PhoneBook.Models.Employee, PhoneBook, Version=1.0.0.0, Culture=neutral, PublicKeyToken=null]]'.
info: Microsoft.AspNetCore.Mvc.Infrastructure.ControllerActionInvoker[105]
      Executed action PhoneBook.Controllers.HomeController.GetEmployeesByDepartment (PhoneBook) in 38.0138ms
info: Microsoft.AspNetCore.Routing.EndpointMiddleware[1]
      Executed endpoint 'PhoneBook.Controllers.HomeController.GetEmployeesByDepartment (PhoneBook)'
info: Microsoft.AspNetCore.Hosting.Diagnostics[2]
      Request finished HTTP/2 GET https://localhost:44364/Home/GetEmployeesByDepartment?departmentId=0 - 200 - application/json;+charset=utf-8 49.8061ms
info: Microsoft.AspNetCore.Hosting.Diagnostics[1]
      Request starting HTTP/2 GET https://localhost:44364/ - - -
info: Microsoft.AspNetCore.Routing.EndpointMiddleware[0]
      Executing endpoint 'PhoneBook.Controllers.HomeController.Index (PhoneBook)'
info: Microsoft.AspNetCore.Mvc.Infrastructure.ControllerActionInvoker[102]
      Route matched with {action = "Index", controller = "Home"}. Executing controller action with signature System.Threading.Tasks.Task`1[Microsoft.AspNetCore.Mvc.IActionResult] Index() on controller PhoneBook.Controllers.HomeController (PhoneBook).
info: System.Net.Http.HttpClient.IApiService.LogicalHandler[100]
      Start processing HTTP request GET http://10.10.3.159:8683/api/Departments
info: System.Net.Http.HttpClient.IApiService.ClientHandler[100]
      Sending HTTP request GET http://10.10.3.159:8683/api/Departments
info: System.Net.Http.HttpClient.IApiService.ClientHandler[101]
      Received HTTP response headers after 1.8254ms - 200
info: System.Net.Http.HttpClient.IApiService.LogicalHandler[101]
      End processing HTTP request after 6.9593ms - 200
info: Microsoft.AspNetCore.Mvc.ViewFeatures.ViewResultExecutor[1]
      Executing ViewResult, running view Index.
info: Microsoft.AspNetCore.Mvc.ViewFeatures.ViewResultExecutor[4]
      Executed ViewResult - view Index executed in 4.7363ms.
info: Microsoft.AspNetCore.Mvc.Infrastructure.ControllerActionInvoker[105]
      Executed action PhoneBook.Controllers.HomeController.Index (PhoneBook) in 16.8586ms
info: Microsoft.AspNetCore.Routing.EndpointMiddleware[1]
      Executed endpoint 'PhoneBook.Controllers.HomeController.Index (PhoneBook)'
info: Microsoft.AspNetCore.Hosting.Diagnostics[2]
      Request finished HTTP/2 GET https://localhost:44364/ - 200 - text/html;+charset=utf-8 29.7403ms
info: Microsoft.AspNetCore.Hosting.Diagnostics[1]
      Request starting HTTP/2 GET https://localhost:44364/_vs/browserLink - - -
info: Microsoft.AspNetCore.Hosting.Diagnostics[1]
      Request starting HTTP/2 GET https://localhost:44364/_framework/aspnetcore-browser-refresh.js - - -
info: Microsoft.AspNetCore.Hosting.Diagnostics[2]
      Request finished HTTP/2 GET https://localhost:44364/_framework/aspnetcore-browser-refresh.js - 200 16503 application/javascript;+charset=utf-8 4.7141ms
info: Microsoft.AspNetCore.Hosting.Diagnostics[1]
      Request starting HTTP/2 GET https://localhost:44364/Home/GetDepartments - - -
info: Microsoft.AspNetCore.Routing.EndpointMiddleware[0]
      Executing endpoint 'PhoneBook.Controllers.HomeController.GetDepartments (PhoneBook)'
info: Microsoft.AspNetCore.Mvc.Infrastructure.ControllerActionInvoker[102]
      Route matched with {action = "GetDepartments", controller = "Home"}. Executing controller action with signature System.Threading.Tasks.Task`1[Microsoft.AspNetCore.Mvc.IActionResult] GetDepartments() on controller PhoneBook.Controllers.HomeController (PhoneBook).
info: Microsoft.AspNetCore.Hosting.Diagnostics[2]
      Request finished HTTP/2 GET https://localhost:44364/_vs/browserLink - 200 - text/javascript;+charset=UTF-8 13.8571ms
info: System.Net.Http.HttpClient.IApiService.LogicalHandler[100]
      Start processing HTTP request GET http://10.10.3.159:8683/api/Departments
info: System.Net.Http.HttpClient.IApiService.ClientHandler[100]
      Sending HTTP request GET http://10.10.3.159:8683/api/Departments
info: System.Net.Http.HttpClient.IApiService.ClientHandler[101]
      Received HTTP response headers after 2.1686ms - 200
info: System.Net.Http.HttpClient.IApiService.LogicalHandler[101]
      End processing HTTP request after 8.2012ms - 200
info: Microsoft.AspNetCore.Hosting.Diagnostics[1]
      Request starting HTTP/2 GET https://localhost:44364/Home/GetAllEmployees?sort=&group=&filter= - - -
info: Microsoft.AspNetCore.Mvc.Infrastructure.SystemTextJsonResultExecutor[1]
      Executing JsonResult, writing value of type 'System.Linq.Enumerable+SelectListIterator`2[[PhoneBook.Models.Department, PhoneBook, Version=1.0.0.0, Culture=neutral, PublicKeyToken=null],[<>f__AnonymousType2`5[[System.Int32, System.Private.CoreLib, Version=8.0.0.0, Culture=neutral, PublicKeyToken=7cec85d7bea7798e],[System.String, System.Private.CoreLib, Version=8.0.0.0, Culture=neutral, PublicKeyToken=7cec85d7bea7798e],[System.Int32, System.Private.CoreLib, Version=8.0.0.0, Culture=neutral, PublicKeyToken=7cec85d7bea7798e],[System.Boolean, System.Private.CoreLib, Version=8.0.0.0, Culture=neutral, PublicKeyToken=7cec85d7bea7798e],[System.Collections.Generic.List`1[[System.Object, System.Private.CoreLib, Version=8.0.0.0, Culture=neutral, PublicKeyToken=7cec85d7bea7798e]], System.Private.CoreLib, Version=8.0.0.0, Culture=neutral, PublicKeyToken=7cec85d7bea7798e]], PhoneBook, Version=1.0.0.0, Culture=neutral, PublicKeyToken=null]]'.
info: Microsoft.AspNetCore.Routing.EndpointMiddleware[0]
      Executing endpoint 'PhoneBook.Controllers.HomeController.GetAllEmployees (PhoneBook)'
info: Microsoft.AspNetCore.Mvc.Infrastructure.ControllerActionInvoker[102]
      Route matched with {action = "GetAllEmployees", controller = "Home"}. Executing controller action with signature System.Threading.Tasks.Task`1[Microsoft.AspNetCore.Mvc.IActionResult] GetAllEmployees() on controller PhoneBook.Controllers.HomeController (PhoneBook).
info: Microsoft.AspNetCore.Mvc.Infrastructure.ControllerActionInvoker[105]
      Executed action PhoneBook.Controllers.HomeController.GetDepartments (PhoneBook) in 21.752ms
info: System.Net.Http.HttpClient.IApiService.LogicalHandler[100]
      Start processing HTTP request GET http://10.10.3.159:8683/api/Employees
info: Microsoft.AspNetCore.Routing.EndpointMiddleware[1]
      Executed endpoint 'PhoneBook.Controllers.HomeController.GetDepartments (PhoneBook)'
info: System.Net.Http.HttpClient.IApiService.ClientHandler[100]
      Sending HTTP request GET http://10.10.3.159:8683/api/Employees
info: Microsoft.AspNetCore.Hosting.Diagnostics[2]
      Request finished HTTP/2 GET https://localhost:44364/Home/GetDepartments - 200 - application/json;+charset=utf-8 35.5054ms
info: System.Net.Http.HttpClient.IApiService.ClientHandler[101]
      Received HTTP response headers after 9.3051ms - 200
info: System.Net.Http.HttpClient.IApiService.LogicalHandler[101]
      End processing HTTP request after 16.7421ms - 200
info: Microsoft.AspNetCore.Mvc.Infrastructure.SystemTextJsonResultExecutor[1]
      Executing JsonResult, writing value of type 'System.Collections.Generic.List`1[[PhoneBook.Models.Employee, PhoneBook, Version=1.0.0.0, Culture=neutral, PublicKeyToken=null]]'.
info: Microsoft.AspNetCore.Mvc.Infrastructure.ControllerActionInvoker[105]
      Executed action PhoneBook.Controllers.HomeController.GetAllEmployees (PhoneBook) in 24.2588ms
info: Microsoft.AspNetCore.Routing.EndpointMiddleware[1]
      Executed endpoint 'PhoneBook.Controllers.HomeController.GetAllEmployees (PhoneBook)'
info: Microsoft.AspNetCore.Hosting.Diagnostics[2]
      Request finished HTTP/2 GET https://localhost:44364/Home/GetAllEmployees?sort=&group=&filter= - 200 - application/json;+charset=utf-8 36.6226ms
info: Microsoft.AspNetCore.Hosting.Diagnostics[1]
      Request starting HTTP/2 GET https://localhost:44364/Home/GetEmployeesByDepartment?departmentId=0 - application/json -
info: Microsoft.AspNetCore.Hosting.Diagnostics[1]
      Request starting HTTP/2 GET https://localhost:44364/Home/GetAllEmployees?sort=&group=&filter= - - -
info: Microsoft.AspNetCore.Routing.EndpointMiddleware[0]
      Executing endpoint 'PhoneBook.Controllers.HomeController.GetEmployeesByDepartment (PhoneBook)'
info: Microsoft.AspNetCore.Routing.EndpointMiddleware[0]
      Executing endpoint 'PhoneBook.Controllers.HomeController.GetAllEmployees (PhoneBook)'
info: Microsoft.AspNetCore.Mvc.Infrastructure.ControllerActionInvoker[102]
      Route matched with {action = "GetEmployeesByDepartment", controller = "Home"}. Executing controller action with signature System.Threading.Tasks.Task`1[Microsoft.AspNetCore.Mvc.IActionResult] GetEmployeesByDepartment(Int32) on controller PhoneBook.Controllers.HomeController (PhoneBook).
info: Microsoft.AspNetCore.Mvc.Infrastructure.ControllerActionInvoker[102]
      Route matched with {action = "GetAllEmployees", controller = "Home"}. Executing controller action with signature System.Threading.Tasks.Task`1[Microsoft.AspNetCore.Mvc.IActionResult] GetAllEmployees() on controller PhoneBook.Controllers.HomeController (PhoneBook).
info: System.Net.Http.HttpClient.IApiService.LogicalHandler[100]
      Start processing HTTP request GET http://10.10.3.159:8683/api/Departments/0/employees
info: System.Net.Http.HttpClient.IApiService.LogicalHandler[100]
      Start processing HTTP request GET http://10.10.3.159:8683/api/Employees
info: System.Net.Http.HttpClient.IApiService.ClientHandler[100]
      Sending HTTP request GET http://10.10.3.159:8683/api/Departments/0/employees
info: System.Net.Http.HttpClient.IApiService.ClientHandler[100]
      Sending HTTP request GET http://10.10.3.159:8683/api/Employees
info: System.Net.Http.HttpClient.IApiService.ClientHandler[101]
      Received HTTP response headers after 8.467ms - 200
info: System.Net.Http.HttpClient.IApiService.LogicalHandler[101]
      End processing HTTP request after 18.1992ms - 200
info: Microsoft.AspNetCore.Mvc.Infrastructure.SystemTextJsonResultExecutor[1]
      Executing JsonResult, writing value of type 'System.Collections.Generic.List`1[[PhoneBook.Models.Employee, PhoneBook, Version=1.0.0.0, Culture=neutral, PublicKeyToken=null]]'.
info: Microsoft.AspNetCore.Mvc.Infrastructure.ControllerActionInvoker[105]
      Executed action PhoneBook.Controllers.HomeController.GetAllEmployees (PhoneBook) in 25.0724ms
info: Microsoft.AspNetCore.Routing.EndpointMiddleware[1]
      Executed endpoint 'PhoneBook.Controllers.HomeController.GetAllEmployees (PhoneBook)'
info: Microsoft.AspNetCore.Hosting.Diagnostics[2]
      Request finished HTTP/2 GET https://localhost:44364/Home/GetAllEmployees?sort=&group=&filter= - 200 - application/json;+charset=utf-8 40.2039ms
info: System.Net.Http.HttpClient.IApiService.ClientHandler[101]
      Received HTTP response headers after 27.303ms - 200
info: System.Net.Http.HttpClient.IApiService.LogicalHandler[101]
      End processing HTTP request after 35.3652ms - 200
info: Microsoft.AspNetCore.Hosting.Diagnostics[1]
      Request starting HTTP/2 GET https://localhost:44364/Home/GetAllEmployees?sort=&group=&filter= - - -
info: Microsoft.AspNetCore.Routing.EndpointMiddleware[0]
      Executing endpoint 'PhoneBook.Controllers.HomeController.GetAllEmployees (PhoneBook)'
info: Microsoft.AspNetCore.Mvc.Infrastructure.ControllerActionInvoker[102]
      Route matched with {action = "GetAllEmployees", controller = "Home"}. Executing controller action with signature System.Threading.Tasks.Task`1[Microsoft.AspNetCore.Mvc.IActionResult] GetAllEmployees() on controller PhoneBook.Controllers.HomeController (PhoneBook).
info: Microsoft.AspNetCore.Mvc.Infrastructure.SystemTextJsonResultExecutor[1]
      Executing JsonResult, writing value of type 'System.Collections.Generic.List`1[[PhoneBook.Models.Employee, PhoneBook, Version=1.0.0.0, Culture=neutral, PublicKeyToken=null]]'.
info: System.Net.Http.HttpClient.IApiService.LogicalHandler[100]
      Start processing HTTP request GET http://10.10.3.159:8683/api/Employees
info: System.Net.Http.HttpClient.IApiService.ClientHandler[100]
      Sending HTTP request GET http://10.10.3.159:8683/api/Employees
info: Microsoft.AspNetCore.Hosting.Diagnostics[1]
      Request starting HTTP/2 GET https://localhost:44364/Home/GetEmployeesByDepartment?departmentId=0 - application/json -
info: Microsoft.AspNetCore.Mvc.Infrastructure.ControllerActionInvoker[105]
      Executed action PhoneBook.Controllers.HomeController.GetEmployeesByDepartment (PhoneBook) in 55.2109ms
info: Microsoft.AspNetCore.Routing.EndpointMiddleware[1]
      Executed endpoint 'PhoneBook.Controllers.HomeController.GetEmployeesByDepartment (PhoneBook)'
info: Microsoft.AspNetCore.Routing.EndpointMiddleware[0]
      Executing endpoint 'PhoneBook.Controllers.HomeController.GetEmployeesByDepartment (PhoneBook)'
info: System.Net.Http.HttpClient.IApiService.ClientHandler[101]
      Received HTTP response headers after 9.9443ms - 200
info: Microsoft.AspNetCore.Hosting.Diagnostics[2]
      Request finished HTTP/2 GET https://localhost:44364/Home/GetEmployeesByDepartment?departmentId=0 - 200 - application/json;+charset=utf-8 71.9824ms
info: Microsoft.AspNetCore.Mvc.Infrastructure.ControllerActionInvoker[102]
      Route matched with {action = "GetEmployeesByDepartment", controller = "Home"}. Executing controller action with signature System.Threading.Tasks.Task`1[Microsoft.AspNetCore.Mvc.IActionResult] GetEmployeesByDepartment(Int32) on controller PhoneBook.Controllers.HomeController (PhoneBook).
info: System.Net.Http.HttpClient.IApiService.LogicalHandler[101]
      End processing HTTP request after 17.4051ms - 200
info: System.Net.Http.HttpClient.IApiService.LogicalHandler[100]
      Start processing HTTP request GET http://10.10.3.159:8683/api/Departments/0/employees
info: System.Net.Http.HttpClient.IApiService.ClientHandler[100]
      Sending HTTP request GET http://10.10.3.159:8683/api/Departments/0/employees
info: Microsoft.AspNetCore.Mvc.Infrastructure.SystemTextJsonResultExecutor[1]
      Executing JsonResult, writing value of type 'System.Collections.Generic.List`1[[PhoneBook.Models.Employee, PhoneBook, Version=1.0.0.0, Culture=neutral, PublicKeyToken=null]]'.
info: Microsoft.AspNetCore.Mvc.Infrastructure.ControllerActionInvoker[105]
      Executed action PhoneBook.Controllers.HomeController.GetAllEmployees (PhoneBook) in 35.8887ms
info: Microsoft.AspNetCore.Routing.EndpointMiddleware[1]
      Executed endpoint 'PhoneBook.Controllers.HomeController.GetAllEmployees (PhoneBook)'
info: Microsoft.AspNetCore.Hosting.Diagnostics[2]
      Request finished HTTP/2 GET https://localhost:44364/Home/GetAllEmployees?sort=&group=&filter= - 200 - application/json;+charset=utf-8 47.4385ms
info: System.Net.Http.HttpClient.IApiService.ClientHandler[101]
      Received HTTP response headers after 25.9219ms - 200
info: System.Net.Http.HttpClient.IApiService.LogicalHandler[101]
      End processing HTTP request after 34.3183ms - 200
info: Microsoft.AspNetCore.Mvc.Infrastructure.SystemTextJsonResultExecutor[1]
      Executing JsonResult, writing value of type 'System.Collections.Generic.List`1[[PhoneBook.Models.Employee, PhoneBook, Version=1.0.0.0, Culture=neutral, PublicKeyToken=null]]'.
info: Microsoft.AspNetCore.Mvc.Infrastructure.ControllerActionInvoker[105]
      Executed action PhoneBook.Controllers.HomeController.GetEmployeesByDepartment (PhoneBook) in 43.1511ms
info: Microsoft.AspNetCore.Routing.EndpointMiddleware[1]
      Executed endpoint 'PhoneBook.Controllers.HomeController.GetEmployeesByDepartment (PhoneBook)'
info: Microsoft.AspNetCore.Hosting.Diagnostics[2]
      Request finished HTTP/2 GET https://localhost:44364/Home/GetEmployeesByDepartment?departmentId=0 - 200 - application/json;+charset=utf-8 60.8461ms
info: Microsoft.AspNetCore.Hosting.Diagnostics[1]
      Request starting HTTP/2 GET https://localhost:44364/Home/GetEmployeesByDepartment?departmentId=0 - application/json -
info: Microsoft.AspNetCore.Routing.EndpointMiddleware[0]
      Executing endpoint 'PhoneBook.Controllers.HomeController.GetEmployeesByDepartment (PhoneBook)'
info: Microsoft.AspNetCore.Mvc.Infrastructure.ControllerActionInvoker[102]
      Route matched with {action = "GetEmployeesByDepartment", controller = "Home"}. Executing controller action with signature System.Threading.Tasks.Task`1[Microsoft.AspNetCore.Mvc.IActionResult] GetEmployeesByDepartment(Int32) on controller PhoneBook.Controllers.HomeController (PhoneBook).
info: System.Net.Http.HttpClient.IApiService.LogicalHandler[100]
      Start processing HTTP request GET http://10.10.3.159:8683/api/Departments/0/employees
info: System.Net.Http.HttpClient.IApiService.ClientHandler[100]
      Sending HTTP request GET http://10.10.3.159:8683/api/Departments/0/employees
info: System.Net.Http.HttpClient.IApiService.ClientHandler[101]
      Received HTTP response headers after 25.4481ms - 200
info: System.Net.Http.HttpClient.IApiService.LogicalHandler[101]
      End processing HTTP request after 30.7892ms - 200
info: Microsoft.AspNetCore.Mvc.Infrastructure.SystemTextJsonResultExecutor[1]
      Executing JsonResult, writing value of type 'System.Collections.Generic.List`1[[PhoneBook.Models.Employee, PhoneBook, Version=1.0.0.0, Culture=neutral, PublicKeyToken=null]]'.
info: Microsoft.AspNetCore.Mvc.Infrastructure.ControllerActionInvoker[105]
      Executed action PhoneBook.Controllers.HomeController.GetEmployeesByDepartment (PhoneBook) in 37.1293ms
info: Microsoft.AspNetCore.Routing.EndpointMiddleware[1]
      Executed endpoint 'PhoneBook.Controllers.HomeController.GetEmployeesByDepartment (PhoneBook)'
info: Microsoft.AspNetCore.Hosting.Diagnostics[2]
      Request finished HTTP/2 GET https://localhost:44364/Home/GetEmployeesByDepartment?departmentId=0 - 200 - application/json;+charset=utf-8 47.4902ms
info: Microsoft.AspNetCore.Hosting.Diagnostics[1]
      Request starting HTTP/2 POST https://localhost:44364/Account/Logout - application/x-www-form-urlencoded 225
info: Microsoft.AspNetCore.Routing.EndpointMiddleware[0]
      Executing endpoint 'PhoneBook.Controllers.AccountController.Logout (PhoneBook)'
info: Microsoft.AspNetCore.Mvc.Infrastructure.ControllerActionInvoker[102]
      Route matched with {action = "Logout", controller = "Account"}. Executing controller action with signature System.Threading.Tasks.Task`1[Microsoft.AspNetCore.Mvc.IActionResult] Logout() on controller PhoneBook.Controllers.AccountController (PhoneBook).
info: Microsoft.AspNetCore.Authentication.Cookies.CookieAuthenticationHandler[11]
      AuthenticationScheme: Cookies signed out.
info: Microsoft.AspNetCore.Mvc.RedirectToActionResult[1]
      Executing RedirectResult, redirecting to /Account/Login.
info: Microsoft.AspNetCore.Mvc.Infrastructure.ControllerActionInvoker[105]
      Executed action PhoneBook.Controllers.AccountController.Logout (PhoneBook) in 3.8564ms
info: Microsoft.AspNetCore.Routing.EndpointMiddleware[1]
      Executed endpoint 'PhoneBook.Controllers.AccountController.Logout (PhoneBook)'
info: Microsoft.AspNetCore.Hosting.Diagnostics[2]
      Request finished HTTP/2 