info: Microsoft.AspNetCore.DataProtection.KeyManagement.XmlKeyManager[63]
      User profile is available. Using 'C:\Users\Admin\AppData\Local\ASP.NET\DataProtection-Keys' as key repository and Windows DPAPI to encrypt keys at rest.
info: Microsoft.Hosting.Lifetime[0]
      Application started. Press Ctrl+C to shut down.
info: Microsoft.Hosting.Lifetime[0]
      Hosting environment: Development
info: Microsoft.Hosting.Lifetime[0]
      Content root path: C:\Users\Admin\Documents\GitHub\PhoneBookV2\PhoneBook\PhoneBook
info: Microsoft.AspNetCore.Hosting.Diagnostics[1]
      Request starting HTTP/2 GET https://localhost:44364/ - - -
info: Microsoft.AspNetCore.Routing.EndpointMiddleware[0]
      Executing endpoint 'PhoneBook.Controllers.HomeController.Index (PhoneBook)'
info: Microsoft.AspNetCore.Mvc.Infrastructure.ControllerActionInvoker[102]
      Route matched with {action = "Index", controller = "Home"}. Executing controller action with signature System.Threading.Tasks.Task`1[Microsoft.AspNetCore.Mvc.IActionResult] Index() on controller PhoneBook.Controllers.HomeController (PhoneBook).
info: System.Net.Http.HttpClient.IApiService.LogicalHandler[100]
      Start processing HTTP request GET http://10.10.3.159:8683/api/Departments
info: System.Net.Http.HttpClient.IApiService.ClientHandler[100]
      Sending HTTP request GET http://10.10.3.159:8683/api/Departments
info: System.Net.Http.HttpClient.IApiService.ClientHandler[101]
      Received HTTP response headers after 13.2587ms - 401
info: System.Net.Http.HttpClient.IApiService.LogicalHandler[101]
      End processing HTTP request after 27.226ms - 401
info: Microsoft.AspNetCore.Mvc.RedirectToActionResult[1]
      Executing RedirectResult, redirecting to /Account/Login.
info: Microsoft.AspNetCore.Mvc.Infrastructure.ControllerActionInvoker[105]
      Executed action PhoneBook.Controllers.HomeController.Index (PhoneBook) in 109.0708ms
info: Microsoft.AspNetCore.Routing.EndpointMiddleware[1]
      Executed endpoint 'PhoneBook.Controllers.HomeController.Index (PhoneBook)'
info: Microsoft.AspNetCore.Hosting.Diagnostics[1]
      Request starting HTTP/2 GET https://localhost:44364/Account/Login - - -
info: Microsoft.AspNetCore.Hosting.Diagnostics[2]
      Request finished HTTP/2 GET https://localhost:44364/ - 302 - - 271.2114ms
info: Microsoft.AspNetCore.Routing.EndpointMiddleware[0]
      Executing endpoint 'PhoneBook.Controllers.AccountController.Login (PhoneBook)'
info: Microsoft.AspNetCore.Mvc.Infrastructure.ControllerActionInvoker[102]
      Route matched with {action = "Login", controller = "Account"}. Executing controller action with signature Microsoft.AspNetCore.Mvc.IActionResult Login(System.String) on controller PhoneBook.Controllers.AccountController (PhoneBook).
info: Microsoft.AspNetCore.Mvc.RedirectToActionResult[1]
      Executing RedirectResult, redirecting to /.
info: Microsoft.AspNetCore.Mvc.Infrastructure.ControllerActionInvoker[105]
      Executed action PhoneBook.Controllers.AccountController.Login (PhoneBook) in 5.8321ms
info: Microsoft.AspNetCore.Routing.EndpointMiddleware[1]
      Executed endpoint 'PhoneBook.Controllers.AccountController.Login (PhoneBook)'
info: Microsoft.AspNetCore.Hosting.Diagnostics[2]
      Request finished HTTP/2 GET https://localhost:44364/Account/Login - 302 - - 46.6540ms
info: Microsoft.AspNetCore.Hosting.Diagnostics[1]
      Request starting HTTP/2 GET https://localhost:44364/ - - -
info: Microsoft.AspNetCore.Routing.EndpointMiddleware[0]
      Executing endpoint 'PhoneBook.Controllers.HomeController.Index (PhoneBook)'
info: Microsoft.AspNetCore.Mvc.Infrastructure.ControllerActionInvoker[102]
      Route matched with {action = "Index", controller = "Home"}. Executing controller action with signature System.Threading.Tasks.Task`1[Microsoft.AspNetCore.Mvc.IActionResult] Index() on controller PhoneBook.Controllers.HomeController (PhoneBook).
info: System.Net.Http.HttpClient.IApiService.LogicalHandler[100]
      Start processing HTTP request GET http://10.10.3.159:8683/api/Departments
info: System.Net.Http.HttpClient.IApiService.ClientHandler[100]
      Sending HTTP request GET http://10.10.3.159:8683/api/Departments
info: System.Net.Http.HttpClient.IApiService.ClientHandler[101]
      Received HTTP response headers after 1.3115ms - 401
info: System.Net.Http.HttpClient.IApiService.LogicalHandler[101]
      End processing HTTP request after 6.375ms - 401
info: Microsoft.AspNetCore.Mvc.RedirectToActionResult[1]
      Executing RedirectResult, redirecting to /Account/Login.
info: Microsoft.AspNetCore.Mvc.Infrastructure.ControllerActionInvoker[105]
      Executed action PhoneBook.Controllers.HomeController.Index (PhoneBook) in 40.7116ms
info: Microsoft.AspNetCore.Routing.EndpointMiddleware[1]
      Executed endpoint 'PhoneBook.Controllers.HomeController.Index (PhoneBook)'
info: Microsoft.AspNetCore.Hosting.Diagnostics[2]
      Request finished HTTP/2 GET https://localhost:44364/ - 302 - - 59.3776ms
info: Microsoft.AspNetCore.Hosting.Diagnostics[1]
      Request starting HTTP/2 GET https://localhost:44364/Account/Login - - -
info: Microsoft.AspNetCore.Routing.EndpointMiddleware[0]
      Executing endpoint 'PhoneBook.Controllers.AccountController.Login (PhoneBook)'
info: Microsoft.AspNetCore.Mvc.Infrastructure.ControllerActionInvoker[102]
      Route matched with {action = "Login", controller = "Account"}. Executing controller action with signature Microsoft.AspNetCore.Mvc.IActionResult Login(System.String) on controller PhoneBook.Controllers.AccountController (PhoneBook).
info: Microsoft.AspNetCore.Mvc.RedirectToActionResult[1]
      Executing RedirectResult, redirecting to /.
info: Microsoft.AspNetCore.Mvc.Infrastructure.ControllerActionInvoker[105]
      Executed action PhoneBook.Controllers.AccountController.Login (PhoneBook) in 2.0303ms
info: Microsoft.AspNetCore.Routing.EndpointMiddleware[1]
      Executed endpoint 'PhoneBook.Controllers.AccountController.Login (PhoneBook)'
info: Microsoft.AspNetCore.Hosting.Diagnostics[2]
      Request finished HTTP/2 GET https://localhost:44364/Account/Login - 302 - - 15.0793ms
info: Microsoft.AspNetCore.Hosting.Diagnostics[1]
      Request starting HTTP/2 GET https://localhost:44364/ - - -
info: Microsoft.AspNetCore.Routing.EndpointMiddleware[0]
      Executing endpoint 'PhoneBook.Controllers.HomeController.Index (PhoneBook)'
info: Microsoft.AspNetCore.Mvc.Infrastructure.ControllerActionInvoker[102]
      Route matched with {action = "Index", controller = "Home"}. Executing controller action with signature System.Threading.Tasks.Task`1[Microsoft.AspNetCore.Mvc.IActionResult] Index() on controller PhoneBook.Controllers.HomeController (PhoneBook).
info: System.Net.Http.HttpClient.IApiService.LogicalHandler[100]
      Start processing HTTP request GET http://10.10.3.159:8683/api/Departments
info: System.Net.Http.HttpClient.IApiService.ClientHandler[100]
      Sending HTTP request GET http://10.10.3.159:8683/api/Departments
info: System.Net.Http.HttpClient.IApiService.ClientHandler[101]
      Received HTTP response headers after 1.2685ms - 401
info: System.Net.Http.HttpClient.IApiService.LogicalHandler[101]
      End processing HTTP request after 6.5145ms - 401
info: Microsoft.AspNetCore.Mvc.RedirectToActionResult[1]
      Executing RedirectResult, redirecting to /Account/Login.
info: Microsoft.AspNetCore.Mvc.Infrastructure.ControllerActionInvoker[105]
      Executed action PhoneBook.Controllers.HomeController.Index (PhoneBook) in 36.3657ms
info: Microsoft.AspNetCore.Routing.EndpointMiddleware[1]
      Executed endpoint 'PhoneBook.Controllers.HomeController.Index (PhoneBook)'
info: Microsoft.AspNetCore.Hosting.Diagnostics[2]
      Request finished HTTP/2 GET https://localhost:44364/ - 302 - - 48.4269ms
info: Microsoft.AspNetCore.Hosting.Diagnostics[1]
      Request starting HTTP/2 GET https://localhost:44364/Account/Login - - -
info: Microsoft.AspNetCore.Routing.EndpointMiddleware[0]
      Executing endpoint 'PhoneBook.Controllers.AccountController.Login (PhoneBook)'
info: Microsoft.AspNetCore.Mvc.Infrastructure.ControllerActionInvoker[102]
      Route matched with {action = "Login", controller = "Account"}. Executing controller action with signature Microsoft.AspNetCore.Mvc.IActionResult Login(System.String) on controller PhoneBook.Controllers.AccountController (PhoneBook).
info: Microsoft.AspNetCore.Mvc.RedirectToActionResult[1]
      Executing RedirectResult, redirecting to /.
info: Microsoft.AspNetCore.Mvc.Infrastructure.ControllerActionInvoker[105]
      Executed action PhoneBook.Controllers.AccountController.Login (PhoneBook) in 1.8534ms
info: Microsoft.AspNetCore.Routing.EndpointMiddleware[1]
      Executed endpoint 'PhoneBook.Controllers.AccountController.Login (PhoneBook)'
info: Microsoft.AspNetCore.Hosting.Diagnostics[2]
      Request finished HTTP/2 GET https://localhost:44364/Account/Login - 302 - - 13.6021ms
info: Microsoft.AspNetCore.Hosting.Diagnostics[1]
      Request starting HTTP/2 GET https://localhost:44364/ - - -
info: Microsoft.AspNetCore.Routing.EndpointMiddleware[0]
      Executing endpoint 'PhoneBook.Controllers.HomeController.Index (PhoneBook)'
info: Microsoft.AspNetCore.Mvc.Infrastructure.ControllerActionInvoker[102]
      Route matched with {action = "Index", controller = "Home"}. Executing controller action with signature System.Threading.Tasks.Task`1[Microsoft.AspNetCore.Mvc.IActionResult] Index() on controller PhoneBook.Controllers.HomeController (PhoneBook).
info: System.Net.Http.HttpClient.IApiService.LogicalHandler[100]
      Start processing HTTP request GET http://10.10.3.159:8683/api/Departments
info: System.Net.Http.HttpClient.IApiService.ClientHandler[100]
      Sending HTTP request GET http://10.10.3.159:8683/api/Departments
info: System.Net.Http.HttpClient.IApiService.ClientHandler[101]
      Received HTTP response headers after 0.919ms - 401
info: System.Net.Http.HttpClient.IApiService.LogicalHandler[101]
      End processing HTTP request after 5.8825ms - 401
info: Microsoft.AspNetCore.Mvc.RedirectToActionResult[1]
      Executing RedirectResult, redirecting to /Account/Login.
info: Microsoft.AspNetCore.Mvc.Infrastructure.ControllerActionInvoker[105]
      Executed action PhoneBook.Controllers.HomeController.Index (PhoneBook) in 39.5951ms
info: Microsoft.AspNetCore.Routing.EndpointMiddleware[1]
      Executed endpoint 'PhoneBook.Controllers.HomeController.Index (PhoneBook)'
info: Microsoft.AspNetCore.Hosting.Diagnostics[2]
      Request finished HTTP/2 GET https://localhost:44364/ - 302 - - 52.9660ms
info: Microsoft.AspNetCore.Hosting.Diagnostics[1]
      Request starting HTTP/2 GET https://localhost:44364/Account/Login - - -
info: Microsoft.AspNetCore.Routing.EndpointMiddleware[0]
      Executing endpoint 'PhoneBook.Controllers.AccountController.Login (PhoneBook)'
info: Microsoft.AspNetCore.Mvc.Infrastructure.ControllerActionInvoker[102]
      Route matched with {action = "Login", controller = "Account"}. Executing controller action with signature Microsoft.AspNetCore.Mvc.IActionResult Login(System.String) on controller PhoneBook.Controllers.AccountController (PhoneBook).
info: Microsoft.AspNetCore.Mvc.RedirectToActionResult[1]
      Executing RedirectResult, redirecting to /.
info: Microsoft.AspNetCore.Mvc.Infrastructure.ControllerActionInvoker[105]
      Executed action PhoneBook.Controllers.AccountController.Login (PhoneBook) in 2.2419ms
info: Microsoft.AspNetCore.Routing.EndpointMiddleware[1]
      Executed endpoint 'PhoneBook.Controllers.AccountController.Login (PhoneBook)'
info: Microsoft.AspNetCore.Hosting.Diagnostics[2]
      Request finished HTTP/2 GET https://localhost:44364/Account/Login - 302 - - 18.0710ms
info: Microsoft.AspNetCore.Hosting.Diagnostics[1]
      Request starting HTTP/2 GET https://localhost:44364/ - - -
info: Microsoft.AspNetCore.Routing.EndpointMiddleware[0]
      Executing endpoint 'PhoneBook.Controllers.HomeController.Index (PhoneBook)'
info: Microsoft.AspNetCore.Mvc.Infrastructure.ControllerActionInvoker[102]
      Route matched with {action = "Index", controller = "Home"}. Executing controller action with signature System.Threading.Tasks.Task`1[Microsoft.AspNetCore.Mvc.IActionResult] Index() on controller PhoneBook.Controllers.HomeController (PhoneBook).
info: System.Net.Http.HttpClient.IApiService.LogicalHandler[100]
      Start processing HTTP request GET http://10.10.3.159:8683/api/Departments
info: System.Net.Http.HttpClient.IApiService.ClientHandler[100]
      Sending HTTP request GET http://10.10.3.159:8683/api/Departments
info: System.Net.Http.HttpClient.IApiService.ClientHandler[101]
      Received HTTP response headers after 1.1618ms - 401
info: System.Net.Http.HttpClient.IApiService.LogicalHandler[101]
      End processing HTTP request after 6.4662ms - 401
info: Microsoft.AspNetCore.Mvc.RedirectToActionResult[1]
      Executing RedirectResult, redirecting to /Account/Login.
info: Microsoft.AspNetCore.Mvc.Infrastructure.ControllerActionInvoker[105]
      Executed action PhoneBook.Controllers.HomeController.Index (PhoneBook) in 39.1168ms
info: Microsoft.AspNetCore.Routing.EndpointMiddleware[1]
      Executed endpoint 'PhoneBook.Controllers.HomeController.Index (PhoneBook)'
info: Microsoft.AspNetCore.Hosting.Diagnostics[2]
      Request finished HTTP/2 GET https://localhost:44364/ - 302 - - 54.2414ms
info: Microsoft.AspNetCore.Hosting.Diagnostics[1]
      Request starting HTTP/2 GET https://localhost:44364/Account/Login - - -
info: Microsoft.AspNetCore.Routing.EndpointMiddleware[0]
      Executing endpoint 'PhoneBook.Controllers.AccountController.Login (PhoneBook)'
info: Microsoft.AspNetCore.Mvc.Infrastructure.ControllerActionInvoker[102]
      Route matched with {action = "Login", controller = "Account"}. Executing controller action with signature Microsoft.AspNetCore.Mvc.IActionResult Login(System.String) on controller PhoneBook.Controllers.AccountController (PhoneBook).
info: Microsoft.AspNetCore.Mvc.RedirectToActionResult[1]
      Executing RedirectResult, redirecting to /.
info: Microsoft.AspNetCore.Mvc.Infrastructure.ControllerActionInvoker[105]
      Executed action PhoneBook.Controllers.AccountController.Login (PhoneBook) in 1.9976ms
info: Microsoft.AspNetCore.Routing.EndpointMiddleware[1]
      Executed endpoint 'PhoneBook.Controllers.AccountController.Login (PhoneBook)'
info: Microsoft.AspNetCore.Hosting.Diagnostics[2]
      Request finished HTTP/2 GET https://localhost:44364/Account/Login - 302 - - 14.1753ms
info: Microsoft.AspNetCore.Hosting.Diagnostics[1]
      Request starting HTTP/2 GET https://localhost:44364/ - - -
info: Microsoft.AspNetCore.Routing.EndpointMiddleware[0]
      Executing endpoint 'PhoneBook.Controllers.HomeController.Index (PhoneBook)'
info: Microsoft.AspNetCore.Mvc.Infrastructure.ControllerActionInvoker[102]
      Route matched with {action = "Index", controller = "Home"}. Executing controller action with signature System.Threading.Tasks.Task`1[Microsoft.AspNetCore.Mvc.IActionResult] Index() on controller PhoneBook.Controllers.HomeController (PhoneBook).
info: System.Net.Http.HttpClient.IApiService.LogicalHandler[100]
      Start processing HTTP request GET http://10.10.3.159:8683/api/Departments
info: System.Net.Http.HttpClient.IApiService.ClientHandler[100]
      Sending HTTP request GET http://10.10.3.159:8683/api/Departments
info: System.Net.Http.HttpClient.IApiService.ClientHandler[101]
      Received HTTP response headers after 1.0536ms - 401
info: System.Net.Http.HttpClient.IApiService.LogicalHandler[101]
      End processing HTTP request after 6.5242ms - 401
info: Microsoft.AspNetCore.Mvc.RedirectToActionResult[1]
      Executing RedirectResult, redirecting to /Account/Login.
info: Microsoft.AspNetCore.Mvc.Infrastructure.ControllerActionInvoker[105]
      Executed action PhoneBook.Controllers.HomeController.Index (PhoneBook) in 35.7891ms
info: Microsoft.AspNetCore.Routing.EndpointMiddleware[1]
      Executed endpoint 'PhoneBook.Controllers.HomeController.Index (PhoneBook)'
info: Microsoft.AspNetCore.Hosting.Diagnostics[2]
      Request finished HTTP/2 GET https://localhost:44364/ - 302 - - 48.4153ms
info: Microsoft.AspNetCore.Hosting.Diagnostics[1]
      Request starting HTTP/2 GET https://localhost:44364/Account/Login - - -
info: Microsoft.AspNetCore.Routing.EndpointMiddleware[0]
      Executing endpoint 'PhoneBook.Controllers.AccountController.Login (PhoneBook)'
info: Microsoft.AspNetCore.Mvc.Infrastructure.ControllerActionInvoker[102]
      Route matched with {action = "Login", controller = "Account"}. Executing controller action with signature Microsoft.AspNetCore.Mvc.IActionResult Login(System.String) on controller PhoneBook.Controllers.AccountController (PhoneBook).
info: Microsoft.AspNetCore.Mvc.RedirectToActionResult[1]
      Executing RedirectResult, redirecting to /.
info: Microsoft.AspNetCore.Mvc.Infrastructure.ControllerActionInvoker[105]
      Executed action PhoneBook.Controllers.AccountController.Login (PhoneBook) in 1.9167ms
info: Microsoft.AspNetCore.Routing.EndpointMiddleware[1]
      Executed endpoint 'PhoneBook.Controllers.AccountController.Login (PhoneBook)'
info: Microsoft.AspNetCore.Hosting.Diagnostics[2]
      Request finished HTTP/2 GET https://localhost:44364/Account/Login - 302 - - 13.6055ms
info: Microsoft.AspNetCore.Hosting.Diagnostics[1]
      Request starting HTTP/2 GET https://localhost:44364/ - - -
info: Microsoft.AspNetCore.Routing.EndpointMiddleware[0]
      Executing endpoint 'PhoneBook.Controllers.HomeController.Index (PhoneBook)'
info: Microsoft.AspNetCore.Mvc.Infrastructure.ControllerActionInvoker[102]
      Route matched with {action = "Index", controller = "Home"}. Executing controller action with signature System.Threading.Tasks.Task`1[Microsoft.AspNetCore.Mvc.IActionResult] Index() on controller PhoneBook.Controllers.HomeController (PhoneBook).
info: System.Net.Http.HttpClient.IApiService.LogicalHandler[100]
      Start processing HTTP request GET http://10.10.3.159:8683/api/Departments
info: System.Net.Http.HttpClient.IApiService.ClientHandler[100]
      Sending HTTP request GET http://10.10.3.159:8683/api/Departments
info: System.Net.Http.HttpClient.IApiService.ClientHandler[101]
      Received HTTP response headers after 0.9309ms - 401
info: System.Net.Http.HttpClient.IApiService.LogicalHandler[101]
      End processing HTTP request after 6.2997ms - 401
info: Microsoft.AspNetCore.Mvc.RedirectToActionResult[1]
      Executing RedirectResult, redirecting to /Account/Login.
info: Microsoft.AspNetCore.Mvc.Infrastructure.ControllerActionInvoker[105]
      Executed action PhoneBook.Controllers.HomeController.Index (PhoneBook) in 36.7446ms
info: Microsoft.AspNetCore.Routing.EndpointMiddleware[1]
      Executed endpoint 'PhoneBook.Controllers.HomeController.Index (PhoneBook)'
info: Microsoft.AspNetCore.Hosting.Diagnostics[2]
      Request finished HTTP/2 GET https://localhost:44364/ - 302 - - 48.1470ms
info: Microsoft.AspNetCore.Hosting.Diagnostics[1]
      Request starting HTTP/2 GET https://localhost:44364/Account/Login - - -
info: Microsoft.AspNetCore.Routing.EndpointMiddleware[0]
      Executing endpoint 'PhoneBook.Controllers.AccountController.Login (PhoneBook)'
info: Microsoft.AspNetCore.Mvc.Infrastructure.ControllerActionInvoker[102]
      Route matched with {action = "Login", controller = "Account"}. Executing controller action with signature Microsoft.AspNetCore.Mvc.IActionResult Login(System.String) on controller PhoneBook.Controllers.AccountController (PhoneBook).
info: Microsoft.AspNetCore.Mvc.RedirectToActionResult[1]
      Executing RedirectResult, redirecting to /.
info: Microsoft.AspNetCore.Mvc.Infrastructure.ControllerActionInvoker[105]
      Executed action PhoneBook.Controllers.AccountController.Login (PhoneBook) in 1.7362ms
info: Microsoft.AspNetCore.Routing.EndpointMiddleware[1]
      Executed endpoint 'PhoneBook.Controllers.AccountController.Login (PhoneBook)'
info: Microsoft.AspNetCore.Hosting.Diagnostics[2]
      Request finished HTTP/2 GET https://localhost:44364/Account/Login - 302 - - 12.1491ms
info: Microsoft.AspNetCore.Hosting.Diagnostics[1]
      Request starting HTTP/2 GET https://localhost:44364/ - - -
info: Microsoft.AspNetCore.Routing.EndpointMiddleware[0]
      Executing endpoint 'PhoneBook.Controllers.HomeController.Index (PhoneBook)'
info: Microsoft.AspNetCore.Mvc.Infrastructure.ControllerActionInvoker[102]
      Route matched with {action = "Index", controller = "Home"}. Executing controller action with signature System.Threading.Tasks.Task`1[Microsoft.AspNetCore.Mvc.IActionResult] Index() on controller PhoneBook.Controllers.HomeController (PhoneBook).
info: System.Net.Http.HttpClient.IApiService.LogicalHandler[100]
      Start processing HTTP request GET http://10.10.3.159:8683/api/Departments
info: System.Net.Http.HttpClient.IApiService.ClientHandler[100]
      Sending HTTP request GET http://10.10.3.159:8683/api/Departments
info: System.Net.Http.HttpClient.IApiService.ClientHandler[101]
      Received HTTP response headers after 0.9204ms - 401
info: System.Net.Http.HttpClient.IApiService.LogicalHandler[101]
      End processing HTTP request after 5.4821ms - 401
info: Microsoft.AspNetCore.Mvc.RedirectToActionResult[1]
      Executing RedirectResult, redirecting to /Account/Login.
info: Microsoft.AspNetCore.Mvc.Infrastructure.ControllerActionInvoker[105]
      Executed action PhoneBook.Controllers.HomeController.Index (PhoneBook) in 29.7784ms
info: Microsoft.AspNetCore.Routing.EndpointMiddleware[1]
      Executed endpoint 'PhoneBook.Controllers.HomeController.Index (PhoneBook)'
info: Microsoft.AspNetCore.Hosting.Diagnostics[2]
      Request finished HTTP/2 GET https://localhost:44364/ - 302 - - 40.2454ms
info: Microsoft.AspNetCore.Hosting.Diagnostics[1]
      Request starting HTTP/2 GET https://localhost:44364/Account/Login - - -
info: Microsoft.AspNetCore.Routing.EndpointMiddleware[0]
      Executing endpoint 'PhoneBook.Controllers.AccountController.Login (PhoneBook)'
info: Microsoft.AspNetCore.Mvc.Infrastructure.ControllerActionInvoker[102]
      Route matched with {action = "Login", controller = "Account"}. Executing controller action with signature Microsoft.AspNetCore.Mvc.IActionResult Login(System.String) on controller PhoneBook.Controllers.AccountController (PhoneBook).
info: Microsoft.AspNetCore.Mvc.RedirectToActionResult[1]
      Executing RedirectResult, redirecting to /.
info: Microsoft.AspNetCore.Mvc.Infrastructure.ControllerActionInvoker[105]
      Executed action PhoneBook.Controllers.AccountController.Login (PhoneBook) in 2.3178ms
info: Microsoft.AspNetCore.Routing.EndpointMiddleware[1]
      Executed endpoint 'PhoneBook.Controllers.AccountController.Login (PhoneBook)'
info: Microsoft.AspNetCore.Hosting.Diagnostics[2]
      Request finished HTTP/2 GET https://localhost:44364/Account/Login - 302 - - 13.0677ms
info: Microsoft.AspNetCore.Hosting.Diagnostics[1]
      Request starting HTTP/2 GET https://localhost:44364/ - - -
info: Microsoft.AspNetCore.Routing.EndpointMiddleware[0]
      Executing endpoint 'PhoneBook.Controllers.HomeController.Index (PhoneBook)'
info: Microsoft.AspNetCore.Mvc.Infrastructure.ControllerActionInvoker[102]
      Route matched with {action = "Index", controller = "Home"}. Executing controller action with signature System.Threading.Tasks.Task`1[Microsoft.AspNetCore.Mvc.IActionResult] Index() on controller PhoneBook.Controllers.HomeController (PhoneBook).
info: System.Net.Http.HttpClient.IApiService.LogicalHandler[100]
      Start processing HTTP request GET http://10.10.3.159:8683/api/Departments
info: System.Net.Http.HttpClient.IApiService.ClientHandler[100]
      Sending HTTP request GET http://10.10.3.159:8683/api/Departments
info: System.Net.Http.HttpClient.IApiService.ClientHandler[101]
      Received HTTP response headers after 1.1133ms - 401
info: System.Net.Http.HttpClient.IApiService.LogicalHandler[101]
      End processing HTTP request after 5.7163ms - 401
info: Microsoft.AspNetCore.Mvc.RedirectToActionResult[1]
      Executing RedirectResult, redirecting to /Account/Login.
info: Microsoft.AspNetCore.Mvc.Infrastructure.ControllerActionInvoker[105]
      Executed action PhoneBook.Controllers.HomeController.Index (PhoneBook) in 33.8993ms
info: Microsoft.AspNetCore.Routing.EndpointMiddleware[1]
      Executed endpoint 'PhoneBook.Controllers.HomeController.Index (PhoneBook)'
info: Microsoft.AspNetCore.Hosting.Diagnostics[2]
      Request finished HTTP/2 GET https://localhost:44364/ - 302 - - 44.8743ms
info: Microsoft.AspNetCore.Hosting.Diagnostics[1]
      Request starting HTTP/2 GET https://localhost:44364/Account/Login - - -
info: Microsoft.AspNetCore.Routing.EndpointMiddleware[0]
      Executing endpoint 'PhoneBook.Controllers.AccountController.Login (PhoneBook)'
info: Microsoft.AspNetCore.Mvc.Infrastructure.ControllerActionInvoker[102]
      Route matched with {action = "Login", controller = "Account"}. Executing controller action with signature Microsoft.AspNetCore.Mvc.IActionResult Login(System.String) on controller PhoneBook.Controllers.AccountController (PhoneBook).
info: Microsoft.AspNetCore.Mvc.RedirectToActionResult[1]
      Executing RedirectResult, redirecting to /.
info: Microsoft.AspNetCore.Mvc.Infrastructure.ControllerActionInvoker[105]
      Executed action PhoneBook.Controllers.AccountController.Login (PhoneBook) in 1.6963ms
info: Microsoft.AspNetCore.Routing.EndpointMiddleware[1]
      Executed endpoint 'PhoneBook.Controllers.AccountController.Login (PhoneBook)'
info: Microsoft.AspNetCore.Hosting.Diagnostics[2]
      Request finished HTTP/2 GET https://localhost:44364/Account/Login - 302 - - 12.1530ms
info: Microsoft.AspNetCore.Hosting.Diagnostics[1]
      Request starting HTTP/2 GET https://localhost:44364/ - - -
info: Microsoft.AspNetCore.Routing.EndpointMiddleware[0]
      Executing endpoint 'PhoneBook.Controllers.HomeController.Index (PhoneBook)'
info: Microsoft.AspNetCore.Mvc.Infrastructure.ControllerActionInvoker[102]
      Route matched with {action = "Index", controller = "Home"}. Executing controller action with signature System.Threading.Tasks.Task`1[Microsoft.AspNetCore.Mvc.IActionResult] Index() on controller PhoneBook.Controllers.HomeController (PhoneBook).
info: System.Net.Http.HttpClient.IApiService.LogicalHandler[100]
      Start processing HTTP request GET http://10.10.3.159:8683/api/Departments
info: System.Net.Http.HttpClient.IApiService.ClientHandler[100]
      Sending HTTP request GET http://10.10.3.159:8683/api/Departments
info: System.Net.Http.HttpClient.IApiService.ClientHandler[101]
      Received HTTP response headers after 0.951ms - 401
info: System.Net.Http.HttpClient.IApiService.LogicalHandler[101]
      End processing HTTP request after 5.3286ms - 401
info: Microsoft.AspNetCore.Mvc.RedirectToActionResult[1]
      Executing RedirectResult, redirecting to /Account/Login.
info: Microsoft.AspNetCore.Mvc.Infrastructure.ControllerActionInvoker[105]
      Executed action PhoneBook.Controllers.HomeController.Index (PhoneBook) in 39.2873ms
info: Microsoft.AspNetCore.Routing.EndpointMiddleware[1]
      Executed endpoint 'PhoneBook.Controllers.HomeController.Index (PhoneBook)'
info: Microsoft.AspNetCore.Hosting.Diagnostics[2]
      Request finished HTTP/2 GET https://localhost:44364/ - 302 - - 49.9016ms
info: Microsoft.AspNetCore.Hosting.Diagnostics[1]
      Request starting HTTP/2 GET https://localhost:44364/Account/Login - - -
info: Microsoft.AspNetCore.Routing.EndpointMiddleware[0]
      Executing endpoint 'PhoneBook.Controllers.AccountController.Login (PhoneBook)'
info: Microsoft.AspNetCore.Mvc.Infrastructure.ControllerActionInvoker[102]
      Route matched with {action = "Login", controller = "Account"}. Executing controller action with signature Microsoft.AspNetCore.Mvc.IActionResult Login(System.String) on controller PhoneBook.Controllers.AccountController (PhoneBook).
info: Microsoft.AspNetCore.Mvc.RedirectToActionResult[1]
      Executing RedirectResult, redirecting to /.
info: Microsoft.AspNetCore.Mvc.Infrastructure.ControllerActionInvoker[105]
      Executed action PhoneBook.Controllers.AccountController.Login (PhoneBook) in 1.9471ms
info: Microsoft.AspNetCore.Routing.EndpointMiddleware[1]
      Executed endpoint 'PhoneBook.Controllers.AccountController.Login (PhoneBook)'
info: Microsoft.AspNetCore.Hosting.Diagnostics[2]
      Request finished HTTP/2 GET https://localhost:44364/Account/Login - 302 - - 13.3291ms
info: Microsoft.AspNetCore.Hosting.Diagnostics[1]
      Request starting HTTP/2 GET https://localhost:44364/Account/Login - - -
info: Microsoft.AspNetCore.Routing.EndpointMiddleware[0]
      Executing endpoint 'PhoneBook.Controllers.AccountController.Login (PhoneBook)'
info: Microsoft.AspNetCore.Mvc.Infrastructure.ControllerActionInvoker[102]
      Route matched with {action = "Login", controller = "Account"}. Executing controller action with signature Microsoft.AspNetCore.Mvc.IActionResult Login(System.String) on controller PhoneBook.Controllers.AccountController (PhoneBook).
info: Microsoft.AspNetCore.Mvc.RedirectToActionResult[1]
      Executing RedirectResult, redirecting to /.
info: Microsoft.AspNetCore.Mvc.Infrastructure.ControllerActionInvoker[105]
      Executed action PhoneBook.Controllers.AccountController.Login (PhoneBook) in 2.2382ms
info: Microsoft.AspNetCore.Routing.EndpointMiddleware[1]
      Executed endpoint 'PhoneBook.Controllers.AccountController.Login (PhoneBook)'
info: Microsoft.AspNetCore.Hosting.Diagnostics[2]
      Request finished HTTP/2 GET https://localhost:44364/Account/Login - 302 - - 19.4496ms
info: Microsoft.AspNetCore.Hosting.Diagnostics[1]
      Request starting HTTP/2 GET https://localhost:44364/ - - -
info: Microsoft.AspNetCore.Routing.EndpointMiddleware[0]
      Executing endpoint 'PhoneBook.Controllers.HomeController.Index (PhoneBook)'
info: Microsoft.AspNetCore.Mvc.Infrastructure.ControllerActionInvoker[102]
      Route matched with {action = "Index", controller = "Home"}. Executing controller action with signature System.Threading.Tasks.Task`1[Microsoft.AspNetCore.Mvc.IActionResult] Index() on controller PhoneBook.Controllers.HomeController (PhoneBook).
info: System.Net.Http.HttpClient.IApiService.LogicalHandler[100]
      Start processing HTTP request GET http://10.10.3.159:8683/api/Departments
info: System.Net.Http.HttpClient.IApiService.ClientHandler[100]
      Sending HTTP request GET http://10.10.3.159:8683/api/Departments
info: System.Net.Http.HttpClient.IApiService.ClientHandler[101]
      Received HTTP response headers after 0.9233ms - 401
info: System.Net.Http.HttpClient.IApiService.LogicalHandler[101]
      End processing HTTP request after 6.7419ms - 401
info: Microsoft.AspNetCore.Mvc.RedirectToActionResult[1]
      Executing RedirectResult, redirecting to /Account/Login.
info: Microsoft.AspNetCore.Mvc.Infrastructure.ControllerActionInvoker[105]
      Executed action PhoneBook.Controllers.HomeController.Index (PhoneBook) in 45.0562ms
info: Microsoft.AspNetCore.Routing.EndpointMiddleware[1]
      Executed endpoint 'PhoneBook.Controllers.HomeController.Index (PhoneBook)'
info: Microsoft.AspNetCore.Hosting.Diagnostics[2]
      Request finished HTTP/2 GET https://localhost:44364/ - 302 - - 59.8082ms
info: Microsoft.AspNetCore.Hosting.Diagnostics[1]
      Request starting HTTP/2 GET https://localhost:44364/Account/Login - - -
info: Microsoft.AspNetCore.Routing.EndpointMiddleware[0]
      Executing endpoint 'PhoneBook.Controllers.AccountController.Login (PhoneBook)'
info: Microsoft.AspNetCore.Mvc.Infrastructure.ControllerActionInvoker[102]
      Route matched with {action = "Login", controller = "Account"}. Executing controller action with signature Microsoft.AspNetCore.Mvc.IActionResult Login(System.String) on controller PhoneBook.Controllers.AccountController (PhoneBook).
info: Microsoft.AspNetCore.Mvc.RedirectToActionResult[1]
      Executing RedirectResult, redirecting to /.
info: Microsoft.AspNetCore.Mvc.Infrastructure.ControllerActionInvoker[105]
      Executed action PhoneBook.Controllers.AccountController.Login (PhoneBook) in 2.0372ms
info: Microsoft.AspNetCore.Routing.EndpointMiddleware[1]
      Executed endpoint 'PhoneBook.Controllers.AccountController.Login (PhoneBook)'
info: Microsoft.AspNetCore.Hosting.Diagnostics[2]
      Request finished HTTP/2 GET https://localhost:44364/Account/Login - 302 - - 14.1277ms
info: Microsoft.AspNetCore.Hosting.Diagnostics[1]
      Request starting HTTP/2 GET https://localhost:44364/ - - -
info: Microsoft.AspNetCore.Routing.EndpointMiddleware[0]
      Executing endpoint 'PhoneBook.Controllers.HomeController.Index (PhoneBook)'
info: Microsoft.AspNetCore.Mvc.Infrastructure.ControllerActionInvoker[102]
      Route matched with {action = "Index", controller = "Home"}. Executing controller action with signature System.Threading.Tasks.Task`1[Microsoft.AspNetCore.Mvc.IActionResult] Index() on controller PhoneBook.Controllers.HomeController (PhoneBook).
info: System.Net.Http.HttpClient.IApiService.LogicalHandler[100]
      Start processing HTTP request GET http://10.10.3.159:8683/api/Departments
info: System.Net.Http.HttpClient.IApiService.ClientHandler[100]
      Sending HTTP request GET http://10.10.3.159:8683/api/Departments
info: System.Net.Http.HttpClient.IApiService.ClientHandler[101]
      Received HTTP response headers after 0.9651ms - 401
info: System.Net.Http.HttpClient.IApiService.LogicalHandler[101]
      End processing HTTP request after 6.2348ms - 401
info: Microsoft.AspNetCore.Mvc.RedirectToActionResult[1]
      Executing RedirectResult, redirecting to /Account/Login.
info: Microsoft.AspNetCore.Mvc.Infrastructure.ControllerActionInvoker[105]
      Executed action PhoneBook.Controllers.HomeController.Index (PhoneBook) in 39.6689ms
info: Microsoft.AspNetCore.Routing.EndpointMiddleware[1]
      Executed endpoint 'PhoneBook.Controllers.HomeController.Index (PhoneBook)'
info: Microsoft.AspNetCore.Hosting.Diagnostics[2]
      Request finished HTTP/2 GET https://localhost:44364/ - 302 - - 52.7165ms
info: Microsoft.AspNetCore.Hosting.Diagnostics[1]
      Request starting HTTP/2 GET https://localhost:44364/Account/Login - - -
info: Microsoft.AspNetCore.Routing.EndpointMiddleware[0]
      Executing endpoint 'PhoneBook.Controllers.AccountController.Login (PhoneBook)'
info: Microsoft.AspNetCore.Mvc.Infrastructure.ControllerActionInvoker[102]
      Route matched with {action = "Login", controller = "Account"}. Executing controller action with signature Microsoft.AspNetCore.Mvc.IActionResult Login(System.String) on controller PhoneBook.Controllers.AccountController (PhoneBook).
info: Microsoft.AspNetCore.Mvc.RedirectToActionResult[1]
      Executing RedirectResult, redirecting to /.
info: Microsoft.AspNetCore.Mvc.Infrastructure.ControllerActionInvoker[105]
      Executed action PhoneBook.Controllers.AccountController.Login (PhoneBook) in 1.944ms
info: Microsoft.AspNetCore.Routing.EndpointMiddleware[1]
      Executed endpoint 'PhoneBook.Controllers.AccountController.Login (PhoneBook)'
info: Microsoft.AspNetCore.Hosting.Diagnostics[2]
      Request finished HTTP/2 GET https://localhost:44364/Account/Login - 302 - - 13.6494ms
info: Microsoft.AspNetCore.Hosting.Diagnostics[1]
      Request starting HTTP/2 GET https://localhost:44364/ - - -
info: Microsoft.AspNetCore.Routing.EndpointMiddleware[0]
      Executing endpoint 'PhoneBook.Controllers.HomeController.Index (PhoneBook)'
info: Microsoft.AspNetCore.Mvc.Infrastructure.ControllerActionInvoker[102]
      Route matched with {action = "Index", controller = "Home"}. Executing controller action with signature System.Threading.Tasks.Task`1[Microsoft.AspNetCore.Mvc.IActionResult] Index() on controller PhoneBook.Controllers.HomeController (PhoneBook).
info: System.Net.Http.HttpClient.IApiService.LogicalHandler[100]
      Start processing HTTP request GET http://10.10.3.159:8683/api/Departments
info: System.Net.Http.HttpClient.IApiService.ClientHandler[100]
      Sending HTTP request GET http://10.10.3.159:8683/api/Departments
info: System.Net.Http.HttpClient.IApiService.ClientHandler[101]
      Received HTTP response headers after 1.229ms - 401
info: System.Net.Http.HttpClient.IApiService.LogicalHandler[101]
      End processing HTTP request after 6.475ms - 401
info: Microsoft.AspNetCore.Hosting.Diagnostics[1]
      Request starting HTTP/2 GET https://localhost:44364/Account/Login - - -
info: Microsoft.AspNetCore.Mvc.RedirectToActionResult[1]
      Executing RedirectResult, redirecting to /Account/Login.
info: Microsoft.AspNetCore.Mvc.Infrastructure.ControllerActionInvoker[105]
      Executed action PhoneBook.Controllers.HomeController.Index (PhoneBook) in 41.9514ms
info: Microsoft.AspNetCore.Routing.EndpointMiddleware[1]
      Executed endpoint 'PhoneBook.Controllers.HomeController.Index (PhoneBook)'
info: Microsoft.AspNetCore.Hosting.Diagnostics[2]
      Request finished HTTP/2 GET https://localhost:44364/ - 499 - - 53.0998ms
info: Microsoft.AspNetCore.Routing.EndpointMiddleware[0]
      Executing endpoint 'PhoneBook.Controllers.AccountController.Login (PhoneBook)'
info: Microsoft.AspNetCore.Mvc.Infrastructure.ControllerActionInvoker[102]
      Route matched with {action = "Login", controller = "Account"}. Executing controller action with signature Microsoft.AspNetCore.Mvc.IActionResult Login(System.String) on controller PhoneBook.Controllers.AccountController (PhoneBook).
info: Microsoft.AspNetCore.Mvc.RedirectToActionResult[1]
      Executing RedirectResult, redirecting to /.
info: Microsoft.AspNetCore.Mvc.Infrastructure.ControllerActionInvoker[105]
      Executed action PhoneBook.Controllers.AccountController.Login (PhoneBook) in 1.7949ms
info: Microsoft.AspNetCore.Routing.EndpointMiddleware[1]
      Executed endpoint 'PhoneBook.Controllers.AccountController.Login (PhoneBook)'
info: Microsoft.AspNetCore.Hosting.Diagnostics[2]
      Request finished HTTP/2 GET https://localhost:44364/Account/Login - 302 - - 18.8517ms
info: Microsoft.AspNetCore.Hosting.Diagnostics[1]
      Request starting HTTP/2 GET https://localhost:44364/ - - -
info: Microsoft.AspNetCore.Routing.EndpointMiddleware[0]
      Executing endpoint 'PhoneBook.Controllers.HomeController.Index (PhoneBook)'
info: Microsoft.AspNetCore.Mvc.Infrastructure.ControllerActionInvoker[102]
      Route matched with {action = "Index", controller = "Home"}. Executing controller action with signature System.Threading.Tasks.Task`1[Microsoft.AspNetCore.Mvc.IActionResult] Index() on controller PhoneBook.Controllers.HomeController (PhoneBook).
info: System.Net.Http.HttpClient.IApiService.LogicalHandler[100]
      Start processing HTTP request GET http://10.10.3.159:8683/api/Departments
info: System.Net.Http.HttpClient.IApiService.ClientHandler[100]
      Sending HTTP request GET http://10.10.3.159:8683/api/Departments
info: System.Net.Http.HttpClient.IApiService.ClientHandler[101]
      Received HTTP response headers after 0.9183ms - 401
info: System.Net.Http.HttpClient.IApiService.LogicalHandler[101]
      End processing HTTP request after 5.8369ms - 401
info: Microsoft.AspNetCore.Mvc.RedirectToActionResult[1]
      Executing RedirectResult, redirecting to /Account/Login.
info: Microsoft.AspNetCore.Mvc.Infrastructure.ControllerActionInvoker[105]
      Executed action PhoneBook.Controllers.HomeController.Index (PhoneBook) in 39.8493ms
info: Microsoft.AspNetCore.Routing.EndpointMiddleware[1]
      Executed endpoint 'PhoneBook.Controllers.HomeController.Index (PhoneBook)'
info: Microsoft.AspNetCore.Hosting.Diagnostics[2]
      Request finished HTTP/2 GET https://localhost:44364/ - 302 - - 51.7716ms
info: Microsoft.AspNetCore.Hosting.Diagnostics[1]
      Request starting HTTP/2 GET https://localhost:44364/Account/Login - - -
info: Microsoft.AspNetCore.Routing.EndpointMiddleware[0]
      Executing endpoint 'PhoneBook.Controllers.AccountController.Login (PhoneBook)'
info: Microsoft.AspNetCore.Mvc.Infrastructure.ControllerActionInvoker[102]
      Route matched with {action = "Login", controller = "Account"}. Executing controller action with signature Microsoft.AspNetCore.Mvc.IActionResult Login(System.String) on controller PhoneBook.Controllers.AccountController (PhoneBook).
info: Microsoft.AspNetCore.Mvc.RedirectToActionResult[1]
      Executing RedirectResult, redirecting to /.
info: Microsoft.AspNetCore.Mvc.Infrastructure.ControllerActionInvoker[105]
      Executed action PhoneBook.Controllers.AccountController.Login (PhoneBook) in 2.059ms
info: Microsoft.AspNetCore.Routing.EndpointMiddleware[1]
      Executed endpoint 'PhoneBook.Controllers.AccountController.Login (PhoneBook)'
info: Microsoft.AspNetCore.Hosting.Diagnostics[2]
      Request finished HTTP/2 GET https://localhost:44364/Account/Login - 302 - - 14.7683ms
info: Microsoft.AspNetCore.Hosting.Diagnostics[1]
      Request starting HTTP/2 GET https://localhost:44364/ - - -
info: Microsoft.AspNetCore.Routing.EndpointMiddleware[0]
      Executing endpoint 'PhoneBook.Controllers.HomeController.Index (PhoneBook)'
info: Microsoft.AspNetCore.Mvc.Infrastructure.ControllerActionInvoker[102]
      Route matched with {action = "Index", controller = "Home"}. Executing controller action with signature System.Threading.Tasks.Task`1[Microsoft.AspNetCore.Mvc.IActionResult] Index() on controller PhoneBook.Controllers.HomeController (PhoneBook).
info: System.Net.Http.HttpClient.IApiService.LogicalHandler[100]
      Start processing HTTP request GET http://10.10.3.159:8683/api/Departments
info: System.Net.Http.HttpClient.IApiService.ClientHandler[100]
      Sending HTTP request GET http://10.10.3.159:8683/api/Departments
info: System.Net.Http.HttpClient.IApiService.ClientHandler[101]
      Received HTTP response headers after 0.9802ms - 401
info: System.Net.Http.HttpClient.IApiService.LogicalHandler[101]
      End processing HTTP request after 7.3291ms - 401
info: Microsoft.AspNetCore.Mvc.RedirectToActionResult[1]
      Executing RedirectResult, redirecting to /Account/Login.
info: Microsoft.AspNetCore.Mvc.Infrastructure.ControllerActionInvoker[105]
      Executed action PhoneBook.Controllers.HomeController.Index (PhoneBook) in 31.6484ms
info: Microsoft.AspNetCore.Routing.EndpointMiddleware[1]
      Executed endpoint 'PhoneBook.Controllers.HomeController.Index (PhoneBook)'
info: Microsoft.AspNetCore.Hosting.Diagnostics[2]
      Request finished HTTP/2 GET https://localhost:44364/ - 302 - - 43.7792ms
info: Microsoft.AspNetCore.Hosting.Diagnostics[1]
      Request starting HTTP/2 GET https://localhost:44364/Account/Login - - -
info: Microsoft.AspNetCore.Routing.EndpointMiddleware[0]
      Executing endpoint 'PhoneBook.Controllers.AccountController.Login (PhoneBook)'
info: Microsoft.AspNetCore.Mvc.Infrastructure.ControllerActionInvoker[102]
      Route matched with {action = "Login", controller = "Account"}. Executing controller action with signature Microsoft.AspNetCore.Mvc.IActionResult Login(System.String) on controller PhoneBook.Controllers.AccountController (PhoneBook).
info: Microsoft.AspNetCore.Mvc.RedirectToActionResult[1]
      Executing RedirectResult, redirecting to /.
info: Microsoft.AspNetCore.Mvc.Infrastructure.ControllerActionInvoker[105]
      Executed action PhoneBook.Controllers.AccountController.Login (PhoneBook) in 1.9284ms
info: Microsoft.AspNetCore.Routing.EndpointMiddleware[1]
      Executed endpoint 'PhoneBook.Controllers.AccountController.Login (PhoneBook)'
info: Microsoft.AspNetCore.Hosting.Diagnostics[2]
      Request finished HTTP/2 GET https://localhost:44364/Account/Login - 302 - - 15.6512ms
info: Microsoft.AspNetCore.Hosting.Diagnostics[1]
      Request starting HTTP/2 GET https://localhost:44364/ - - -
info: Microsoft.AspNetCore.Routing.EndpointMiddleware[0]
      Executing endpoint 'PhoneBook.Controllers.HomeController.Index (PhoneBook)'
info: Microsoft.AspNetCore.Mvc.Infrastructure.ControllerActionInvoker[102]
      Route matched with {action = "Index", controller = "Home"}. Executing controller action with signature System.Threading.Tasks.Task`1[Microsoft.AspNetCore.Mvc.IActionResult] Index() on controller PhoneBook.Controllers.HomeController (PhoneBook).
info: System.Net.Http.HttpClient.IApiService.LogicalHandler[100]
      Start processing HTTP request GET http://10.10.3.159:8683/api/Departments
info: System.Net.Http.HttpClient.IApiService.ClientHandler[100]
      Sending HTTP request GET http://10.10.3.159:8683/api/Departments
info: System.Net.Http.HttpClient.IApiService.ClientHandler[101]
      Received HTTP response headers after 1.1407ms - 401
info: System.Net.Http.HttpClient.IApiService.LogicalHandler[101]
      End processing HTTP request after 6.1137ms - 401
info: Microsoft.AspNetCore.Mvc.RedirectToActionResult[1]
      Executing RedirectResult, redirecting to /Account/Login.
info: Microsoft.AspNetCore.Mvc.Infrastructure.ControllerActionInvoker[105]
      Executed action PhoneBook.Controllers.HomeController.Index (PhoneBook) in 36.0401ms
info: Microsoft.AspNetCore.Routing.EndpointMiddleware[1]
      Executed endpoint 'PhoneBook.Controllers.HomeController.Index (PhoneBook)'
info: Microsoft.AspNetCore.Hosting.Diagnostics[2]
      Request finished HTTP/2 GET https://localhost:44364/ - 302 - - 49.2817ms
info: Microsoft.AspNetCore.Hosting.Diagnostics[1]
      Request starting HTTP/2 GET https://localhost:44364/Account/Login - - -
info: Microsoft.AspNetCore.Routing.EndpointMiddleware[0]
      Executing endpoint 'PhoneBook.Controllers.AccountController.Login (PhoneBook)'
info: Microsoft.AspNetCore.Mvc.Infrastructure.ControllerActionInvoker[102]
      Route matched with {action = "Login", controller = "Account"}. Executing controller action with signature Microsoft.AspNetCore.Mvc.IActionResult Login(System.String) on controller PhoneBook.Controllers.AccountController (PhoneBook).
info: Microsoft.AspNetCore.Mvc.RedirectToActionResult[1]
      Executing RedirectResult, redirecting to /.
info: Microsoft.AspNetCore.Mvc.Infrastructure.ControllerActionInvoker[105]
      Executed action PhoneBook.Controllers.AccountController.Login (PhoneBook) in 1.8943ms
info: Microsoft.AspNetCore.Routing.EndpointMiddleware[1]
      Executed endpoint 'PhoneBook.Controllers.AccountController.Login (PhoneBook)'
info: Microsoft.AspNetCore.Hosting.Diagnostics[2]
      Request finished HTTP/2 GET https://localhost:44364/Account/Login - 302 - - 14.1590ms
info: Microsoft.AspNetCore.Hosting.Diagnostics[1]
      Request starting HTTP/2 GET https://localhost:44364/ - - -
info: Microsoft.AspNetCore.Routing.EndpointMiddleware[0]
      Executing endpoint 'PhoneBook.Controllers.HomeController.Index (PhoneBook)'
info: Microsoft.AspNetCore.Mvc.Infrastructure.ControllerActionInvoker[102]
      Route matched with {action = "Index", controller = "Home"}. Executing controller action with signature System.Threading.Tasks.Task`1[Microsoft.AspNetCore.Mvc.IActionResult] Index() on controller PhoneBook.Controllers.HomeController (PhoneBook).
info: System.Net.Http.HttpClient.IApiService.LogicalHandler[100]
      Start processing HTTP request GET http://10.10.3.159:8683/api/Departments
info: System.Net.Http.HttpClient.IApiService.ClientHandler[100]
      Sending HTTP request GET http://10.10.3.159:8683/api/Departments
info: System.Net.Http.HttpClient.IApiService.ClientHandler[101]
      Received HTTP response headers after 1.0529ms - 401
info: System.Net.Http.HttpClient.IApiService.LogicalHandler[101]
      End processing HTTP request after 6.2099ms - 401
info: Microsoft.AspNetCore.Mvc.RedirectToActionResult[1]
      Executing RedirectResult, redirecting to /Account/Login.
info: Microsoft.AspNetCore.Mvc.Infrastructure.ControllerActionInvoker[105]
      Executed action PhoneBook.Controllers.HomeController.Index (PhoneBook) in 33.2157ms
info: Microsoft.AspNetCore.Routing.EndpointMiddleware[1]
      Executed endpoint 'PhoneBook.Controllers.HomeController.Index (PhoneBook)'
info: Microsoft.AspNetCore.Hosting.Diagnostics[2]
      Request finished HTTP/2 GET https://localhost:44364/ - 302 - - 45.5566ms
info: Microsoft.AspNetCore.Hosting.Diagnostics[1]
      Request starting HTTP/2 GET https://localhost:44364/Account/Login - - -
info: Microsoft.AspNetCore.Routing.EndpointMiddleware[0]
      Executing endpoint 'PhoneBook.Controllers.AccountController.Login (PhoneBook)'
info: Microsoft.AspNetCore.Mvc.Infrastructure.ControllerActionInvoker[102]
      Route matched with {action = "Login", controller = "Account"}. Executing controller action with signature Microsoft.AspNetCore.Mvc.IActionResult Login(System.String) on controller PhoneBook.Controllers.AccountController (PhoneBook).
info: Microsoft.AspNetCore.Mvc.RedirectToActionResult[1]
      Executing RedirectResult, redirecting to /.
info: Microsoft.AspNetCore.Mvc.Infrastructure.ControllerActionInvoker[105]
      Executed action PhoneBook.Controllers.AccountController.Login (PhoneBook) in 2.0031ms
info: Microsoft.AspNetCore.Routing.EndpointMiddleware[1]
      Executed endpoint 'PhoneBook.Controllers.AccountController.Login (PhoneBook)'
info: Microsoft.AspNetCore.Hosting.Diagnostics[2]
      Request finished HTTP/2 GET https://localhost:44364/Account/Login - 302 - - 17.3683ms
info: Microsoft.AspNetCore.Hosting.Diagnostics[1]
      Request starting HTTP/2 GET https://localhost:44364/ - - -
info: Microsoft.AspNetCore.Routing.EndpointMiddleware[0]
      Executing endpoint 'PhoneBook.Controllers.HomeController.Index (PhoneBook)'
info: Microsoft.AspNetCore.Mvc.Infrastructure.ControllerActionInvoker[102]
      Route matched with {action = "Index", controller = "Home"}. Executing controller action with signature System.Threading.Tasks.Task`1[Microsoft.AspNetCore.Mvc.IActionResult] Index() on controller PhoneBook.Controllers.HomeController (PhoneBook).
info: System.Net.Http.HttpClient.IApiService.LogicalHandler[100]
      Start processing HTTP request GET http://10.10.3.159:8683/api/Departments
info: System.Net.Http.HttpClient.IApiService.ClientHandler[100]
      Sending HTTP request GET http://10.10.3.159:8683/api/Departments
info: System.Net.Http.HttpClient.IApiService.ClientHandler[101]
      Received HTTP response headers after 1.0198ms - 401
info: System.Net.Http.HttpClient.IApiService.LogicalHandler[101]
      End processing HTTP request after 6.3739ms - 401
info: Microsoft.AspNetCore.Mvc.RedirectToActionResult[1]
      Executing RedirectResult, redirecting to /Account/Login.
info: Microsoft.AspNetCore.Mvc.Infrastructure.ControllerActionInvoker[105]
      Executed action PhoneBook.Controllers.HomeController.Index (PhoneBook) in 38.658ms
info: Microsoft.AspNetCore.Routing.EndpointMiddleware[1]
      Executed endpoint 'PhoneBook.Controllers.HomeController.Index (PhoneBook)'
info: Microsoft.AspNetCore.Hosting.Diagnostics[2]
      Request finished HTTP/2 GET https://localhost:44364/ - 302 - - 52.8414ms
info: Microsoft.AspNetCore.Hosting.Diagnostics[1]
      Request starting HTTP/2 GET https://localhost:44364/Account/Login - - -
info: Microsoft.AspNetCore.Routing.EndpointMiddleware[0]
      Executing endpoint 'PhoneBook.Controllers.AccountController.Login (PhoneBook)'
info: Microsoft.AspNetCore.Mvc.Infrastructure.ControllerActionInvoker[102]
      Route matched with {action = "Login", controller = "Account"}. Executing controller action with signature Microsoft.AspNetCore.Mvc.IActionResult Login(System.String) on controller PhoneBook.Controllers.AccountController (PhoneBook).
info: Microsoft.AspNetCore.Mvc.RedirectToActionResult[1]
      Executing RedirectResult, redirecting to /.
info: Microsoft.AspNetCore.Mvc.Infrastructure.ControllerActionInvoker[105]
      Executed action PhoneBook.Controllers.AccountController.Login (PhoneBook) in 1.9955ms
info: Microsoft.AspNetCore.Routing.EndpointMiddleware[1]
      Executed endpoint 'PhoneBook.Controllers.AccountController.Login (PhoneBook)'
info: Microsoft.AspNetCore.Hosting.Diagnostics[2]
      Request finished HTTP/2 GET https://localhost:44364/Account/Login - 302 - - 14.5291ms
info: Microsoft.AspNetCore.Hosting.Diagnostics[1]
      Request starting HTTP/2 GET https://localhost:44364/ - - -
info: Microsoft.AspNetCore.Routing.EndpointMiddleware[0]
      Executing endpoint 'PhoneBook.Controllers.HomeController.Index (PhoneBook)'
info: Microsoft.AspNetCore.Mvc.Infrastructure.ControllerActionInvoker[102]
      Route matched with {action = "Index", controller = "Home"}. Executing controller action with signature System.Threading.Tasks.Task`1[Microsoft.AspNetCore.Mvc.IActionResult] Index() on controller PhoneBook.Controllers.HomeController (PhoneBook).
info: System.Net.Http.HttpClient.IApiService.LogicalHandler[100]
      Start processing HTTP request GET http://10.10.3.159:8683/api/Departments
info: System.Net.Http.HttpClient.IApiService.ClientHandler[100]
      Sending HTTP request GET http://10.10.3.159:8683/api/Departments
info: System.Net.Http.HttpClient.IApiService.ClientHandler[101]
      Received HTTP response headers after 1.0442ms - 401
info: System.Net.Http.HttpClient.IApiService.LogicalHandler[101]
      End processing HTTP request after 6.4772ms - 401
info: Microsoft.AspNetCore.Mvc.RedirectToActionResult[1]
      Executing RedirectResult, redirecting to /Account/Login.
info: Microsoft.AspNetCore.Mvc.Infrastructure.ControllerActionInvoker[105]
      Executed action PhoneBook.Controllers.HomeController.Index (PhoneBook) in 42.0872ms
info: Microsoft.AspNetCore.Routing.EndpointMiddleware[1]
      Executed endpoint 'PhoneBook.Controllers.HomeController.Index (PhoneBook)'
info: Microsoft.AspNetCore.Hosting.Diagnostics[2]
      Request finished HTTP/2 GET https://localhost:44364/ - 302 - - 54.5359ms
info: Microsoft.AspNetCore.Hosting.Diagnostics[1]
      Request starting HTTP/2 GET https://localhost:44364/Account/Login - - -
info: Microsoft.AspNetCore.Routing.EndpointMiddleware[0]
      Executing endpoint 'PhoneBook.Controllers.AccountController.Login (PhoneBook)'
info: Microsoft.AspNetCore.Mvc.Infrastructure.ControllerActionInvoker[102]
      Route matched with {action = "Login", controller = "Account"}. Executing controller action with signature Microsoft.AspNetCore.Mvc.IActionResult Login(System.String) on controller PhoneBook.Controllers.AccountController (PhoneBook).
info: Microsoft.AspNetCore.Mvc.RedirectToActionResult[1]
      Executing RedirectResult, redirecting to /.
info: Microsoft.AspNetCore.Mvc.Infrastructure.ControllerActionInvoker[105]
      Executed action PhoneBook.Controllers.AccountController.Login (PhoneBook) in 1.8654ms
info: Microsoft.AspNetCore.Routing.EndpointMiddleware[1]
      Executed endpoint 'PhoneBook.Controllers.AccountController.Login (PhoneBook)'
info: Microsoft.AspNetCore.Hosting.Diagnostics[2]
      Request finished HTTP/2 GET https://localhost:44364/Account/Login - 302 - - 13.1409ms
info: Microsoft.AspNetCore.Hosting.Diagnostics[1]
      Request starting HTTP/2 GET https://localhost:44364/ - - -
info: Microsoft.AspNetCore.Routing.EndpointMiddleware[0]
      Executing endpoint 'PhoneBook.Controllers.HomeController.Index (PhoneBook)'
info: Microsoft.AspNetCore.Mvc.Infrastructure.ControllerActionInvoker[102]
      Route matched with {action = "Index", controller = "Home"}. Executing controller action with signature System.Threading.Tasks.Task`1[Microsoft.AspNetCore.Mvc.IActionResult] Index() on controller PhoneBook.Controllers.HomeController (PhoneBook).
info: System.Net.Http.HttpClient.IApiService.LogicalHandler[100]
      Start processing HTTP request GET http://10.10.3.159:8683/api/Departments
info: System.Net.Http.HttpClient.IApiService.ClientHandler[100]
      Sending HTTP request GET http://10.10.3.159:8683/api/Departments
info: System.Net.Http.HttpClient.IApiService.ClientHandler[101]
      Received HTTP response headers after 0.9963ms - 401
info: System.Net.Http.HttpClient.IApiService.LogicalHandler[101]
      End processing HTTP request after 5.8073ms - 401
info: Microsoft.AspNetCore.Mvc.RedirectToActionResult[1]
      Executing RedirectResult, redirecting to /Account/Login.
info: Microsoft.AspNetCore.Mvc.Infrastructure.ControllerActionInvoker[105]
      Executed action PhoneBook.Controllers.HomeController.Index (PhoneBook) in 34.2704ms
info: Microsoft.AspNetCore.Routing.EndpointMiddleware[1]
      Executed endpoint 'PhoneBook.Controllers.HomeController.Index (PhoneBook)'
info: Microsoft.AspNetCore.Hosting.Diagnostics[2]
      Request finished HTTP/2 GET https://localhost:44364/ - 302 - - 44.7715ms
info: Microsoft.AspNetCore.Hosting.Diagnostics[1]
      Request starting HTTP/2 GET https://localhost:44364/Account/Login - - -
info: Microsoft.AspNetCore.Routing.EndpointMiddleware[0]
      Executing endpoint 'PhoneBook.Controllers.AccountController.Login (PhoneBook)'
info: Microsoft.AspNetCore.Mvc.Infrastructure.ControllerActionInvoker[102]
      Route matched with {action = "Login", controller = "Account"}. Executing controller action with signature Microsoft.AspNetCore.Mvc.IActionResult Login(System.String) on controller PhoneBook.Controllers.AccountController (PhoneBook).
info: Microsoft.AspNetCore.Mvc.RedirectToActionResult[1]
      Executing RedirectResult, redirecting to /.
info: Microsoft.AspNetCore.Mvc.Infrastructure.ControllerActionInvoker[105]
      Executed action PhoneBook.Controllers.AccountController.Login (PhoneBook) in 1.6995ms
info: Microsoft.AspNetCore.Routing.EndpointMiddleware[1]
      Executed endpoint 'PhoneBook.Controllers.AccountController.Login (PhoneBook)'
info: Microsoft.AspNetCore.Hosting.Diagnostics[2]
      Request finished HTTP/2 GET https://localhost:44364/Account/Login - 302 - - 13.0876ms
info: Microsoft.AspNetCore.Hosting.Diagnostics[1]
      Request starting HTTP/2 GET https://localhost:44364/ - - -
info: Microsoft.AspNetCore.Routing.EndpointMiddleware[0]
      Executing endpoint 'PhoneBook.Controllers.HomeController.Index (PhoneBook)'
info: Microsoft.AspNetCore.Mvc.Infrastructure.ControllerActionInvoker[102]
      Route matched with {action = "Index", controller = "Home"}. Executing controller action with signature System.Threading.Tasks.Task`1[Microsoft.AspNetCore.Mvc.IActionResult] Index() on controller PhoneBook.Controllers.HomeController (PhoneBook).
info: System.Net.Http.HttpClient.IApiService.LogicalHandler[100]
      Start processing HTTP request GET http://10.10.3.159:8683/api/Departments
info: System.Net.Http.HttpClient.IApiService.ClientHandler[100]
      Sending HTTP request GET http://10.10.3.159:8683/api/Departments
info: System.Net.Http.HttpClient.IApiService.ClientHandler[101]
      Received HTTP response headers after 0.757ms - 401
info: System.Net.Http.HttpClient.IApiService.LogicalHandler[101]
      End processing HTTP request after 6.3538ms - 401
info: Microsoft.AspNetCore.Mvc.RedirectToActionResult[1]
      Executing RedirectResult, redirecting to /Account/Login.
info: Microsoft.AspNetCore.Mvc.Infrastructure.ControllerActionInvoker[105]
      Executed action PhoneBook.Controllers.HomeController.Index (PhoneBook) in 38.0847ms
info: Microsoft.AspNetCore.Routing.EndpointMiddleware[1]
      Executed endpoint 'PhoneBook.Controllers.HomeController.Index (PhoneBook)'
info: Microsoft.AspNetCore.Hosting.Diagnostics[2]
      Request finished HTTP/2 GET https://localhost:44364/ - 302 - - 49.5740ms
info: Microsoft.AspNetCore.Hosting.Diagnostics[1]
      Request starting HTTP/2 GET https://localhost:44364/Account/Login - - -
info: Microsoft.AspNetCore.Routing.EndpointMiddleware[0]
      Executing endpoint 'PhoneBook.Controllers.AccountController.Login (PhoneBook)'
info: Microsoft.AspNetCore.Mvc.Infrastructure.ControllerActionInvoker[102]
      Route matched with {action = "Login", controller = "Account"}. Executing controller action with signature Microsoft.AspNetCore.Mvc.IActionResult Login(System.String) on controller PhoneBook.Controllers.AccountController (PhoneBook).
info: Microsoft.AspNetCore.Mvc.RedirectToActionResult[1]
      Executing RedirectResult, redirecting to /.
info: Microsoft.AspNetCore.Mvc.Infrastructure.ControllerActionInvoker[105]
      Executed action PhoneBook.Controllers.AccountController.Login (PhoneBook) in 1.9234ms
info: Microsoft.AspNetCore.Routing.EndpointMiddleware[1]
      Executed endpoint 'PhoneBook.Controllers.AccountController.Login (PhoneBook)'
info: Microsoft.AspNetCore.Hosting.Diagnostics[2]
      Request finished HTTP/2 GET https://localhost:44364/Account/Login - 302 - - 14.2012ms
info: Microsoft.AspNetCore.Hosting.Diagnostics[1]
      Request starting HTTP/2 GET https://localhost:44364/ - - -
info: Microsoft.AspNetCore.Routing.EndpointMiddleware[0]
      Executing endpoint 'PhoneBook.Controllers.HomeController.Index (PhoneBook)'
info: Microsoft.AspNetCore.Mvc.Infrastructure.ControllerActionInvoker[102]
      Route matched with {action = "Index", controller = "Home"}. Executing controller action with signature System.Threading.Tasks.Task`1[Microsoft.AspNetCore.Mvc.IActionResult] Index() on controller PhoneBook.Controllers.HomeController (PhoneBook).
info: System.Net.Http.HttpClient.IApiService.LogicalHandler[100]
      Start processing HTTP request GET http://10.10.3.159:8683/api/Departments
info: System.Net.Http.HttpClient.IApiService.ClientHandler[100]
      Sending HTTP request GET http://10.10.3.159:8683/api/Departments
info: System.Net.Http.HttpClient.IApiService.ClientHandler[101]
      Received HTTP response headers after 1.077ms - 401
info: System.Net.Http.HttpClient.IApiService.LogicalHandler[101]
      End processing HTTP request after 6.4893ms - 401
info: Microsoft.AspNetCore.Mvc.RedirectToActionResult[1]
      Executing RedirectResult, redirecting to /Account/Login.
info: Microsoft.AspNetCore.Mvc.Infrastructure.ControllerActionInvoker[105]
      Executed action PhoneBook.Controllers.HomeController.Index (PhoneBook) in 38.2335ms
info: Microsoft.AspNetCore.Routing.EndpointMiddleware[1]
      Executed endpoint 'PhoneBook.Controllers.HomeController.Index (PhoneBook)'
info: Microsoft.AspNetCore.Hosting.Diagnostics[2]
      Request finished HTTP/2 GET https://localhost:44364/ - 302 - - 50.4082ms
info: Microsoft.AspNetCore.Hosting.Diagnostics[1]
      Request starting HTTP/2 GET https://localhost:44364/Account/Login - - -
info: Microsoft.AspNetCore.Routing.EndpointMiddleware[0]
      Executing endpoint 'PhoneBook.Controllers.AccountController.Login (PhoneBook)'
info: Microsoft.AspNetCore.Mvc.Infrastructure.ControllerActionInvoker[102]
      Route matched with {action = "Login", controller = "Account"}. Executing controller action with signature Microsoft.AspNetCore.Mvc.IActionResult Login(System.String) on controller PhoneBook.Controllers.AccountController (PhoneBook).
info: Microsoft.AspNetCore.Mvc.RedirectToActionResult[1]
      Executing RedirectResult, redirecting to /.
info: Microsoft.AspNetCore.Mvc.Infrastructure.ControllerActionInvoker[105]
      Executed action PhoneBook.Controllers.AccountController.Login (PhoneBook) in 2.1327ms
info: Microsoft.AspNetCore.Routing.EndpointMiddleware[1]
      Executed endpoint 'PhoneBook.Controllers.AccountController.Login (PhoneBook)'
info: Microsoft.AspNetCore.Hosting.Diagnostics[2]
      Request finished HTTP/2 GET https://localhost:44364/Account/Login - 302 - - 14.9691ms
info: Microsoft.AspNetCore.Hosting.Diagnostics[1]
      Request starting HTTP/2 GET https://localhost:44364/ - - -
info: Microsoft.AspNetCore.Routing.EndpointMiddleware[0]
      Executing endpoint 'PhoneBook.Controllers.HomeController.Index (PhoneBook)'
info: Microsoft.AspNetCore.Mvc.Infrastructure.ControllerActionInvoker[102]
      Route matched with {action = "Index", controller = "Home"}. Executing controller action with signature System.Threading.Tasks.Task`1[Microsoft.AspNetCore.Mvc.IActionResult] Index() on controller PhoneBook.Controllers.HomeController (PhoneBook).
info: System.Net.Http.HttpClient.IApiService.LogicalHandler[100]
      Start processing HTTP request GET http://10.10.3.159:8683/api/Departments
info: System.Net.Http.HttpClient.IApiService.ClientHandler[100]
      Sending HTTP request GET http://10.10.3.159:8683/api/Departments
info: System.Net.Http.HttpClient.IApiService.ClientHandler[101]
      Received HTTP response headers after 0.9366ms - 401
info: System.Net.Http.HttpClient.IApiService.LogicalHandler[101]
      End processing HTTP request after 6.3602ms - 401
info: Microsoft.AspNetCore.Mvc.RedirectToActionResult[1]
      Executing RedirectResult, redirecting to /Account/Login.
info: Microsoft.AspNetCore.Mvc.Infrastructure.ControllerActionInvoker[105]
      Executed action PhoneBook.Controllers.HomeController.Index (PhoneBook) in 33.5336ms
info: Microsoft.AspNetCore.Routing.EndpointMiddleware[1]
      Executed endpoint 'PhoneBook.Controllers.HomeController.Index (PhoneBook)'
info: Microsoft.AspNetCore.Hosting.Diagnostics[2]
      Request finished HTTP/2 GET https://localhost:44364/ - 302 - - 45.9235ms
info: Microsoft.AspNetCore.Hosting.Diagnostics[1]
      Request starting HTTP/2 GET https://localhost:44364/ - - -
info: Microsoft.AspNetCore.Routing.EndpointMiddleware[0]
      Executing endpoint 'PhoneBook.Controllers.HomeController.Index (PhoneBook)'
info: Microsoft.AspNetCore.Mvc.Infrastructure.ControllerActionInvoker[102]
      Route matched with {action = "Index", controller = "Home"}. Executing controller action with signature System.Threading.Tasks.Task`1[Microsoft.AspNetCore.Mvc.IActionResult] Index() on controller PhoneBook.Controllers.HomeController (PhoneBook).
info: System.Net.Http.HttpClient.IApiService.LogicalHandler[100]
      Start processing HTTP request GET http://10.10.3.159:8683/api/Departments
info: System.Net.Http.HttpClient.IApiService.ClientHandler[100]
      Sending HTTP request GET http://10.10.3.159:8683/api/Departments
info: System.Net.Http.HttpClient.IApiService.ClientHandler[101]
      Received HTTP response headers after 1.2001ms - 401
info: System.Net.Http.HttpClient.IApiService.LogicalHandler[101]
      End processing HTTP request after 6.9075ms - 401
info: Microsoft.AspNetCore.Mvc.RedirectToActionResult[1]
      Executing RedirectResult, redirecting to /Account/Login.
info: Microsoft.AspNetCore.Mvc.Infrastructure.ControllerActionInvoker[105]
      Executed action PhoneBook.Controllers.HomeController.Index (PhoneBook) in 44.1783ms
info: Microsoft.AspNetCore.Routing.EndpointMiddleware[1]
      Executed endpoint 'PhoneBook.Controllers.HomeController.Index (PhoneBook)'
info: Microsoft.AspNetCore.Hosting.Diagnostics[2]
      Request finished HTTP/2 GET https://localhost:44364/ - 302 - - 57.9967ms
info: Microsoft.AspNetCore.Hosting.Diagnostics[1]
      Request starting HTTP/2 GET https://localhost:44364/Account/Login - - -
info: Microsoft.AspNetCore.Routing.EndpointMiddleware[0]
      Executing endpoint 'PhoneBook.Controllers.AccountController.Login (PhoneBook)'
info: Microsoft.AspNetCore.Mvc.Infrastructure.ControllerActionInvoker[102]
      Route matched with {action = "Login", controller = "Account"}. Executing controller action with signature Microsoft.AspNetCore.Mvc.IActionResult Login(System.String) on controller PhoneBook.Controllers.AccountController (PhoneBook).
info: Microsoft.AspNetCore.Mvc.RedirectToActionResult[1]
      Executing RedirectResult, redirecting to /.
info: Microsoft.AspNetCore.Mvc.Infrastructure.ControllerActionInvoker[105]
      Executed action PhoneBook.Controllers.AccountController.Login (PhoneBook) in 1.7701ms
info: Microsoft.AspNetCore.Routing.EndpointMiddleware[1]
      Executed endpoint 'PhoneBook.Controllers.AccountController.Login (PhoneBook)'
info: Microsoft.AspNetCore.Hosting.Diagnostics[2]
      Request finished HTTP/2 GET https://localhost:44364/Account/Login - 302 - - 12.5076ms
info: Microsoft.AspNetCore.Hosting.Diagnostics[1]
      Request starting HTTP/2 GET https://localhost:44364/ - - -
info: Microsoft.AspNetCore.Routing.EndpointMiddleware[0]
      Executing endpoint 'PhoneBook.Controllers.HomeController.Index (PhoneBook)'
info: Microsoft.AspNetCore.Mvc.Infrastructure.ControllerActionInvoker[102]
      Route matched with {action = "Index", controller = "Home"}. Executing controller action with signature System.Threading.Tasks.Task`1[Microsoft.AspNetCore.Mvc.IActionResult] Index() on controller PhoneBook.Controllers.HomeController (PhoneBook).
info: System.Net.Http.HttpClient.IApiService.LogicalHandler[100]
      Start processing HTTP request GET http://10.10.3.159:8683/api/Departments
info: System.Net.Http.HttpClient.IApiService.ClientHandler[100]
      Sending HTTP request GET http://10.10.3.159:8683/api/Departments
info: System.Net.Http.HttpClient.IApiService.ClientHandler[101]
      Received HTTP response headers after 1.0041ms - 401
info: System.Net.Http.HttpClient.IApiService.LogicalHandler[101]
      End processing HTTP request after 6.1533ms - 401
info: Microsoft.AspNetCore.Mvc.RedirectToActionResult[1]
      Executing RedirectResult, redirecting to /Account/Login.
info: Microsoft.AspNetCore.Mvc.Infrastructure.ControllerActionInvoker[105]
      Executed action PhoneBook.Controllers.HomeController.Index (PhoneBook) in 33.7047ms
info: Microsoft.AspNetCore.Routing.EndpointMiddleware[1]
      Executed endpoint 'PhoneBook.Controllers.HomeController.Index (PhoneBook)'
info: Microsoft.AspNetCore.Hosting.Diagnostics[2]
      Request finished HTTP/2 GET https://localhost:44364/ - 302 - - 44.0033ms
info: Microsoft.AspNetCore.Hosting.Diagnostics[1]
      Request starting HTTP/2 GET https://localhost:44364/Account/Login - - -
info: Microsoft.AspNetCore.Routing.EndpointMiddleware[0]
      Executing endpoint 'PhoneBook.Controllers.AccountController.Login (PhoneBook)'
info: Microsoft.AspNetCore.Mvc.Infrastructure.ControllerActionInvoker[102]
      Route matched with {action = "Login", controller = "Account"}. Executing controller action with signature Microsoft.AspNetCore.Mvc.IActionResult Login(System.String) on controller PhoneBook.Controllers.AccountController (PhoneBook).
info: Microsoft.AspNetCore.Mvc.RedirectToActionResult[1]
      Executing RedirectResult, redirecting to /.
info: Microsoft.AspNetCore.Mvc.Infrastructure.ControllerActionInvoker[105]
      Executed action PhoneBook.Controllers.AccountController.Login (PhoneBook) in 1.706ms
info: Microsoft.AspNetCore.Routing.EndpointMiddleware[1]
      Executed endpoint 'PhoneBook.Controllers.AccountController.Login (PhoneBook)'
info: Microsoft.AspNetCore.Hosting.Diagnostics[2]
      Request finished HTTP/2 GET https://localhost:44364/Account/Login - 302 - - 11.7778ms
info: Microsoft.AspNetCore.Hosting.Diagnostics[1]
      Request starting HTTP/2 GET https://localhost:44364/ - - -
info: Microsoft.AspNetCore.Routing.EndpointMiddleware[0]
      Executing endpoint 'PhoneBook.Controllers.HomeController.Index (PhoneBook)'
info: Microsoft.AspNetCore.Mvc.Infrastructure.ControllerActionInvoker[102]
      Route matched with {action = "Index", controller = "Home"}. Executing controller action with signature System.Threading.Tasks.Task`1[Microsoft.AspNetCore.Mvc.IActionResult] Index() on controller PhoneBook.Controllers.HomeController (PhoneBook).
info: System.Net.Http.HttpClient.IApiService.LogicalHandler[100]
      Start processing HTTP request GET http://10.10.3.159:8683/api/Departments
info: System.Net.Http.HttpClient.IApiService.ClientHandler[100]
      Sending HTTP request GET http://10.10.3.159:8683/api/Departments
info: System.Net.Http.HttpClient.IApiService.ClientHandler[101]
      Received HTTP response headers after 0.833ms - 401
info: System.Net.Http.HttpClient.IApiService.LogicalHandler[101]
      End processing HTTP request after 5.706ms - 401
info: Microsoft.AspNetCore.Mvc.RedirectToActionResult[1]
      Executing RedirectResult, redirecting to /Account/Login.
info: Microsoft.AspNetCore.Mvc.Infrastructure.ControllerActionInvoker[105]
      Executed action PhoneBook.Controllers.HomeController.Index (PhoneBook) in 32.4643ms
info: Microsoft.AspNetCore.Routing.EndpointMiddleware[1]
      Executed endpoint 'PhoneBook.Controllers.HomeController.Index (PhoneBook)'
info: Microsoft.AspNetCore.Hosting.Diagnostics[2]
      Request finished HTTP/2 GET https://localhost:44364/ - 302 - - 43.2387ms
info: Microsoft.AspNetCore.Hosting.Diagnostics[1]
      Request starting HTTP/2 GET https://localhost:44364/Account/Login - - -
info: Microsoft.AspNetCore.Routing.EndpointMiddleware[0]
      Executing endpoint 'PhoneBook.Controllers.AccountController.Login (PhoneBook)'
info: Microsoft.AspNetCore.Mvc.Infrastructure.ControllerActionInvoker[102]
      Route matched with {action = "Login", controller = "Account"}. Executing controller action with signature Microsoft.AspNetCore.Mvc.IActionResult Login(System.String) on controller PhoneBook.Controllers.AccountController (PhoneBook).
info: Microsoft.AspNetCore.Mvc.RedirectToActionResult[1]
      Executing RedirectResult, redirecting to /.
info: Microsoft.AspNetCore.Mvc.Infrastructure.ControllerActionInvoker[105]
      Executed action PhoneBook.Controllers.AccountController.Login (PhoneBook) in 1.6457ms
info: Microsoft.AspNetCore.Routing.EndpointMiddleware[1]
      Executed endpoint 'PhoneBook.Controllers.AccountController.Login (PhoneBook)'
info: Microsoft.AspNetCore.Hosting.Diagnostics[2]
      Request finished HTTP/2 GET https://localhost:44364/Account/Login - 302 - - 12.1032ms
info: Microsoft.AspNetCore.Hosting.Diagnostics[1]
      Request starting HTTP/2 GET https://localhost:44364/ - - -
info: Microsoft.AspNetCore.Routing.EndpointMiddleware[0]
      Executing endpoint 'PhoneBook.Controllers.HomeController.Index (PhoneBook)'
info: Microsoft.AspNetCore.Mvc.Infrastructure.ControllerActionInvoker[102]
      Route matched with {action = "Index", controller = "Home"}. Executing controller action with signature System.Threading.Tasks.Task`1[Microsoft.AspNetCore.Mvc.IActionResult] Index() on controller PhoneBook.Controllers.HomeController (PhoneBook).
info: System.Net.Http.HttpClient.IApiService.LogicalHandler[100]
      Start processing HTTP request GET http://10.10.3.159:8683/api/Departments
info: System.Net.Http.HttpClient.IApiService.ClientHandler[100]
      Sending HTTP request GET http://10.10.3.159:8683/api/Departments
info: System.Net.Http.HttpClient.IApiService.ClientHandler[101]
      Received HTTP response headers after 0.9364ms - 401
info: System.Net.Http.HttpClient.IApiService.LogicalHandler[101]
      End processing HTTP request after 5.6955ms - 401
info: Microsoft.AspNetCore.Mvc.RedirectToActionResult[1]
      Executing RedirectResult, redirecting to /Account/Login.
info: Microsoft.AspNetCore.Mvc.Infrastructure.ControllerActionInvoker[105]
      Executed action PhoneBook.Controllers.HomeController.Index (PhoneBook) in 33.9268ms
info: Microsoft.AspNetCore.Routing.EndpointMiddleware[1]
      Executed endpoint 'PhoneBook.Controllers.HomeController.Index (PhoneBook)'
info: Microsoft.AspNetCore.Hosting.Diagnostics[2]
      Request finished HTTP/2 GET https://localhost:44364/ - 302 - - 44.2988ms
info: Microsoft.AspNetCore.Hosting.Diagnostics[1]
      Request starting HTTP/2 GET https://localhost:44364/Account/Login - - -
info: Microsoft.AspNetCore.Routing.EndpointMiddleware[0]
      Executing endpoint 'PhoneBook.Controllers.AccountController.Login (PhoneBook)'
info: Microsoft.AspNetCore.Mvc.Infrastructure.ControllerActionInvoker[102]
      Route matched with {action = "Login", controller = "Account"}. Executing controller action with signature Microsoft.AspNetCore.Mvc.IActionResult Login(System.String) on controller PhoneBook.Controllers.AccountController (PhoneBook).
info: Microsoft.AspNetCore.Mvc.RedirectToActionResult[1]
      Executing RedirectResult, redirecting to /.
info: Microsoft.AspNetCore.Mvc.Infrastructure.ControllerActionInvoker[105]
      Executed action PhoneBook.Controllers.AccountController.Login (PhoneBook) in 1.827ms
info: Microsoft.AspNetCore.Routing.EndpointMiddleware[1]
      Executed endpoint 'PhoneBook.Controllers.AccountController.Login (PhoneBook)'
info: Microsoft.AspNetCore.Hosting.Diagnostics[2]
      Request finished HTTP/2 GET https://localhost:44364/Account/Login - 302 - - 12.8657ms
info: Microsoft.AspNetCore.Hosting.Diagnostics[1]
      Request starting HTTP/2 GET https://localhost:44364/ - - -
info: Microsoft.AspNetCore.Routing.EndpointMiddleware[0]
      Executing endpoint 'PhoneBook.Controllers.HomeController.Index (PhoneBook)'
info: Microsoft.AspNetCore.Mvc.Infrastructure.ControllerActionInvoker[102]
      Route matched with {action = "Index", controller = "Home"}. Executing controller action with signature System.Threading.Tasks.Task`1[Microsoft.AspNetCore.Mvc.IActionResult] Index() on controller PhoneBook.Controllers.HomeController (PhoneBook).
info: System.Net.Http.HttpClient.IApiService.LogicalHandler[100]
      Start processing HTTP request GET http://10.10.3.159:8683/api/Departments
info: System.Net.Http.HttpClient.IApiService.ClientHandler[100]
      Sending HTTP request GET http://10.10.3.159:8683/api/Departments
info: System.Net.Http.HttpClient.IApiService.ClientHandler[101]
      Received HTTP response headers after 0.8935ms - 401
info: System.Net.Http.HttpClient.IApiService.LogicalHandler[101]
      End processing HTTP request after 5.8904ms - 401
info: Microsoft.AspNetCore.Mvc.RedirectToActionResult[1]
      Executing RedirectResult, redirecting to /Account/Login.
info: Microsoft.AspNetCore.Mvc.Infrastructure.ControllerActionInvoker[105]
      Executed action PhoneBook.Controllers.HomeController.Index (PhoneBook) in 34.5669ms
info: Microsoft.AspNetCore.Routing.EndpointMiddleware[1]
      Executed endpoint 'PhoneBook.Controllers.HomeController.Index (PhoneBook)'
info: Microsoft.AspNetCore.Hosting.Diagnostics[2]
      Request finished HTTP/2 GET https://localhost:44364/ - 302 - - 45.5167ms
info: Microsoft.AspNetCore.Hosting.Diagnostics[1]
      Request starting HTTP/2 GET https://localhost:44364/Account/Login - - -
info: Microsoft.AspNetCore.Routing.EndpointMiddleware[0]
      Executing endpoint 'PhoneBook.Controllers.AccountController.Login (PhoneBook)'
info: Microsoft.AspNetCore.Mvc.Infrastructure.ControllerActionInvoker[102]
      Route matched with {action = "Login", controller = "Account"}. Executing controller action with signature Microsoft.AspNetCore.Mvc.IActionResult Login(System.String) on controller PhoneBook.Controllers.AccountController (PhoneBook).
info: Microsoft.AspNetCore.Mvc.RedirectToActionResult[1]
      Executing RedirectResult, redirecting to /.
info: Microsoft.AspNetCore.Mvc.Infrastructure.ControllerActionInvoker[105]
      Executed action PhoneBook.Controllers.AccountController.Login (PhoneBook) in 1.8738ms
info: Microsoft.AspNetCore.Routing.EndpointMiddleware[1]
      Executed endpoint 'PhoneBook.Controllers.AccountController.Login (PhoneBook)'
info: Microsoft.AspNetCore.Hosting.Diagnostics[2]
      Request finished HTTP/2 GET https://localhost:44364/Account/Login - 302 - - 13.0869ms
info: Microsoft.AspNetCore.Hosting.Diagnostics[1]
      Request starting HTTP/2 GET https://localhost:44364/ - - -
info: Microsoft.AspNetCore.Routing.EndpointMiddleware[0]
      Executing endpoint 'PhoneBook.Controllers.HomeController.Index (PhoneBook)'
info: Microsoft.AspNetCore.Mvc.Infrastructure.ControllerActionInvoker[102]
      Route matched with {action = "Index", controller = "Home"}. Executing controller action with signature System.Threading.Tasks.Task`1[Microsoft.AspNetCore.Mvc.IActionResult] Index() on controller PhoneBook.Controllers.HomeController (PhoneBook).
info: System.Net.Http.HttpClient.IApiService.LogicalHandler[100]
      Start processing HTTP request GET http://10.10.3.159:8683/api/Departments
info: System.Net.Http.HttpClient.IApiService.ClientHandler[100]
      Sending HTTP request GET http://10.10.3.159:8683/api/Departments
info: System.Net.Http.HttpClient.IApiService.ClientHandler[101]
      Received HTTP response headers after 1.1458ms - 401
info: System.Net.Http.HttpClient.IApiService.LogicalHandler[101]
      End processing HTTP request after 6.6229ms - 401
info: Microsoft.AspNetCore.Mvc.RedirectToActionResult[1]
      Executing RedirectResult, redirecting to /Account/Login.
info: Microsoft.AspNetCore.Mvc.Infrastructure.ControllerActionInvoker[105]
      Executed action PhoneBook.Controllers.HomeController.Index (PhoneBook) in 32.9503ms
info: Microsoft.AspNetCore.Routing.EndpointMiddleware[1]
      Executed endpoint 'PhoneBook.Controllers.HomeController.Index (PhoneBook)'
info: Microsoft.AspNetCore.Hosting.Diagnostics[2]
      Request finished HTTP/2 GET https://localhost:44364/ - 302 - - 43.5728ms
info: Microsoft.AspNetCore.Hosting.Diagnostics[1]
      Request starting HTTP/2 GET https://localhost:44364/Account/Login - - -
info: Microsoft.AspNetCore.Routing.EndpointMiddleware[0]
      Executing endpoint 'PhoneBook.Controllers.AccountController.Login (PhoneBook)'
info: Microsoft.AspNetCore.Mvc.Infrastructure.ControllerActionInvoker[102]
      Route matched with {action = "Login", controller = "Account"}. Executing controller action with signature Microsoft.AspNetCore.Mvc.IActionResult Login(System.String) on controller PhoneBook.Controllers.AccountController (PhoneBook).
info: Microsoft.AspNetCore.Mvc.RedirectToActionResult[1]
      Executing RedirectResult, redirecting to /.
info: Microsoft.AspNetCore.Mvc.Infrastructure.ControllerActionInvoker[105]
      Executed action PhoneBook.Controllers.AccountController.Login (PhoneBook) in 1.8526ms
info: Microsoft.AspNetCore.Routing.EndpointMiddleware[1]
      Executed endpoint 'PhoneBook.Controllers.AccountController.Login (PhoneBook)'
info: Microsoft.AspNetCore.Hosting.Diagnostics[2]
      Request finished HTTP/2 GET https://localhost:44364/Account/Login - 302 - - 12.7519ms
info: Microsoft.AspNetCore.Hosting.Diagnostics[1]
      Request starting HTTP/2 GET https://localhost:44364/ - - -
info: Microsoft.AspNetCore.Routing.EndpointMiddleware[0]
      Executing endpoint 'PhoneBook.Controllers.HomeController.Index (PhoneBook)'
info: Microsoft.AspNetCore.Mvc.Infrastructure.ControllerActionInvoker[102]
      Route matched with {action = "Index", controller = "Home"}. Executing controller action with signature System.Threading.Tasks.Task`1[Microsoft.AspNetCore.Mvc.IActionResult] Index() on controller PhoneBook.Controllers.HomeController (PhoneBook).
info: System.Net.Http.HttpClient.IApiService.LogicalHandler[100]
      Start processing HTTP request GET http://10.10.3.159:8683/api/Departments
info: System.Net.Http.HttpClient.IApiService.ClientHandler[100]
      Sending HTTP request GET http://10.10.3.159:8683/api/Departments
info: System.Net.Http.HttpClient.IApiService.ClientHandler[101]
      Received HTTP response headers after 0.7359ms - 401
info: System.Net.Http.HttpClient.IApiService.LogicalHandler[101]
      End processing HTTP request after 5.518ms - 401
info: Microsoft.AspNetCore.Mvc.RedirectToActionResult[1]
      Executing RedirectResult, redirecting to /Account/Login.
info: Microsoft.AspNetCore.Mvc.Infrastructure.ControllerActionInvoker[105]
      Executed action PhoneBook.Controllers.HomeController.Index (PhoneBook) in 34.9785ms
info: Microsoft.AspNetCore.Routing.EndpointMiddleware[1]
      Executed endpoint 'PhoneBook.Controllers.HomeController.Index (PhoneBook)'
info: Microsoft.AspNetCore.Hosting.Diagnostics[2]
      Request finished HTTP/2 GET https://localhost:44364/ - 302 - - 46.1688ms
info: Microsoft.AspNetCore.Hosting.Diagnostics[1]
      Request starting HTTP/2 GET https://localhost:44364/Account/Login - - -
info: Microsoft.AspNetCore.Routing.EndpointMiddleware[0]
      Executing endpoint 'PhoneBook.Controllers.AccountController.Login (PhoneBook)'
info: Microsoft.AspNetCore.Mvc.Infrastructure.ControllerActionInvoker[102]
      Route matched with {action = "Login", controller = "Account"}. Executing controller action with signature Microsoft.AspNetCore.Mvc.IActionResult Login(System.String) on controller PhoneBook.Controllers.AccountController (PhoneBook).
info: Microsoft.AspNetCore.Mvc.RedirectToActionResult[1]
      Executing RedirectResult, redirecting to /.
info: Microsoft.AspNetCore.Mvc.Infrastructure.ControllerActionInvoker[105]
      Executed action PhoneBook.Controllers.AccountController.Login (PhoneBook) in 1.8762ms
info: Microsoft.AspNetCore.Routing.EndpointMiddleware[1]
      Executed endpoint 'PhoneBook.Controllers.AccountController.Login (PhoneBook)'
info: Microsoft.AspNetCore.Hosting.Diagnostics[2]
      Request finished HTTP/2 GET https://localhost:44364/Account/Login - 302 - - 13.7059ms
info: Microsoft.AspNetCore.Hosting.Diagnostics[1]
      Request starting HTTP/2 GET https://localhost:44364/ - - -
info: Microsoft.AspNetCore.Routing.EndpointMiddleware[0]
      Executing endpoint 'PhoneBook.Controllers.HomeController.Index (PhoneBook)'
info: Microsoft.AspNetCore.Mvc.Infrastructure.ControllerActionInvoker[102]
      Route matched with {action = "Index", controller = "Home"}. Executing controller action with signature System.Threading.Tasks.Task`1[Microsoft.AspNetCore.Mvc.IActionResult] Index() on controller PhoneBook.Controllers.HomeController (PhoneBook).
info: System.Net.Http.HttpClient.IApiService.LogicalHandler[100]
      Start processing HTTP request GET http://10.10.3.159:8683/api/Departments
info: System.Net.Http.HttpClient.IApiService.ClientHandler[100]
      Sending HTTP request GET http://10.10.3.159:8683/api/Departments
info: System.Net.Http.HttpClient.IApiService.ClientHandler[101]
      Received HTTP response headers after 0.8981ms - 401
info: System.Net.Http.HttpClient.IApiService.LogicalHandler[101]
      End processing HTTP request after 6.2603ms - 401
info: Microsoft.AspNetCore.Mvc.RedirectToActionResult[1]
      Executing RedirectResult, redirecting to /Account/Login.
info: Microsoft.AspNetCore.Mvc.Infrastructure.ControllerActionInvoker[105]
      Executed action PhoneBook.Controllers.HomeController.Index (PhoneBook) in 42.0806ms
info: Microsoft.AspNetCore.Routing.EndpointMiddleware[1]
      Executed endpoint 'PhoneBook.Controllers.HomeController.Index (PhoneBook)'
info: Microsoft.AspNetCore.Hosting.Diagnostics[2]
      Request finished HTTP/2 GET https://localhost:44364/ - 302 - - 53.5117ms
info: Microsoft.AspNetCore.Hosting.Diagnostics[1]
      Request starting HTTP/2 GET https://localhost:44364/Account/Login - - -
info: Microsoft.AspNetCore.Routing.EndpointMiddleware[0]
      Executing endpoint 'PhoneBook.Controllers.AccountController.Login (PhoneBook)'
info: Microsoft.AspNetCore.Mvc.Infrastructure.ControllerActionInvoker[102]
      Route matched with {action = "Login", controller = "Account"}. Executing controller action with signature Microsoft.AspNetCore.Mvc.IActionResult Login(System.String) on controller PhoneBook.Controllers.AccountController (PhoneBook).
info: Microsoft.AspNetCore.Mvc.RedirectToActionResult[1]
      Executing RedirectResult, redirecting to /.
info: Microsoft.AspNetCore.Mvc.Infrastructure.ControllerActionInvoker[105]
      Executed action PhoneBook.Controllers.AccountController.Login (PhoneBook) in 1.7707ms
info: Microsoft.AspNetCore.Routing.EndpointMiddleware[1]
      Executed endpoint 'PhoneBook.Controllers.AccountController.Login (PhoneBook)'
info: Microsoft.AspNetCore.Hosting.Diagnostics[2]
      Request finished HTTP/2 GET https://localhost:44364/Account/Login - 302 - - 13.0886ms
info: Microsoft.AspNetCore.Hosting.Diagnostics[1]
      Request starting HTTP/2 GET https://localhost:44364/ - - -
info: Microsoft.AspNetCore.Routing.EndpointMiddleware[0]
      Executing endpoint 'PhoneBook.Controllers.HomeController.Index (PhoneBook)'
info: Microsoft.AspNetCore.Mvc.Infrastructure.ControllerActionInvoker[102]
      Route matched with {action = "Index", controller = "Home"}. Executing controller action with signature System.Threading.Tasks.Task`1[Microsoft.AspNetCore.Mvc.IActionResult] Index() on controller PhoneBook.Controllers.HomeController (PhoneBook).
info: System.Net.Http.HttpClient.IApiService.LogicalHandler[100]
      Start processing HTTP request GET http://10.10.3.159:8683/api/Departments
info: System.Net.Http.HttpClient.IApiService.ClientHandler[100]
      Sending HTTP request GET http://10.10.3.159:8683/api/Departments
info: System.Net.Http.HttpClient.IApiService.ClientHandler[101]
      Received HTTP response headers after 0.9133ms - 401
info: System.Net.Http.HttpClient.IApiService.LogicalHandler[101]
      End processing HTTP request after 6.2687ms - 401
info: Microsoft.AspNetCore.Mvc.RedirectToActionResult[1]
      Executing RedirectResult, redirecting to /Account/Login.
info: Microsoft.AspNetCore.Mvc.Infrastructure.ControllerActionInvoker[105]
      Executed action PhoneBook.Controllers.HomeController.Index (PhoneBook) in 37.5549ms
info: Microsoft.AspNetCore.Routing.EndpointMiddleware[1]
      Executed endpoint 'PhoneBook.Controllers.HomeController.Index (PhoneBook)'
info: Microsoft.AspNetCore.Hosting.Diagnostics[2]
      Request finished HTTP/2 GET https://localhost:44364/ - 302 - - 49.4125ms
info: Microsoft.AspNetCore.Hosting.Diagnostics[1]
      Request starting HTTP/2 GET https://localhost:44364/Account/Login - - -
info: Microsoft.AspNetCore.Routing.EndpointMiddleware[0]
      Executing endpoint 'PhoneBook.Controllers.AccountController.Login (PhoneBook)'
info: Microsoft.AspNetCore.Mvc.Infrastructure.ControllerActionInvoker[102]
      Route matched with {action = "Login", controller = "Account"}. Executing controller action with signature Microsoft.AspNetCore.Mvc.IActionResult Login(System.String) on controller PhoneBook.Controllers.AccountController (PhoneBook).
info: Microsoft.AspNetCore.Mvc.RedirectToActionResult[1]
      Executing RedirectResult, redirecting to /.
info: Microsoft.AspNetCore.Mvc.Infrastructure.ControllerActionInvoker[105]
      Executed action PhoneBook.Controllers.AccountController.Login (PhoneBook) in 1.8928ms
info: Microsoft.AspNetCore.Routing.EndpointMiddleware[1]
      Executed endpoint 'PhoneBook.Controllers.AccountController.Login (PhoneBook)'
info: Microsoft.AspNetCore.Hosting.Diagnostics[2]
      Request finished HTTP/2 GET https://localhost:44364/Account/Login - 302 - - 13.5551ms
info: Microsoft.AspNetCore.Hosting.Diagnostics[1]
      Request starting HTTP/2 GET https://localhost:44364/ - - -
info: Microsoft.AspNetCore.Routing.EndpointMiddleware[0]
      Executing endpoint 'PhoneBook.Controllers.HomeController.Index (PhoneBook)'
info: Microsoft.AspNetCore.Mvc.Infrastructure.ControllerActionInvoker[102]
      Route matched with {action = "Index", controller = "Home"}. Executing controller action with signature System.Threading.Tasks.Task`1[Microsoft.AspNetCore.Mvc.IActionResult] Index() on controller PhoneBook.Controllers.HomeController (PhoneBook).
info: System.Net.Http.HttpClient.IApiService.LogicalHandler[100]
      Start processing HTTP request GET http://10.10.3.159:8683/api/Departments
info: System.Net.Http.HttpClient.IApiService.ClientHandler[100]
      Sending HTTP request GET http://10.10.3.159:8683/api/Departments
info: System.Net.Http.HttpClient.IApiService.ClientHandler[101]
      Received HTTP response headers after 1.0336ms - 401
info: System.Net.Http.HttpClient.IApiService.LogicalHandler[101]
      End processing HTTP request after 6.2566ms - 401
info: Microsoft.AspNetCore.Mvc.RedirectToActionResult[1]
      Executing RedirectResult, redirecting to /Account/Login.
info: Microsoft.AspNetCore.Mvc.Infrastructure.ControllerActionInvoker[105]
      Executed action PhoneBook.Controllers.HomeController.Index (PhoneBook) in 35.2087ms
info: Microsoft.AspNetCore.Routing.EndpointMiddleware[1]
      Executed endpoint 'PhoneBook.Controllers.HomeController.Index (PhoneBook)'
info: Microsoft.AspNetCore.Hosting.Diagnostics[2]
      Request finished HTTP/2 GET https://localhost:44364/ - 302 - - 46.5696ms
info: Microsoft.AspNetCore.Hosting.Diagnostics[1]
      Request starting HTTP/2 GET https://localhost:44364/Account/Login - - -
info: Microsoft.AspNetCore.Routing.EndpointMiddleware[0]
      Executing endpoint 'PhoneBook.Controllers.AccountController.Login (PhoneBook)'
info: Microsoft.AspNetCore.Mvc.Infrastructure.ControllerActionInvoker[102]
      Route matched with {action = "Login", controller = "Account"}. Executing controller action with signature Microsoft.AspNetCore.Mvc.IActionResult Login(System.String) on controller PhoneBook.Controllers.AccountController (PhoneBook).
info: Microsoft.AspNetCore.Mvc.RedirectToActionResult[1]
      Executing RedirectResult, redirecting to /.
info: Microsoft.AspNetCore.Mvc.Infrastructure.ControllerActionInvoker[105]
      Executed action PhoneBook.Controllers.AccountController.Login (PhoneBook) in 2.0036ms
info: Microsoft.AspNetCore.Routing.EndpointMiddleware[1]
      Executed endpoint 'PhoneBook.Controllers.AccountController.Login (PhoneBook)'
info: Microsoft.AspNetCore.Hosting.Diagnostics[2]
      Request finished HTTP/2 GET https://localhost:44364/Account/Login - 302 - - 14.0253ms
info: Microsoft.AspNetCore.Hosting.Diagnostics[1]
      Request starting HTTP/2 GET https://localhost:44364/Account/Login - - -
info: Microsoft.AspNetCore.Routing.EndpointMiddleware[0]
      Executing endpoint 'PhoneBook.Controllers.AccountController.Login (PhoneBook)'
info: Microsoft.AspNetCore.Mvc.Infrastructure.ControllerActionInvoker[102]
      Route matched with {action = "Login", controller = "Account"}. Executing controller action with signature Microsoft.AspNetCore.Mvc.IActionResult Login(System.String) on controller PhoneBook.Controllers.AccountController (PhoneBook).
info: Microsoft.AspNetCore.Mvc.RedirectToActionResult[1]
      Executing RedirectResult, redirecting to /.
info: Microsoft.AspNetCore.Mvc.Infrastructure.ControllerActionInvoker[105]
      Executed action PhoneBook.Controllers.AccountController.Login (PhoneBook) in 1.2813ms
info: Microsoft.AspNetCore.Routing.EndpointMiddleware[1]
      Executed endpoint 'PhoneBook.Controllers.AccountController.Login (PhoneBook)'
info: Microsoft.AspNetCore.Hosting.Diagnostics[2]
      Request finished HTTP/2 GET https://localhost:44364/Account/Login - 302 - - 14.7076ms
info: Microsoft.AspNetCore.Hosting.Diagnostics[1]
      Request starting HTTP/2 GET https://localhost:44364/ - - -
info: Microsoft.AspNetCore.Routing.EndpointMiddleware[0]
      Executing endpoint 'PhoneBook.Controllers.HomeController.Index (PhoneBook)'
info: Microsoft.AspNetCore.Mvc.Infrastructure.ControllerActionInvoker[102]
      Route matched with {action = "Index", controller = "Home"}. Executing controller action with signature System.Threading.Tasks.Task`1[Microsoft.AspNetCore.Mvc.IActionResult] Index() on controller PhoneBook.Controllers.HomeController (PhoneBook).
info: System.Net.Http.HttpClient.IApiService.LogicalHandler[100]
      Start processing HTTP request GET http://10.10.3.159:8683/api/Departments
info: System.Net.Http.HttpClient.IApiService.ClientHandler[100]
      Sending HTTP request GET http://10.10.3.159:8683/api/Departments
info: System.Net.Http.HttpClient.IApiService.ClientHandler[101]
      Received HTTP response headers after 1.6678ms - 401
info: System.Net.Http.HttpClient.IApiService.LogicalHandler[101]
      End processing HTTP request after 5.3239ms - 401
info: Microsoft.AspNetCore.Mvc.RedirectToActionResult[1]
      Executing RedirectResult, redirecting to /Account/Login.
info: Microsoft.AspNetCore.Mvc.Infrastructure.ControllerActionInvoker[105]
      Executed action PhoneBook.Controllers.HomeController.Index (PhoneBook) in 30.424ms
info: Microsoft.AspNetCore.Routing.EndpointMiddleware[1]
      Executed endpoint 'PhoneBook.Controllers.HomeController.Index (PhoneBook)'
info: Microsoft.AspNetCore.Hosting.Diagnostics[2]
      Request finished HTTP/2 GET https://localhost:44364/ - 302 - - 42.4479ms
info: Microsoft.AspNetCore.Hosting.Diagnostics[1]
      Request starting HTTP/2 GET https://localhost:44364/Account/Login - - -
info: Microsoft.AspNetCore.Routing.EndpointMiddleware[0]
      Executing endpoint 'PhoneBook.Controllers.AccountController.Login (PhoneBook)'
info: Microsoft.AspNetCore.Mvc.Infrastructure.ControllerActionInvoker[102]
      Route matched with {action = "Login", controller = "Account"}. Executing controller action with signature Microsoft.AspNetCore.Mvc.IActionResult Login(System.String) on controller PhoneBook.Controllers.AccountController (PhoneBook).
info: Microsoft.AspNetCore.Mvc.RedirectToActionResult[1]
      Executing RedirectResult, redirecting to /.
info: Microsoft.AspNetCore.Mvc.Infrastructure.ControllerActionInvoker[105]
      Executed action PhoneBook.Controllers.AccountController.Login (PhoneBook) in 1.2164ms
info: Microsoft.AspNetCore.Routing.EndpointMiddleware[1]
      Executed endpoint 'PhoneBook.Controllers.AccountController.Login (PhoneBook)'
info: Microsoft.AspNetCore.Hosting.Diagnostics[2]
      Request finished HTTP/2 GET https://localhost:44364/Account/Login - 302 - - 8.9017ms
info: Microsoft.AspNetCore.Hosting.Diagnostics[1]
      Request starting HTTP/2 GET https://localhost:44364/ - - -
info: Microsoft.AspNetCore.Routing.EndpointMiddleware[0]
      Executing endpoint 'PhoneBook.Controllers.HomeController.Index (PhoneBook)'
info: Microsoft.AspNetCore.Mvc.Infrastructure.ControllerActionInvoker[102]
      Route matched with {action = "Index", controller = "Home"}. Executing controller action with signature System.Threading.Tasks.Task`1[Microsoft.AspNetCore.Mvc.IActionResult] Index() on controller PhoneBook.Controllers.HomeController (PhoneBook).
info: System.Net.Http.HttpClient.IApiService.LogicalHandler[100]
      Start processing HTTP request GET http://10.10.3.159:8683/api/Departments
info: System.Net.Http.HttpClient.IApiService.ClientHandler[100]
      Sending HTTP request GET http://10.10.3.159:8683/api/Departments
info: System.Net.Http.HttpClient.IApiService.ClientHandler[101]
      Received HTTP response headers after 0.8053ms - 401
info: System.Net.Http.HttpClient.IApiService.LogicalHandler[101]
      End processing HTTP request after 4.5681ms - 401
info: Microsoft.AspNetCore.Mvc.RedirectToActionResult[1]
      Executing RedirectResult, redirecting to /Account/Login.
info: Microsoft.AspNetCore.Mvc.Infrastructure.ControllerActionInvoker[105]
      Executed action PhoneBook.Controllers.HomeController.Index (PhoneBook) in 28.2846ms
info: Microsoft.AspNetCore.Routing.EndpointMiddleware[1]
      Executed endpoint 'PhoneBook.Controllers.HomeController.Index (PhoneBook)'
info: Microsoft.AspNetCore.Hosting.Diagnostics[2]
      Request finished HTTP/2 GET https://localhost:44364/ - 302 - - 36.3399ms
info: Microsoft.AspNetCore.Hosting.Diagnostics[1]
      Request starting HTTP/2 GET https://localhost:44364/Account/Login - - -
info: Microsoft.AspNetCore.Routing.EndpointMiddleware[0]
      Executing endpoint 'PhoneBook.Controllers.AccountController.Login (PhoneBook)'
info: Microsoft.AspNetCore.Mvc.Infrastructure.ControllerActionInvoker[102]
      Route matched with {action = "Login", controller = "Account"}. Executing controller action with signature Microsoft.AspNetCore.Mvc.IActionResult Login(System.String) on controller PhoneBook.Controllers.AccountController (PhoneBook).
info: Microsoft.AspNetCore.Mvc.RedirectToActionResult[1]
      Executing RedirectResult, redirecting to /.
info: Microsoft.AspNetCore.Mvc.Infrastructure.ControllerActionInvoker[105]
      Executed action PhoneBook.Controllers.AccountController.Login (PhoneBook) in 1.1574ms
info: Microsoft.AspNetCore.Routing.EndpointMiddleware[1]
      Executed endpoint 'PhoneBook.Controllers.AccountController.Login (PhoneBook)'
info: Microsoft.AspNetCore.Hosting.Diagnostics[2]
      Request finished HTTP/2 GET https://localhost:44364/Account/Login - 302 - - 8.9719ms
info: Microsoft.AspNetCore.Hosting.Diagnostics[1]
      Request starting HTTP/2 GET https://localhost:44364/ - - -
info: Microsoft.AspNetCore.Routing.EndpointMiddleware[0]
      Executing endpoint 'PhoneBook.Controllers.HomeController.Index (PhoneBook)'
info: Microsoft.AspNetCore.Mvc.Infrastructure.ControllerActionInvoker[102]
      Route matched with {action = "Index", controller = "Home"}. Executing controller action with signature System.Threading.Tasks.Task`1[Microsoft.AspNetCore.Mvc.IActionResult] Index() on controller PhoneBook.Controllers.HomeController (PhoneBook).
info: System.Net.Http.HttpClient.IApiService.LogicalHandler[100]
      Start processing HTTP request GET http://10.10.3.159:8683/api/Departments
info: System.Net.Http.HttpClient.IApiService.ClientHandler[100]
      Sending HTTP request GET http://10.10.3.159:8683/api/Departments
info: System.Net.Http.HttpClient.IApiService.ClientHandler[101]
      Received HTTP response headers after 0.7213ms - 401
info: System.Net.Http.HttpClient.IApiService.LogicalHandler[101]
      End processing HTTP request after 3.9441ms - 401
info: Microsoft.AspNetCore.Mvc.RedirectToActionResult[1]
      Executing RedirectResult, redirecting to /Account/Login.
info: Microsoft.AspNetCore.Mvc.Infrastructure.ControllerActionInvoker[105]
      Executed action PhoneBook.Controllers.HomeController.Index (PhoneBook) in 27.1965ms
info: Microsoft.AspNetCore.Routing.EndpointMiddleware[1]
      Executed endpoint 'PhoneBook.Controllers.HomeController.Index (PhoneBook)'
info: Microsoft.AspNetCore.Hosting.Diagnostics[2]
      Request finished HTTP/2 GET https://localhost:44364/ - 302 - - 35.4860ms
info: Microsoft.AspNetCore.Hosting.Diagnostics[1]
      Request starting HTTP/2 GET https://localhost:44364/Account/Login - - -
info: Microsoft.AspNetCore.Routing.EndpointMiddleware[0]
      Executing endpoint 'PhoneBook.Controllers.AccountController.Login (PhoneBook)'
info: Microsoft.AspNetCore.Mvc.Infrastructure.ControllerActionInvoker[102]
      Route matched with {action = "Login", controller = "Account"}. Executing controller action with signature Microsoft.AspNetCore.Mvc.IActionResult Login(System.String) on controller PhoneBook.Controllers.AccountController (PhoneBook).
info: Microsoft.AspNetCore.Mvc.RedirectToActionResult[1]
      Executing RedirectResult, redirecting to /.
info: Microsoft.AspNetCore.Mvc.Infrastructure.ControllerActionInvoker[105]
      Executed action PhoneBook.Controllers.AccountController.Login (PhoneBook) in 1.2874ms
info: Microsoft.AspNetCore.Routing.EndpointMiddleware[1]
      Executed endpoint 'PhoneBook.Controllers.AccountController.Login (PhoneBook)'
info: Microsoft.AspNetCore.Hosting.Diagnostics[2]
      Request finished HTTP/2 GET https://localhost:44364/Account/Login - 302 - - 8.5656ms
info: Microsoft.AspNetCore.Hosting.Diagnostics[1]
      Request starting HTTP/2 GET https://localhost:44364/ - - -
info: Microsoft.AspNetCore.Routing.EndpointMiddleware[0]
      Executing endpoint 'PhoneBook.Controllers.HomeController.Index (PhoneBook)'
info: Microsoft.AspNetCore.Mvc.Infrastructure.ControllerActionInvoker[102]
      Route matched with {action = "Index", controller = "Home"}. Executing controller action with signature System.Threading.Tasks.Task`1[Microsoft.AspNetCore.Mvc.IActionResult] Index() on controller PhoneBook.Controllers.HomeController (PhoneBook).
info: System.Net.Http.HttpClient.IApiService.LogicalHandler[100]
      Start processing HTTP request GET http://10.10.3.159:8683/api/Departments
info: System.Net.Http.HttpClient.IApiService.ClientHandler[100]
      Sending HTTP request GET http://10.10.3.159:8683/api/Departments
info: System.Net.Http.HttpClient.IApiService.ClientHandler[101]
      Received HTTP response headers after 0.9195ms - 401
info: System.Net.Http.HttpClient.IApiService.LogicalHandler[101]
      End processing HTTP request after 4.2818ms - 401
info: Microsoft.AspNetCore.Mvc.RedirectToActionResult[1]
      Executing RedirectResult, redirecting to /Account/Login.
info: Microsoft.AspNetCore.Mvc.Infrastructure.ControllerActionInvoker[105]
      Executed action PhoneBook.Controllers.HomeController.Index (PhoneBook) in 28.6879ms
info: Microsoft.AspNetCore.Routing.EndpointMiddleware[1]
      Executed endpoint 'PhoneBook.Controllers.HomeController.Index (PhoneBook)'
info: Microsoft.AspNetCore.Hosting.Diagnostics[2]
      Request finished HTTP/2 GET https://localhost:44364/ - 302 - - 37.0650ms
info: Microsoft.AspNetCore.Hosting.Diagnostics[1]
      Request starting HTTP/2 GET https://localhost:44364/Account/Login - - -
info: Microsoft.AspNetCore.Routing.EndpointMiddleware[0]
      Executing endpoint 'PhoneBook.Controllers.AccountController.Login (PhoneBook)'
info: Microsoft.AspNetCore.Mvc.Infrastructure.ControllerActionInvoker[102]
      Route matched with {action = "Login", controller = "Account"}. Executing controller action with signature Microsoft.AspNetCore.Mvc.IActionResult Login(System.String) on controller PhoneBook.Controllers.AccountController (PhoneBook).
info: Microsoft.AspNetCore.Mvc.RedirectToActionResult[1]
      Executing RedirectResult, redirecting to /.
info: Microsoft.AspNetCore.Mvc.Infrastructure.ControllerActionInvoker[105]
      Executed action PhoneBook.Controllers.AccountController.Login (PhoneBook) in 1.2413ms
info: Microsoft.AspNetCore.Routing.EndpointMiddleware[1]
      Executed endpoint 'PhoneBook.Controllers.AccountController.Login (PhoneBook)'
info: Microsoft.AspNetCore.Hosting.Diagnostics[2]
      Request finished HTTP/2 GET https://localhost:44364/Account/Login - 302 - - 8.9640ms
info: Microsoft.AspNetCore.Hosting.Diagnostics[1]
      Request starting HTTP/2 GET https://localhost:44364/ - - -
info: Microsoft.AspNetCore.Routing.EndpointMiddleware[0]
      Executing endpoint 'PhoneBook.Controllers.HomeController.Index (PhoneBook)'
info: Microsoft.AspNetCore.Mvc.Infrastructure.ControllerActionInvoker[102]
      Route matched with {action = "Index", controller = "Home"}. Executing controller action with signature System.Threading.Tasks.Task`1[Microsoft.AspNetCore.Mvc.IActionResult] Index() on controller PhoneBook.Controllers.HomeController (PhoneBook).
info: System.Net.Http.HttpClient.IApiService.LogicalHandler[100]
      Start processing HTTP request GET http://10.10.3.159:8683/api/Departments
info: System.Net.Http.HttpClient.IApiService.ClientHandler[100]
      Sending HTTP request GET http://10.10.3.159:8683/api/Departments
info: System.Net.Http.HttpClient.IApiService.ClientHandler[101]
      Received HTTP response headers after 1.0838ms - 401
info: System.Net.Http.HttpClient.IApiService.LogicalHandler[101]
      End processing HTTP request after 4.5577ms - 401
info: Microsoft.AspNetCore.Mvc.RedirectToActionResult[1]
      Executing RedirectResult, redirecting to /Account/Login.
info: Microsoft.AspNetCore.Mvc.Infrastructure.ControllerActionInvoker[105]
      Executed action PhoneBook.Controllers.HomeController.Index (PhoneBook) in 28.2353ms
info: Microsoft.AspNetCore.Routing.EndpointMiddleware[1]
      Executed endpoint 'PhoneBook.Controllers.HomeController.Index (PhoneBook)'
info: Microsoft.AspNetCore.Hosting.Diagnostics[2]
      Request finished HTTP/2 GET https://localhost:44364/ - 302 - - 64.8758ms
info: Microsoft.AspNetCore.Hosting.Diagnostics[1]
      Request starting HTTP/2 GET https://localhost:44364/Account/Login - - -
info: Microsoft.AspNetCore.Routing.EndpointMiddleware[0]
      Executing endpoint 'PhoneBook.Controllers.AccountController.Login (PhoneBook)'
info: Microsoft.AspNetCore.Mvc.Infrastructure.ControllerActionInvoker[102]
      Route matched with {action = "Login", controller = "Account"}. Executing controller action with signature Microsoft.AspNetCore.Mvc.IActionResult Login(System.String) on controller PhoneBook.Controllers.AccountController (PhoneBook).
info: Microsoft.AspNetCore.Mvc.RedirectToActionResult[1]
      Executing RedirectResult, redirecting to /.
info: Microsoft.AspNetCore.Mvc.Infrastructure.ControllerActionInvoker[105]
      Executed action PhoneBook.Controllers.AccountController.Login (PhoneBook) in 1.2167ms
info: Microsoft.AspNetCore.Routing.EndpointMiddleware[1]
      Executed endpoint 'PhoneBook.Controllers.AccountController.Login (PhoneBook)'
info: Microsoft.AspNetCore.Hosting.Diagnostics[2]
      Request finished HTTP/2 GET https://localhost:44364/Account/Login - 302 - - 9.9235ms
info: Microsoft.AspNetCore.Hosting.Diagnostics[1]
      Request starting HTTP/2 GET https://localhost:44364/ - - -
info: Microsoft.AspNetCore.Routing.EndpointMiddleware[0]
      Executing endpoint 'PhoneBook.Controllers.HomeController.Index (PhoneBook)'
info: Microsoft.AspNetCore.Mvc.Infrastructure.ControllerActionInvoker[102]
      Route matched with {action = "Index", controller = "Home"}. Executing controller action with signature System.Threading.Tasks.Task`1[Microsoft.AspNetCore.Mvc.IActionResult] Index() on controller PhoneBook.Controllers.HomeController (PhoneBook).
info: System.Net.Http.HttpClient.IApiService.LogicalHandler[100]
      Start processing HTTP request GET http://10.10.3.159:8683/api/Departments
info: System.Net.Http.HttpClient.IApiService.ClientHandler[100]
      Sending HTTP request GET http://10.10.3.159:8683/api/Departments
info: System.Net.Http.HttpClient.IApiService.ClientHandler[101]
      Received HTTP response headers after 0.8033ms - 401
info: System.Net.Http.HttpClient.IApiService.LogicalHandler[101]
      End processing HTTP request after 4.5352ms - 401
info: Microsoft.AspNetCore.Mvc.RedirectToActionResult[1]
      Executing RedirectResult, redirecting to /Account/Login.
info: Microsoft.AspNetCore.Mvc.Infrastructure.ControllerActionInvoker[105]
      Executed action PhoneBook.Controllers.HomeController.Index (PhoneBook) in 26.7445ms
info: Microsoft.AspNetCore.Routing.EndpointMiddleware[1]
      Executed endpoint 'PhoneBook.Controllers.HomeController.Index (PhoneBook)'
info: Microsoft.AspNetCore.Hosting.Diagnostics[2]
      Request finished HTTP/2 GET https://localhost:44364/ - 302 - - 36.0153ms
info: Microsoft.AspNetCore.Hosting.Diagnostics[1]
      Request starting HTTP/2 GET https://localhost:44364/Account/Login - - -
info: Microsoft.AspNetCore.Routing.EndpointMiddleware[0]
      Executing endpoint 'PhoneBook.Controllers.AccountController.Login (PhoneBook)'
info: Microsoft.AspNetCore.Mvc.Infrastructure.ControllerActionInvoker[102]
      Route matched with {action = "Login", controller = "Account"}. Executing controller action with signature Microsoft.AspNetCore.Mvc.IActionResult Login(System.String) on controller PhoneBook.Controllers.AccountController (PhoneBook).
info: Microsoft.AspNetCore.Mvc.RedirectToActionResult[1]
      Executing RedirectResult, redirecting to /.
info: Microsoft.AspNetCore.Mvc.Infrastructure.ControllerActionInvoker[105]
      Executed action PhoneBook.Controllers.AccountController.Login (PhoneBook) in 1.1403ms
info: Microsoft.AspNetCore.Routing.EndpointMiddleware[1]
      Executed endpoint 'PhoneBook.Controllers.AccountController.Login (PhoneBook)'
info: Microsoft.AspNetCore.Hosting.Diagnostics[2]
      Request finished HTTP/2 GET https://localhost:44364/Account/Login - 302 - - 9.2835ms
info: Microsoft.AspNetCore.Hosting.Diagnostics[1]
      Request starting HTTP/2 GET https://localhost:44364/ - - -
info: Microsoft.AspNetCore.Routing.EndpointMiddleware[0]
      Executing endpoint 'PhoneBook.Controllers.HomeController.Index (PhoneBook)'
info: Microsoft.AspNetCore.Mvc.Infrastructure.ControllerActionInvoker[102]
      Route matched with {action = "Index", controller = "Home"}. Executing controller action with signature System.Threading.Tasks.Task`1[Microsoft.AspNetCore.Mvc.IActionResult] Index() on controller PhoneBook.Controllers.HomeController (PhoneBook).
info: System.Net.Http.HttpClient.IApiService.LogicalHandler[100]
      Start processing HTTP request GET http://10.10.3.159:8683/api/Departments
info: System.Net.Http.HttpClient.IApiService.ClientHandler[100]
      Sending HTTP request GET http://10.10.3.159:8683/api/Departments
info: System.Net.Http.HttpClient.IApiService.ClientHandler[101]
      Received HTTP response headers after 0.8033ms - 401
info: System.Net.Http.HttpClient.IApiService.LogicalHandler[101]
      End processing HTTP request after 4.4885ms - 401
info: Microsoft.AspNetCore.Mvc.RedirectToActionResult[1]
      Executing RedirectResult, redirecting to /Account/Login.
info: Microsoft.AspNetCore.Mvc.Infrastructure.ControllerActionInvoker[105]
      Executed action PhoneBook.Controllers.HomeController.Index (PhoneBook) in 26.9346ms
info: Microsoft.AspNetCore.Routing.EndpointMiddleware[1]
      Executed endpoint 'PhoneBook.Controllers.HomeController.Index (PhoneBook)'
info: Microsoft.AspNetCore.Hosting.Diagnostics[2]
      Request finished HTTP/2 GET https://localhost:44364/ - 302 - - 34.8354ms
info: Microsoft.AspNetCore.Hosting.Diagnostics[1]
      Request starting HTTP/2 GET https://localhost:44364/Account/Login - - -
info: Microsoft.AspNetCore.Routing.EndpointMiddleware[0]
      Executing endpoint 'PhoneBook.Controllers.AccountController.Login (PhoneBook)'
info: Microsoft.AspNetCore.Mvc.Infrastructure.ControllerActionInvoker[102]
      Route matched with {action = "Login", controller = "Account"}. Executing controller action with signature Microsoft.AspNetCore.Mvc.IActionResult Login(System.String) on controller PhoneBook.Controllers.AccountController (PhoneBook).
info: Microsoft.AspNetCore.Mvc.RedirectToActionResult[1]
      Executing RedirectResult, redirecting to /.
info: Microsoft.AspNetCore.Mvc.Infrastructure.ControllerActionInvoker[105]
      Executed action PhoneBook.Controllers.AccountController.Login (PhoneBook) in 1.2279ms
info: Microsoft.AspNetCore.Routing.EndpointMiddleware[1]
      Executed endpoint 'PhoneBook.Controllers.AccountController.Login (PhoneBook)'
info: Microsoft.AspNetCore.Hosting.Diagnostics[2]
      Request finished HTTP/2 GET https://localhost:44364/Account/Login - 302 - - 9.5297ms
info: Microsoft.AspNetCore.Hosting.Diagnostics[1]
      Request starting HTTP/2 GET https://localhost:44364/ - - -
info: Microsoft.AspNetCore.Routing.EndpointMiddleware[0]
      Executing endpoint 'PhoneBook.Controllers.HomeController.Index (PhoneBook)'
info: Microsoft.AspNetCore.Mvc.Infrastructure.ControllerActionInvoker[102]
      Route matched with {action = "Index", controller = "Home"}. Executing controller action with signature System.Threading.Tasks.Task`1[Microsoft.AspNetCore.Mvc.IActionResult] Index() on controller PhoneBook.Controllers.HomeController (PhoneBook).
info: System.Net.Http.HttpClient.IApiService.LogicalHandler[100]
      Start processing HTTP request GET http://10.10.3.159:8683/api/Departments
info: System.Net.Http.HttpClient.IApiService.ClientHandler[100]
      Sending HTTP request GET http://10.10.3.159:8683/api/Departments
info: System.Net.Http.HttpClient.IApiService.ClientHandler[101]
      Received HTTP response headers after 0.7062ms - 401
info: System.Net.Http.HttpClient.IApiService.LogicalHandler[101]
      End processing HTTP request after 4.4326ms - 401
info: Microsoft.AspNetCore.Mvc.RedirectToActionResult[1]
      Executing RedirectResult, redirecting to /Account/Login.
info: Microsoft.AspNetCore.Mvc.Infrastructure.ControllerActionInvoker[105]
      Executed action PhoneBook.Controllers.HomeController.Index (PhoneBook) in 24.2459ms
info: Microsoft.AspNetCore.Routing.EndpointMiddleware[1]
      Executed endpoint 'PhoneBook.Controllers.HomeController.Index (PhoneBook)'
info: Microsoft.AspNetCore.Hosting.Diagnostics[2]
      Request finished HTTP/2 GET https://localhost:44364/ - 302 - - 32.2427ms
info: Microsoft.AspNetCore.Hosting.Diagnostics[1]
      Request starting HTTP/2 GET https://localhost:44364/Account/Login - - -
info: Microsoft.AspNetCore.Routing.EndpointMiddleware[0]
      Executing endpoint 'PhoneBook.Controllers.AccountController.Login (PhoneBook)'
info: Microsoft.AspNetCore.Mvc.Infrastructure.ControllerActionInvoker[102]
      Route matched with {action = "Login", controller = "Account"}. Executing controller action with signature Microsoft.AspNetCore.Mvc.IActionResult Login(System.String) on controller PhoneBook.Controllers.AccountController (PhoneBook).
info: Microsoft.AspNetCore.Mvc.RedirectToActionResult[1]
      Executing RedirectResult, redirecting to /.
info: Microsoft.AspNetCore.Mvc.Infrastructure.ControllerActionInvoker[105]
      Executed action PhoneBook.Controllers.AccountController.Login (PhoneBook) in 1.1319ms
info: Microsoft.AspNetCore.Routing.EndpointMiddleware[1]
      Executed endpoint 'PhoneBook.Controllers.AccountController.Login (PhoneBook)'
info: Microsoft.AspNetCore.Hosting.Diagnostics[2]
      Request finished HTTP/2 GET https://localhost:44364/Account/Login - 302 - - 8.8467ms
info: Microsoft.AspNetCore.Hosting.Diagnostics[1]
      Request starting HTTP/2 GET https://localhost:44364/ - - -
info: Microsoft.AspNetCore.Routing.EndpointMiddleware[0]
      Executing endpoint 'PhoneBook.Controllers.HomeController.Index (PhoneBook)'
info: Microsoft.AspNetCore.Mvc.Infrastructure.ControllerActionInvoker[102]
      Route matched with {action = "Index", controller = "Home"}. Executing controller action with signature System.Threading.Tasks.Task`1[Microsoft.AspNetCore.Mvc.IActionResult] Index() on controller PhoneBook.Controllers.HomeController (PhoneBook).
info: System.Net.Http.HttpClient.IApiService.LogicalHandler[100]
      Start processing HTTP request GET http://10.10.3.159:8683/api/Departments
info: System.Net.Http.HttpClient.IApiService.ClientHandler[100]
      Sending HTTP request GET http://10.10.3.159:8683/api/Departments
info: System.Net.Http.HttpClient.IApiService.ClientHandler[101]
      Received HTTP response headers after 0.7144ms - 401
info: System.Net.Http.HttpClient.IApiService.LogicalHandler[101]
      End processing HTTP request after 4.0334ms - 401
info: Microsoft.AspNetCore.Mvc.RedirectToActionResult[1]
      Executing RedirectResult, redirecting to /Account/Login.
info: Microsoft.AspNetCore.Mvc.Infrastructure.ControllerActionInvoker[105]
      Executed action PhoneBook.Controllers.HomeController.Index (PhoneBook) in 26.8931ms
info: Microsoft.AspNetCore.Routing.EndpointMiddleware[1]
      Executed endpoint 'PhoneBook.Controllers.HomeController.Index (PhoneBook)'
info: Microsoft.AspNetCore.Hosting.Diagnostics[2]
      Request finished HTTP/2 GET https://localhost:44364/ - 302 - - 35.1565ms
info: Microsoft.AspNetCore.Hosting.Diagnostics[1]
      Request starting HTTP/2 GET https://localhost:44364/Account/Login - - -
info: Microsoft.AspNetCore.Routing.EndpointMiddleware[0]
      Executing endpoint 'PhoneBook.Controllers.AccountController.Login (PhoneBook)'
info: Microsoft.AspNetCore.Mvc.Infrastructure.ControllerActionInvoker[102]
      Route matched with {action = "Login", controller = "Account"}. Executing controller action with signature Microsoft.AspNetCore.Mvc.IActionResult Login(System.String) on controller PhoneBook.Controllers.AccountController (PhoneBook).
info: Microsoft.AspNetCore.Mvc.RedirectToActionResult[1]
      Executing RedirectResult, redirecting to /.
info: Microsoft.AspNetCore.Mvc.Infrastructure.ControllerActionInvoker[105]
      Executed action PhoneBook.Controllers.AccountController.Login (PhoneBook) in 1.4374ms
info: Microsoft.AspNetCore.Routing.EndpointMiddleware[1]
      Executed endpoint 'PhoneBook.Controllers.AccountController.Login (PhoneBook)'
info: Microsoft.AspNetCore.Hosting.Diagnostics[2]
      Request finished HTTP/2 GET https://localhost:44364/Account/Login - 302 - - 9.7608ms
info: Microsoft.AspNetCore.Hosting.Diagnostics[1]
      Request starting HTTP/2 GET https://localhost:44364/ - - -
info: Microsoft.AspNetCore.Routing.EndpointMiddleware[0]
      Executing endpoint 'PhoneBook.Controllers.HomeController.Index (PhoneBook)'
info: Microsoft.AspNetCore.Mvc.Infrastructure.ControllerActionInvoker[102]
      Route matched with {action = "Index", controller = "Home"}. Executing controller action with signature System.Threading.Tasks.Task`1[Microsoft.AspNetCore.Mvc.IActionResult] Index() on controller PhoneBook.Controllers.HomeController (PhoneBook).
info: System.Net.Http.HttpClient.IApiService.LogicalHandler[100]
      Start processing HTTP request GET http://10.10.3.159:8683/api/Departments
info: System.Net.Http.HttpClient.IApiService.ClientHandler[100]
      Sending HTTP request GET http://10.10.3.159:8683/api/Departments
info: System.Net.Http.HttpClient.IApiService.ClientHandler[101]
      Received HTTP response headers after 0.8066ms - 401
info: System.Net.Http.HttpClient.IApiService.LogicalHandler[101]
      End processing HTTP request after 4.2595ms - 401
info: Microsoft.AspNetCore.Mvc.RedirectToActionResult[1]
      Executing RedirectResult, redirecting to /Account/Login.
info: Microsoft.AspNetCore.Mvc.Infrastructure.ControllerActionInvoker[105]
      Executed action PhoneBook.Controllers.HomeController.Index (PhoneBook) in 28.3138ms
info: Microsoft.AspNetCore.Routing.EndpointMiddleware[1]
      Executed endpoint 'PhoneBook.Controllers.HomeController.Index (PhoneBook)'
info: Microsoft.AspNetCore.Hosting.Diagnostics[2]
      Request finished HTTP/2 GET https://localhost:44364/ - 302 - - 37.4942ms
info: Microsoft.AspNetCore.Hosting.Diagnostics[1]
      Request starting HTTP/2 GET https://localhost:44364/ - - -
info: Microsoft.AspNetCore.Authorization.DefaultAuthorizationService[2]
      Authorization failed. These requirements were not met:
      DenyAnonymousAuthorizationRequirement: Requires an authenticated user.
info: Microsoft.AspNetCore.Authentication.Cookies.CookieAuthenticationHandler[12]
      AuthenticationScheme: Cookies was challenged.
info: Microsoft.AspNetCore.Hosting.Diagnostics[2]
      Request finished HTTP/2 GET https://localhost:44364/ - 302 - - 11.8917ms
info: Microsoft.AspNetCore.Hosting.Diagnostics[1]
      Request starting HTTP/2 GET https://localhost:44364/Account/Login?ReturnUrl=%2F - - -
info: Microsoft.AspNetCore.Routing.EndpointMiddleware[0]
      Executing endpoint 'PhoneBook.Controllers.AccountController.Login (PhoneBook)'
info: Microsoft.AspNetCore.Mvc.Infrastructure.ControllerActionInvoker[102]
      Route matched with {action = "Login", controller = "Account"}. Executing controller action with signature Microsoft.AspNetCore.Mvc.IActionResult Login(System.String) on controller PhoneBook.Controllers.AccountController (PhoneBook).
info: Microsoft.AspNetCore.Mvc.ViewFeatures.ViewResultExecutor[1]
      Executing ViewResult, running view Login.
info: Microsoft.AspNetCore.Mvc.ViewFeatures.ViewResultExecutor[4]
      Executed ViewResult - view Login executed in 62.7417ms.
info: Microsoft.AspNetCore.Mvc.Infrastructure.ControllerActionInvoker[105]
      Executed action PhoneBook.Controllers.AccountController.Login (PhoneBook) in 66.6358ms
info: Microsoft.AspNetCore.Routing.EndpointMiddleware[1]
      Executed endpoint 'PhoneBook.Controllers.AccountController.Login (PhoneBook)'
info: Microsoft.AspNetCore.Hosting.Diagnostics[2]
      Request finished HTTP/2 GET https://localhost:44364/Account/Login?ReturnUrl=%2F - 200 - text/html;+charset=utf-8 78.2522ms
info: Microsoft.AspNetCore.Hosting.Diagnostics[1]
      Request starting HTTP/2 GET https://localhost:44364/_framework/aspnetcore-browser-refresh.js - - -
info: Microsoft.AspNetCore.Hosting.Diagnostics[1]
      Request starting HTTP/2 GET https://localhost:44364/_vs/browserLink - - -
info: Microsoft.AspNetCore.Hosting.Diagnostics[2]
      Request finished HTTP/2 GET https://localhost:44364/_framework/aspnetcore-browser-refresh.js - 200 16503 application/javascript;+charset=utf-8 4.7433ms
info: Microsoft.AspNetCore.Hosting.Diagnostics[1]
      Request starting HTTP/2 GET https://localhost:44364/.well-known/appspecific/com.chrome.devtools.json - - -
info: Microsoft.AspNetCore.Hosting.Diagnostics[2]
      Request finished HTTP/2 GET https://localhost:44364/.well-known/appspecific/com.chrome.devtools.json - 404 - - 2.4361ms
info: Microsoft.AspNetCore.Hosting.Diagnostics[16]
      Request reached the end of the middleware pipeline without being handled by application code. Request path: GET https://localhost:44364/.well-known/appspecific/com.chrome.devtools.json, Response status code: 404
info: Microsoft.AspNetCore.Hosting.Diagnostics[2]
      Request finished HTTP/2 GET https://localhost:44364/_vs/browserLink - 200 - text/javascript;+charset=UTF-8 30.3339ms
info: Microsoft.AspNetCore.Hosting.Diagnostics[1]
      Request starting HTTP/2 POST https://localhost:44364/Account/Login - application/x-www-form-urlencoded 229
info: Microsoft.AspNetCore.Routing.EndpointMiddleware[0]
      Executing endpoint 'PhoneBook.Controllers.AccountController.Login (PhoneBook)'
info: Microsoft.AspNetCore.Mvc.Infrastructure.ControllerActionInvoker[102]
      Route matched with {action = "Login", controller = "Account"}. Executing controller action with signature System.Threading.Tasks.Task`1[Microsoft.AspNetCore.Mvc.IActionResult] Login(PhoneBook.Models.LoginViewModel, System.String) on controller PhoneBook.Controllers.AccountController (PhoneBook).
info: System.Net.Http.HttpClient.IApiService.LogicalHandler[100]
      Start processing HTTP request POST http://10.10.3.159:8683/api/Auth/login
info: System.Net.Http.HttpClient.IApiService.ClientHandler[100]
      Sending HTTP request POST http://10.10.3.159:8683/api/Auth/login
info: System.Net.Http.HttpClient.IApiService.ClientHandler[101]
      Received HTTP response headers after 2.8556ms - 200
info: System.Net.Http.HttpClient.IApiService.LogicalHandler[101]
      End processing HTTP request after 6.8707ms - 200
info: System.Net.Http.HttpClient.IApiService.LogicalHandler[100]
      Start processing HTTP request POST http://10.10.3.159:8683/api/Account/login
info: System.Net.Http.HttpClient.IApiService.ClientHandler[100]
      Sending HTTP request POST http://10.10.3.159:8683/api/Account/login
info: System.Net.Http.HttpClient.IApiService.ClientHandler[101]
      Received HTTP response headers after 45.9586ms - 200
info: System.Net.Http.HttpClient.IApiService.LogicalHandler[101]
      End processing HTTP request after 49.6868ms - 200
info: Microsoft.AspNetCore.Authentication.Cookies.CookieAuthenticationHandler[10]
      AuthenticationScheme: Cookies signed in.
info: Microsoft.AspNetCore.Mvc.RedirectToActionResult[1]
      Executing RedirectResult, redirecting to /.
info: Microsoft.AspNetCore.Mvc.Infrastructure.ControllerActionInvoker[105]
      Executed action PhoneBook.Controllers.AccountController.Login (PhoneBook) in 110.6796ms
info: Microsoft.AspNetCore.Routing.EndpointMiddleware[1]
      Executed endpoint 'PhoneBook.Controllers.AccountController.Login (PhoneBook)'
info: Microsoft.AspNetCore.Session.DistributedSession[3]
      Session started; Key:09445f69-4c74-8572-0d6b-ca8391ed6b90, Id:71cde277-407c-de17-3865-b44d11295cbd
info: Microsoft.AspNetCore.Hosting.Diagnostics[2]
      Request finished HTTP/2 POST https://localhost:44364/Account/Login - 302 - - 127.4361ms
info: Microsoft.AspNetCore.Hosting.Diagnostics[1]
      Request starting HTTP/2 GET https://localhost:44364/ - - -
info: Microsoft.AspNetCore.Routing.EndpointMiddleware[0]
      Executing endpoint 'PhoneBook.Controllers.HomeController.Index (PhoneBook)'
info: Microsoft.AspNetCore.Mvc.Infrastructure.ControllerActionInvoker[102]
      Route matched with {action = "Index", controller = "Home"}. Executing controller action with signature System.Threading.Tasks.Task`1[Microsoft.AspNetCore.Mvc.IActionResult] Index() on controller PhoneBook.Controllers.HomeController (PhoneBook).
info: System.Net.Http.HttpClient.IApiService.LogicalHandler[100]
      Start processing HTTP request GET http://10.10.3.159:8683/api/Departments
info: System.Net.Http.HttpClient.IApiService.ClientHandler[100]
      Sending HTTP request GET http://10.10.3.159:8683/api/Departments
info: System.Net.Http.HttpClient.IApiService.ClientHandler[101]
      Received HTTP response headers after 3.5582ms - 200
info: System.Net.Http.HttpClient.IApiService.LogicalHandler[101]
      End processing HTTP request after 6.7428ms - 200
info: Microsoft.AspNetCore.Mvc.ViewFeatures.ViewResultExecutor[1]
      Executing ViewResult, running view Index.
info: Microsoft.AspNetCore.Hosting.Diagnostics[1]
      Request starting HTTP/2 GET https://localhost:44364/lib/bootstrap/css/bootstrap.css - - -
info: Microsoft.AspNetCore.StaticFiles.StaticFileMiddleware[6]
      The file /lib/bootstrap/css/bootstrap.css was not modified
info: Microsoft.AspNetCore.Hosting.Diagnostics[2]
      Request finished HTTP/2 GET https://localhost:44364/lib/bootstrap/css/bootstrap.css - 304 - text/css 6.2516ms
info: Microsoft.AspNetCore.Hosting.Diagnostics[1]
      Request starting HTTP/2 GET https://localhost:44364/.well-known/appspecific/com.chrome.devtools.json - - -
info: Microsoft.AspNetCore.Hosting.Diagnostics[2]
      Request finished HTTP/2 GET https://localhost:44364/.well-known/appspecific/com.chrome.devtools.json - 404 - - 2.1214ms
info: Microsoft.AspNetCore.Hosting.Diagnostics[16]
      Request reached the end of the middleware pipeline without being handled by application code. Request path: GET https://localhost:44364/.well-known/appspecific/com.chrome.devtools.json, Response status code: 404
info: Microsoft.AspNetCore.Mvc.ViewFeatures.ViewResultExecutor[4]
      Executed ViewResult - view Index executed in 146.8424ms.
info: Microsoft.AspNetCore.Mvc.Infrastructure.ControllerActionInvoker[105]
      Executed action PhoneBook.Controllers.HomeController.Index (PhoneBook) in 159.8245ms
info: Microsoft.AspNetCore.Routing.EndpointMiddleware[1]
      Executed endpoint 'PhoneBook.Controllers.HomeController.Index (PhoneBook)'
info: Microsoft.AspNetCore.Hosting.Diagnostics[2]
      Request finished HTTP/2 GET https://localhost:44364/ - 200 - text/html;+charset=utf-8 168.3582ms
info: Microsoft.AspNetCore.Hosting.Diagnostics[1]
      Request starting HTTP/2 GET https://localhost:44364/lib/jquery/jquery.min.js - - -
info: Microsoft.AspNetCore.Hosting.Diagnostics[1]
      Request starting HTTP/2 GET https://localhost:44364/lib/bootstrap/js/bootstrap.js - - -
info: Microsoft.AspNetCore.StaticFiles.StaticFileMiddleware[6]
      The file /lib/jquery/jquery.min.js was not modified
info: Microsoft.AspNetCore.StaticFiles.StaticFileMiddleware[6]
      The file /lib/bootstrap/js/bootstrap.js was not modified
info: Microsoft.AspNetCore.Hosting.Diagnostics[2]
      Request finished HTTP/2 GET https://localhost:44364/lib/jquery/jquery.min.js - 304 - text/javascript 4.5622ms
info: Microsoft.AspNetCore.Hosting.Diagnostics[2]
      Request finished HTTP/2 GET https://localhost:44364/lib/bootstrap/js/bootstrap.js - 304 - text/javascript 4.5935ms
info: Microsoft.AspNetCore.Hosting.Diagnostics[1]
      Request starting HTTP/2 GET https://localhost:44364/lib/jszip/jszip.min.js - - -
info: Microsoft.AspNetCore.Hosting.Diagnostics[1]
      Request starting HTTP/2 GET https://localhost:44364/lib/kendo/js/kendo.all.min.js - - -
info: Microsoft.AspNetCore.StaticFiles.StaticFileMiddleware[6]
      The file /lib/kendo/js/kendo.all.min.js was not modified
info: Microsoft.AspNetCore.Hosting.Diagnostics[2]
      Request finished HTTP/2 GET https://localhost:44364/lib/jszip/jszip.min.js - 404 - - 3.3121ms
info: Microsoft.AspNetCore.Hosting.Diagnostics[2]
      Request finished HTTP/2 GET https://localhost:44364/lib/kendo/js/kendo.all.min.js - 304 - text/javascript 3.5447ms
info: Microsoft.AspNetCore.Hosting.Diagnostics[16]
      Request reached the end of the middleware pipeline without being handled by application code. Request path: GET https://localhost:44364/lib/jszip/jszip.min.js, Response status code: 404
info: Microsoft.AspNetCore.Hosting.Diagnostics[1]
      Request starting HTTP/2 GET https://localhost:44364/_framework/aspnetcore-browser-refresh.js - - -
info: Microsoft.AspNetCore.Hosting.Diagnostics[2]
      Request finished HTTP/2 GET https://localhost:44364/_framework/aspnetcore-browser-refresh.js - 200 16503 application/javascript;+charset=utf-8 1.9773ms
info: Microsoft.AspNetCore.Hosting.Diagnostics[1]
      Request starting HTTP/2 GET https://localhost:44364/_vs/browserLink - - -
info: Microsoft.AspNetCore.Hosting.Diagnostics[2]
      Request finished HTTP/2 GET https://localhost:44364/_vs/browserLink - 200 - text/javascript;+charset=UTF-8 13.5273ms
info: Microsoft.AspNetCore.Hosting.Diagnostics[1]
      Request starting HTTP/2 GET https://localhost:44364/lib/bootstrap/css/bootstrap.css.map - - -
info: Microsoft.AspNetCore.StaticFiles.StaticFileMiddleware[6]
      The file /lib/bootstrap/css/bootstrap.css.map was not modified
info: Microsoft.AspNetCore.Hosting.Diagnostics[2]
      Request finished HTTP/2 GET https://localhost:44364/lib/bootstrap/css/bootstrap.css.map - 304 - text/plain 3.7020ms
info: Microsoft.AspNetCore.Hosting.Diagnostics[1]
      Request starting HTTP/2 GET https://localhost:44364/lib/bootstrap/js/bootstrap.js.map - - -
info: Microsoft.AspNetCore.StaticFiles.StaticFileMiddleware[6]
      The file /lib/bootstrap/js/bootstrap.js.map was not modified
info: Microsoft.AspNetCore.Hosting.Diagnostics[2]
      Request finished HTTP/2 GET https://localhost:44364/lib/bootstrap/js/bootstrap.js.map - 304 - text/plain 2.8442ms
info: Microsoft.AspNetCore.Hosting.Diagnostics[1]
      Request starting HTTP/2 GET https://localhost:44364/lib/kendo/js/kendo.all.min.js.map - - -
info: Microsoft.AspNetCore.Hosting.Diagnostics[2]
      Request finished HTTP/2 GET https://localhost:44364/lib/kendo/js/kendo.all.min.js.map - 404 - - 4.2992ms
info: Microsoft.AspNetCore.Hosting.Diagnostics[16]
      Request reached the end of the middleware pipeline without being handled by application code. Request path: GET https://localhost:44364/lib/kendo/js/kendo.all.min.js.map, Response status code: 404
info: Microsoft.AspNetCore.Hosting.Diagnostics[1]
      Request starting HTTP/2 GET https://localhost:44364/lib/kendo/js/kendo.aspnetmvc.min.js.map - - -
info: Microsoft.AspNetCore.Hosting.Diagnostics[2]
      Request finished HTTP/2 GET https://localhost:44364/lib/kendo/js/kendo.aspnetmvc.min.js.map - 404 - - 2.6054ms
info: Microsoft.AspNetCore.Hosting.Diagnostics[16]
      Request reached the end of the middleware pipeline without being handled by application code. Request path: GET https://localhost:44364/lib/kendo/js/kendo.aspnetmvc.min.js.map, Response status code: 404
info: Microsoft.AspNetCore.Hosting.Diagnostics[1]
      Request starting HTTP/2 GET https://localhost:44364/Home/GetDepartments - - -
info: Microsoft.AspNetCore.Routing.EndpointMiddleware[0]
      Executing endpoint 'PhoneBook.Controllers.HomeController.GetDepartments (PhoneBook)'
info: Microsoft.AspNetCore.Mvc.Infrastructure.ControllerActionInvoker[102]
      Route matched with {action = "GetDepartments", controller = "Home"}. Executing controller action with signature System.Threading.Tasks.Task`1[Microsoft.AspNetCore.Mvc.IActionResult] GetDepartments() on controller PhoneBook.Controllers.HomeController (PhoneBook).
info: System.Net.Http.HttpClient.IApiService.LogicalHandler[100]
      Start processing HTTP request GET http://10.10.3.159:8683/api/Departments
info: System.Net.Http.HttpClient.IApiService.ClientHandler[100]
      Sending HTTP request GET http://10.10.3.159:8683/api/Departments
info: System.Net.Http.HttpClient.IApiService.ClientHandler[101]
      Received HTTP response headers after 1.9944ms - 200
info: System.Net.Http.HttpClient.IApiService.LogicalHandler[101]
      End processing HTTP request after 7.3538ms - 200
info: Microsoft.AspNetCore.Mvc.Infrastructure.SystemTextJsonResultExecutor[1]
      Executing JsonResult, writing value of type 'System.Linq.Enumerable+SelectListIterator`2[[PhoneBook.Models.Department, PhoneBook, Version=1.0.0.0, Culture=neutral, PublicKeyToken=null],[<>f__AnonymousType2`5[[System.Int32, System.Private.CoreLib, Version=8.0.0.0, Culture=neutral, PublicKeyToken=7cec85d7bea7798e],[System.String, System.Private.CoreLib, Version=8.0.0.0, Culture=neutral, PublicKeyToken=7cec85d7bea7798e],[System.Int32, System.Private.CoreLib, Version=8.0.0.0, Culture=neutral, PublicKeyToken=7cec85d7bea7798e],[System.Boolean, System.Private.CoreLib, Version=8.0.0.0, Culture=neutral, PublicKeyToken=7cec85d7bea7798e],[System.Collections.Generic.List`1[[System.Object, System.Private.CoreLib, Version=8.0.0.0, Culture=neutral, PublicKeyToken=7cec85d7bea7798e]], System.Private.CoreLib, Version=8.0.0.0, Culture=neutral, PublicKeyToken=7cec85d7bea7798e]], PhoneBook, Version=1.0.0.0, Culture=neutral, PublicKeyToken=null]]'.
info: Microsoft.AspNetCore.Hosting.Diagnostics[1]
      Request starting HTTP/2 GET https://localhost:44364/Home/GetAllEmployees?sort=&group=&filter= - - -
info: Microsoft.AspNetCore.Mvc.Infrastructure.ControllerActionInvoker[105]
      Executed action PhoneBook.Controllers.HomeController.GetDepartments (PhoneBook) in 26.2735ms
info: Microsoft.AspNetCore.Routing.EndpointMiddleware[1]
      Executed endpoint 'PhoneBook.Controllers.HomeController.GetDepartments (PhoneBook)'
info: Microsoft.AspNetCore.Routing.EndpointMiddleware[0]
      Executing endpoint 'PhoneBook.Controllers.HomeController.GetAllEmployees (PhoneBook)'
info: Microsoft.AspNetCore.Hosting.Diagnostics[2]
      Request finished HTTP/2 GET https://localhost:44364/Home/GetDepartments - 200 - application/json;+charset=utf-8 39.8514ms
info: Microsoft.AspNetCore.Mvc.Infrastructure.ControllerActionInvoker[102]
      Route matched with {action = "GetAllEmployees", controller = "Home"}. Executing controller action with signature System.Threading.Tasks.Task`1[Microsoft.AspNetCore.Mvc.IActionResult] GetAllEmployees() on controller PhoneBook.Controllers.HomeController (PhoneBook).
info: System.Net.Http.HttpClient.IApiService.LogicalHandler[100]
      Start processing HTTP request GET http://10.10.3.159:8683/api/Employees
info: System.Net.Http.HttpClient.IApiService.ClientHandler[100]
      Sending HTTP request GET http://10.10.3.159:8683/api/Employees
info: System.Net.Http.HttpClient.IApiService.ClientHandler[101]
      Received HTTP response headers after 0.8543ms - 403
info: System.Net.Http.HttpClient.IApiService.LogicalHandler[101]
      End processing HTTP request after 5.286ms - 403
info: Microsoft.AspNetCore.Mvc.StatusCodeResult[1]
      Executing StatusCodeResult, setting HTTP status code 401
info: Microsoft.AspNetCore.Mvc.Infrastructure.ControllerActionInvoker[105]
      Executed action PhoneBook.Controllers.HomeController.GetAllEmployees (PhoneBook) in 46.6314ms
info: Microsoft.AspNetCore.Routing.EndpointMiddleware[1]
      Executed endpoint 'PhoneBook.Controllers.HomeController.GetAllEmployees (PhoneBook)'
info: Microsoft.AspNetCore.Hosting.Diagnostics[2]
      Request finished HTTP/2 GET https://localhost:44364/Home/GetAllEmployees?sort=&group=&filter= - 401 - - 67.1025ms
info: Microsoft.AspNetCore.Hosting.Diagnostics[1]
      Request starting HTTP/2 GET https://localhost:44364/Home/GetEmployeesByDepartment?departmentId=0 - - -
info: Microsoft.AspNetCore.Routing.EndpointMiddleware[0]
      Executing endpoint 'PhoneBook.Controllers.HomeController.GetEmployeesByDepartment (PhoneBook)'
info: Microsoft.AspNetCore.Mvc.Infrastructure.ControllerActionInvoker[102]
      Route matched with {action = "GetEmployeesByDepartment", controller = "Home"}. Executing controller action with signature System.Threading.Tasks.Task`1[Microsoft.AspNetCore.Mvc.IActionResult] GetEmployeesByDepartment(Int32) on controller PhoneBook.Controllers.HomeController (PhoneBook).
info: System.Net.Http.HttpClient.IApiService.LogicalHandler[100]
      Start processing HTTP request GET http://10.10.3.159:8683/api/Departments/0/employees
info: System.Net.Http.HttpClient.IApiService.ClientHandler[100]
      Sending HTTP request GET http://10.10.3.159:8683/api/Departments/0/employees
info: System.Net.Http.HttpClient.IApiService.ClientHandler[101]
      Received HTTP response headers after 40.9213ms - 200
info: System.Net.Http.HttpClient.IApiService.LogicalHandler[101]
      End processing HTTP request after 45.946ms - 200
info: Microsoft.AspNetCore.Mvc.Infrastructure.SystemTextJsonResultExecutor[1]
      Executing JsonResult, writing value of type 'System.Collections.Generic.List`1[[PhoneBook.Models.Employee, PhoneBook, Version=1.0.0.0, Culture=neutral, PublicKeyToken=null]]'.
info: Microsoft.AspNetCore.Hosting.Diagnostics[1]
      Request starting HTTP/2 GET https://localhost:44364/Home/GetEmployeesByDepartment?departmentId=0 - - -
info: Microsoft.AspNetCore.Routing.EndpointMiddleware[0]
      Executing endpoint 'PhoneBook.Controllers.HomeController.GetEmployeesByDepartment (PhoneBook)'
info: Microsoft.AspNetCore.Mvc.Infrastructure.ControllerActionInvoker[105]
      Executed action PhoneBook.Controllers.HomeController.GetEmployeesByDepartment (PhoneBook) in 98.8174ms
info: Microsoft.AspNetCore.Mvc.Infrastructure.ControllerActionInvoker[102]
      Route matched with {action = "GetEmployeesByDepartment", controller = "Home"}. Executing controller action with signature System.Threading.Tasks.Task`1[Microsoft.AspNetCore.Mvc.IActionResult] GetEmployeesByDepartment(Int32) on controller PhoneBook.Controllers.HomeController (PhoneBook).
info: Microsoft.AspNetCore.Routing.EndpointMiddleware[1]
      Executed endpoint 'PhoneBook.Controllers.HomeController.GetEmployeesByDepartment (PhoneBook)'
info: System.Net.Http.HttpClient.IApiService.LogicalHandler[100]
      Start processing HTTP request GET http://10.10.3.159:8683/api/Departments/0/employees
info: System.Net.Http.HttpClient.IApiService.ClientHandler[100]
      Sending HTTP request GET http://10.10.3.159:8683/api/Departments/0/employees
info: Microsoft.AspNetCore.Hosting.Diagnostics[2]
      Request finished HTTP/2 GET https://localhost:44364/Home/GetEmployeesByDepartment?departmentId=0 - 200 - application/json;+charset=utf-8 114.4595ms
info: System.Net.Http.HttpClient.IApiService.ClientHandler[101]
      Received HTTP response headers after 27.152ms - 200
info: System.Net.Http.HttpClient.IApiService.LogicalHandler[101]
      End processing HTTP request after 32.4932ms - 200
info: Microsoft.AspNetCore.Mvc.Infrastructure.SystemTextJsonResultExecutor[1]
      Executing JsonResult, writing value of type 'System.Collections.Generic.List`1[[PhoneBook.Models.Employee, PhoneBook, Version=1.0.0.0, Culture=neutral, PublicKeyToken=null]]'.
info: Microsoft.AspNetCore.Mvc.Infrastructure.ControllerActionInvoker[105]
      Executed action PhoneBook.Controllers.HomeController.GetEmployeesByDepartment (PhoneBook) in 47.1649ms
info: Microsoft.AspNetCore.Routing.EndpointMiddleware[1]
      Executed endpoint 'PhoneBook.Controllers.HomeController.GetEmployeesByDepartment (PhoneBook)'
info: Microsoft.AspNetCore.Hosting.Diagnostics[2]
      Request finished HTTP/2 GET https://localhost:44364/Home/GetEmployeesByDepartment?departmentId=0 - 200 - application/json;+charset=utf-8 89.9488ms
info: Microsoft.AspNetCore.Hosting.Diagnostics[1]
      Request starting HTTP/2 GET https://localhost:44364/Home/GetEmployeesByDepartment?departmentId=0 - - -
info: Microsoft.AspNetCore.Routing.EndpointMiddleware[0]
      Executing endpoint 'PhoneBook.Controllers.HomeController.GetEmployeesByDepartment (PhoneBook)'
info: Microsoft.AspNetCore.Mvc.Infrastructure.ControllerActionInvoker[102]
      Route matched with {action = "GetEmployeesByDepartment", controller = "Home"}. Executing controller action with signature System.Threading.Tasks.Task`1[Microsoft.AspNetCore.Mvc.IActionResult] GetEmployeesByDepartment(Int32) on controller PhoneBook.Controllers.HomeController (PhoneBook).
info: System.Net.Http.HttpClient.IApiService.LogicalHandler[100]
      Start processing HTTP request GET http://10.10.3.159:8683/api/Departments/0/employees
info: System.Net.Http.HttpClient.IApiService.ClientHandler[100]
      Sending HTTP request GET http://10.10.3.159:8683/api/Departments/0/employees
info: System.Net.Http.HttpClient.IApiService.ClientHandler[101]
      Received HTTP response headers after 21.2027ms - 200
info: System.Net.Http.HttpClient.IApiService.LogicalHandler[101]
      End processing HTTP request after 24.7357ms - 200
info: Microsoft.AspNetCore.Mvc.Infrastructure.SystemTextJsonResultExecutor[1]
      Executing JsonResult, writing value of type 'System.Collections.Generic.List`1[[PhoneBook.Models.Employee, PhoneBook, Version=1.0.0.0, Culture=neutral, PublicKeyToken=null]]'.
info: Microsoft.AspNetCore.Mvc.Infrastructure.ControllerActionInvoker[105]
      Executed action PhoneBook.Controllers.HomeController.GetEmployeesByDepartment (PhoneBook) in 32.261ms
info: Microsoft.AspNetCore.Routing.EndpointMiddleware[1]
      Executed endpoint 'PhoneBook.Controllers.HomeController.GetEmployeesByDepartment (PhoneBook)'
info: Microsoft.AspNetCore.Hosting.Diagnostics[2]
      Request finished HTTP/2 GET https://localhost:44364/Home/GetEmployeesByDepartment?departmentId=0 - 200 - application/json;+charset=utf-8 39.4803ms
info: Microsoft.AspNetCore.Hosting.Diagnostics[1]
      Request starting HTTP/2 GET https://localhost:44364/ - - -
info: Microsoft.AspNetCore.Routing.EndpointMiddleware[0]
      Executing endpoint 'PhoneBook.Controllers.HomeController.Index (PhoneBook)'
info: Microsoft.AspNetCore.Mvc.Infrastructure.ControllerActionInvoker[102]
      Route matched with {action = "Index", controller = "Home"}. Executing controller action with signature System.Threading.Tasks.Task`1[Microsoft.AspNetCore.Mvc.IActionResult] Index() on controller PhoneBook.Controllers.HomeController (PhoneBook).
info: System.Net.Http.HttpClient.IApiService.LogicalHandler[100]
      Start processing HTTP request GET http://10.10.3.159:8683/api/Departments
info: System.Net.Http.HttpClient.IApiService.ClientHandler[100]
      Sending HTTP request GET http://10.10.3.159:8683/api/Departments
info: System.Net.Http.HttpClient.IApiService.ClientHandler[101]
      Received HTTP response headers after 2.094ms - 200
info: System.Net.Http.HttpClient.IApiService.LogicalHandler[101]
      End processing HTTP request after 5.7952ms - 200
info: Microsoft.AspNetCore.Mvc.ViewFeatures.ViewResultExecutor[1]
      Executing ViewResult, running view Index.
info: Microsoft.AspNetCore.Mvc.ViewFeatures.ViewResultExecutor[4]
      Executed ViewResult - view Index executed in 6.1437ms.
info: Microsoft.AspNetCore.Mvc.Infrastructure.ControllerActionInvoker[105]
      Executed action PhoneBook.Controllers.HomeController.Index (PhoneBook) in 15.696ms
info: Microsoft.AspNetCore.Routing.EndpointMiddleware[1]
      Executed endpoint 'PhoneBook.Controllers.HomeController.Index (PhoneBook)'
info: Microsoft.AspNetCore.Hosting.Diagnostics[2]
      Request finished HTTP/2 GET https://localhost:44364/ - 200 - text/html;+charset=utf-8 25.7509ms
info: Microsoft.AspNetCore.Hosting.Diagnostics[1]
      Request starting HTTP/2 GET https://localhost:44364/lib/jszip/jszip.min.js - - -
info: Microsoft.AspNetCore.Hosting.Diagnostics[2]
      Request finished HTTP/2 GET https://localhost:44364/lib/jszip/jszip.min.js - 404 - - 2.5711ms
info: Microsoft.AspNetCore.Hosting.Diagnostics[16]
      Request reached the end of the middleware pipeline without being handled by application code. Request path: GET https://localhost:44364/lib/jszip/jszip.min.js, Response status code: 404
info: Microsoft.AspNetCore.Hosting.Diagnostics[1]
      Request starting HTTP/2 GET https://localhost:44364/_framework/aspnetcore-browser-refresh.js - - -
info: Microsoft.AspNetCore.Hosting.Diagnostics[2]
      Request finished HTTP/2 GET https://localhost:44364/_framework/aspnetcore-browser-refresh.js - 200 16503 application/javascript;+charset=utf-8 1.9916ms
info: Microsoft.AspNetCore.Hosting.Diagnostics[1]
      Request starting HTTP/2 GET https://localhost:44364/_vs/browserLink - - -
info: Microsoft.AspNetCore.Hosting.Diagnostics[2]
      Request finished HTTP/2 GET https://localhost:44364/_vs/browserLink - 200 - text/javascript;+charset=UTF-8 11.3448ms
info: Microsoft.AspNetCore.Hosting.Diagnostics[1]
      Request starting HTTP/2 GET https://localhost:44364/Home/GetDepartments - - -
info: Microsoft.AspNetCore.Routing.EndpointMiddleware[0]
      Executing endpoint 'PhoneBook.Controllers.HomeController.GetDepartments (PhoneBook)'
info: Microsoft.AspNetCore.Mvc.Infrastructure.ControllerActionInvoker[102]
      Route matched with {action = "GetDepartments", controller = "Home"}. Executing controller action with signature System.Threading.Tasks.Task`1[Microsoft.AspNetCore.Mvc.IActionResult] GetDepartments() on controller PhoneBook.Controllers.HomeController (PhoneBook).
info: System.Net.Http.HttpClient.IApiService.LogicalHandler[100]
      Start processing HTTP request GET http://10.10.3.159:8683/api/Departments
info: System.Net.Http.HttpClient.IApiService.ClientHandler[100]
      Sending HTTP request GET http://10.10.3.159:8683/api/Departments
info: System.Net.Http.HttpClient.IApiService.ClientHandler[101]
      Received HTTP response headers after 2.085ms - 200
info: System.Net.Http.HttpClient.IApiService.LogicalHandler[101]
      End processing HTTP request after 6.9135ms - 200
info: Microsoft.AspNetCore.Mvc.Infrastructure.SystemTextJsonResultExecutor[1]
      Executing JsonResult, writing value of type 'System.Linq.Enumerable+SelectListIterator`2[[PhoneBook.Models.Department, PhoneBook, Version=1.0.0.0, Culture=neutral, PublicKeyToken=null],[<>f__AnonymousType2`5[[System.Int32, System.Private.CoreLib, Version=8.0.0.0, Culture=neutral, PublicKeyToken=7cec85d7bea7798e],[System.String, System.Private.CoreLib, Version=8.0.0.0, Culture=neutral, PublicKeyToken=7cec85d7bea7798e],[System.Int32, System.Private.CoreLib, Version=8.0.0.0, Culture=neutral, PublicKeyToken=7cec85d7bea7798e],[System.Boolean, System.Private.CoreLib, Version=8.0.0.0, Culture=neutral, PublicKeyToken=7cec85d7bea7798e],[System.Collections.Generic.List`1[[System.Object, System.Private.CoreLib, Version=8.0.0.0, Culture=neutral, PublicKeyToken=7cec85d7bea7798e]], System.Private.CoreLib, Version=8.0.0.0, Culture=neutral, PublicKeyToken=7cec85d7bea7798e]], PhoneBook, Version=1.0.0.0, Culture=neutral, PublicKeyToken=null]]'.
info: Microsoft.AspNetCore.Hosting.Diagnostics[1]
      Request starting HTTP/2 GET https://localhost:44364/Home/GetAllEmployees?sort=&group=&filter= - - -
info: Microsoft.AspNetCore.Mvc.Infrastructure.ControllerActionInvoker[105]
      Executed action PhoneBook.Controllers.HomeController.GetDepartments (PhoneBook) in 14.2159ms
info: Microsoft.AspNetCore.Routing.EndpointMiddleware[0]
      Executing endpoint 'PhoneBook.Controllers.HomeController.GetAllEmployees (PhoneBook)'
info: Microsoft.AspNetCore.Routing.EndpointMiddleware[1]
      Executed endpoint 'PhoneBook.Controllers.HomeController.GetDepartments (PhoneBook)'
info: Microsoft.AspNetCore.Mvc.Infrastructure.ControllerActionInvoker[102]
      Route matched with {action = "GetAllEmployees", controller = "Home"}. Executing controller action with signature System.Threading.Tasks.Task`1[Microsoft.AspNetCore.Mvc.IActionResult] GetAllEmployees() on controller PhoneBook.Controllers.HomeController (PhoneBook).
info: Microsoft.AspNetCore.Hosting.Diagnostics[2]
      Request finished HTTP/2 GET https://localhost:44364/Home/GetDepartments - 200 - application/json;+charset=utf-8 28.4634ms
info: System.Net.Http.HttpClient.IApiService.LogicalHandler[100]
      Start processing HTTP request GET http://10.10.3.159:8683/api/Employees
info: System.Net.Http.HttpClient.IApiService.ClientHandler[100]
      Sending HTTP request GET http://10.10.3.159:8683/api/Employees
info: System.Net.Http.HttpClient.IApiService.ClientHandler[101]
      Received HTTP response headers after 1.1481ms - 403
info: System.Net.Http.HttpClient.IApiService.LogicalHandler[101]
      End processing HTTP request after 6.7776ms - 403
info: Microsoft.AspNetCore.Mvc.StatusCodeResult[1]
      Executing StatusCodeResult, setting HTTP status code 401
info: Microsoft.AspNetCore.Mvc.Infrastructure.ControllerActionInvoker[105]
      Executed action PhoneBook.Controllers.HomeController.GetAllEmployees (PhoneBook) in 36.7842ms
info: Microsoft.AspNetCore.Routing.EndpointMiddleware[1]
      Executed endpoint 'PhoneBook.Controllers.HomeController.GetAllEmployees (PhoneBook)'
info: Microsoft.AspNetCore.Hosting.Diagnostics[2]
      Request finished HTTP/2 GET https://localhost:44364/Home/GetAllEmployees?sort=&group=&filter= - 401 - - 50.2092ms
info: Microsoft.AspNetCore.Hosting.Diagnostics[1]
      Request starting HTTP/2 GET https://localhost:44364/Home/GetEmployeesByDepartment?departmentId=0 - - -
info: Microsoft.AspNetCore.Routing.EndpointMiddleware[0]
      Executing endpoint 'PhoneBook.Controllers.HomeController.GetEmployeesByDepartment (PhoneBook)'
info: Microsoft.AspNetCore.Mvc.Infrastructure.ControllerActionInvoker[102]
      Route matched with {action = "GetEmployeesByDepartment", controller = "Home"}. Executing controller action with signature System.Threading.Tasks.Task`1[Microsoft.AspNetCore.Mvc.IActionResult] GetEmployeesByDepartment(Int32) on controller PhoneBook.Controllers.HomeController (PhoneBook).
info: System.Net.Http.HttpClient.IApiService.LogicalHandler[100]
      Start processing HTTP request GET http://10.10.3.159:8683/api/Departments/0/employees
info: System.Net.Http.HttpClient.IApiService.ClientHandler[100]
      Sending HTTP request GET http://10.10.3.159:8683/api/Departments/0/employees
info: System.Net.Http.HttpClient.IApiService.ClientHandler[101]
      Received HTTP response headers after 26.3928ms - 200
info: System.Net.Http.HttpClient.IApiService.LogicalHandler[101]
      End processing HTTP request after 31.3433ms - 200
info: Microsoft.AspNetCore.Mvc.Infrastructure.SystemTextJsonResultExecutor[1]
      Executing JsonResult, writing value of type 'System.Collections.Generic.List`1[[PhoneBook.Models.Employee, PhoneBook, Version=1.0.0.0, Culture=neutral, PublicKeyToken=null]]'.
info: Microsoft.AspNetCore.Mvc.Infrastructure.ControllerActionInvoker[105]
      Executed action PhoneBook.Controllers.HomeController.GetEmployeesByDepartment (PhoneBook) in 37.1726ms
info: Microsoft.AspNetCore.Routing.EndpointMiddleware[1]
      Executed endpoint 'PhoneBook.Controllers.HomeController.GetEmployeesByDepartment (PhoneBook)'
info: Microsoft.AspNetCore.Hosting.Diagnostics[1]
      Request starting HTTP/2 GET https://localhost:44364/Home/GetEmployeesByDepartment?departmentId=0 - - -
info: Microsoft.AspNetCore.Hosting.Diagnostics[2]
      Request finished HTTP/2 GET https://localhost:44364/Home/GetEmployeesByDepartment?departmentId=0 - 200 - application/json;+charset=utf-8 47.6649ms
info: Microsoft.AspNetCore.Routing.EndpointMiddleware[0]
      Executing endpoint 'PhoneBook.Controllers.HomeController.GetEmployeesByDepartment (PhoneBook)'
info: Microsoft.AspNetCore.Mvc.Infrastructure.ControllerActionInvoker[102]
      Route matched with {action = "GetEmployeesByDepartment", controller = "Home"}. Executing controller action with signature System.Threading.Tasks.Task`1[Microsoft.AspNetCore.Mvc.IActionResult] GetEmployeesByDepartment(Int32) on controller PhoneBook.Controllers.HomeController (PhoneBook).
info: System.Net.Http.HttpClient.IApiService.LogicalHandler[100]
      Start processing HTTP request GET http://10.10.3.159:8683/api/Departments/0/employees
info: System.Net.Http.HttpClient.IApiService.ClientHandler[100]
      Sending HTTP request GET http://10.10.3.159:8683/api/Departments/0/employees
info: System.Net.Http.HttpClient.IApiService.ClientHandler[101]
      Received HTTP response headers after 26.4187ms - 200
info: System.Net.Http.HttpClient.IApiService.LogicalHandler[101]
      End processing HTTP request after 31.447ms - 200
info: Microsoft.AspNetCore.Mvc.Infrastructure.SystemTextJsonResultExecutor[1]
      Executing JsonResult, writing value of type 'System.Collections.Generic.List`1[[PhoneBook.Models.Employee, PhoneBook, Version=1.0.0.0, Culture=neutral, PublicKeyToken=null]]'.
info: Microsoft.AspNetCore.Mvc.Infrastructure.ControllerActionInvoker[105]
      Executed action PhoneBook.Controllers.HomeController.GetEmployeesByDepartment (PhoneBook) in 37.2079ms
info: Microsoft.AspNetCore.Routing.EndpointMiddleware[1]
      Executed 