info: Microsoft.AspNetCore.DataProtection.KeyManagement.XmlKeyManager[63]
      User profile is available. Using 'C:\Users\Admin\AppData\Local\ASP.NET\DataProtection-Keys' as key repository and Windows DPAPI to encrypt keys at rest.
info: Microsoft.Hosting.Lifetime[0]
      Application started. Press Ctrl+C to shut down.
info: Microsoft.Hosting.Lifetime[0]
      Hosting environment: Development
info: Microsoft.Hosting.Lifetime[0]
      Content root path: C:\Users\Admin\Documents\GitHub\PhoneBookV2\PhoneBook\PhoneBook
info: Microsoft.AspNetCore.Hosting.Diagnostics[1]
      Request starting HTTP/2 GET https://localhost:44364/ - - -
info: Microsoft.AspNetCore.Routing.EndpointMiddleware[0]
      Executing endpoint 'PhoneBook.Controllers.HomeController.Index (PhoneBook)'
info: Microsoft.AspNetCore.Mvc.Infrastructure.ControllerActionInvoker[102]
      Route matched with {action = "Index", controller = "Home"}. Executing controller action with signature System.Threading.Tasks.Task`1[Microsoft.AspNetCore.Mvc.IActionResult] Index() on controller PhoneBook.Controllers.HomeController (PhoneBook).
info: Microsoft.AspNetCore.Session.DistributedSession[2]
      Accessing expired session, Key:0b7b17f4-13dc-1fdd-963a-81a76f4dcb6d
info: System.Net.Http.HttpClient.IApiService.LogicalHandler[100]
      Start processing HTTP request GET http://10.10.3.159:8683/api/Departments
info: System.Net.Http.HttpClient.IApiService.ClientHandler[100]
      Sending HTTP request GET http://10.10.3.159:8683/api/Departments
info: System.Net.Http.HttpClient.IApiService.ClientHandler[101]
      Received HTTP response headers after 22.2555ms - 200
info: System.Net.Http.HttpClient.IApiService.LogicalHandler[101]
      End processing HTTP request after 34.2879ms - 200
info: Microsoft.AspNetCore.Mvc.ViewFeatures.ViewResultExecutor[1]
      Executing ViewResult, running view Index.
info: Microsoft.AspNetCore.Mvc.ViewFeatures.ViewResultExecutor[4]
      Executed ViewResult - view Index executed in 191.5614ms.
info: Microsoft.AspNetCore.Mvc.Infrastructure.ControllerActionInvoker[105]
      Executed action PhoneBook.Controllers.HomeController.Index (PhoneBook) in 286.0814ms
info: Microsoft.AspNetCore.Routing.EndpointMiddleware[1]
      Executed endpoint 'PhoneBook.Controllers.HomeController.Index (PhoneBook)'
info: Microsoft.AspNetCore.Session.DistributedSession[3]
      Session started; Key:0b7b17f4-13dc-1fdd-963a-81a76f4dcb6d, Id:8b377f64-c2a6-1343-e008-eb294d6777b9
info: Microsoft.AspNetCore.Hosting.Diagnostics[1]
      Request starting HTTP/2 GET https://localhost:44364/_framework/aspnetcore-browser-refresh.js - - -
info: Microsoft.AspNetCore.Hosting.Diagnostics[1]
      Request starting HTTP/2 GET https://localhost:44364/_vs/browserLink - - -
info: Microsoft.AspNetCore.Hosting.Diagnostics[2]
      Request finished HTTP/2 GET https://localhost:44364/ - 200 - text/html;+charset=utf-8 437.4666ms
info: Microsoft.AspNetCore.Hosting.Diagnostics[2]
      Request finished HTTP/2 GET https://localhost:44364/_framework/aspnetcore-browser-refresh.js - 200 16503 application/javascript;+charset=utf-8 9.8653ms
info: Microsoft.AspNetCore.Hosting.Diagnostics[2]
      Request finished HTTP/2 GET https://localhost:44364/_vs/browserLink - 200 - text/javascript;+charset=UTF-8 35.5843ms
info: Microsoft.AspNetCore.Hosting.Diagnostics[1]
      Request starting HTTP/2 GET https://localhost:44364/Home/GetDepartments - - -
info: Microsoft.AspNetCore.Routing.EndpointMiddleware[0]
      Executing endpoint 'PhoneBook.Controllers.HomeController.GetDepartments (PhoneBook)'
info: Microsoft.AspNetCore.Mvc.Infrastructure.ControllerActionInvoker[102]
      Route matched with {action = "GetDepartments", controller = "Home"}. Executing controller action with signature System.Threading.Tasks.Task`1[Microsoft.AspNetCore.Mvc.IActionResult] GetDepartments() on controller PhoneBook.Controllers.HomeController (PhoneBook).
info: Microsoft.AspNetCore.Hosting.Diagnostics[1]
      Request starting HTTP/2 GET https://localhost:44364/Home/GetAllEmployees?sort=&group=&filter= - - -
info: System.Net.Http.HttpClient.IApiService.LogicalHandler[100]
      Start processing HTTP request GET http://10.10.3.159:8683/api/Departments
info: System.Net.Http.HttpClient.IApiService.ClientHandler[100]
      Sending HTTP request GET http://10.10.3.159:8683/api/Departments
info: System.Net.Http.HttpClient.IApiService.ClientHandler[101]
      Received HTTP response headers after 3.5501ms - 200
info: System.Net.Http.HttpClient.IApiService.LogicalHandler[101]
      End processing HTTP request after 9.2713ms - 200
info: Microsoft.AspNetCore.Routing.EndpointMiddleware[0]
      Executing endpoint 'PhoneBook.Controllers.HomeController.GetAllEmployees (PhoneBook)'
info: Microsoft.AspNetCore.Mvc.Infrastructure.SystemTextJsonResultExecutor[1]
      Executing JsonResult, writing value of type 'System.Linq.Enumerable+SelectListIterator`2[[PhoneBook.Models.Department, PhoneBook, Version=1.0.0.0, Culture=neutral, PublicKeyToken=null],[<>f__AnonymousType2`5[[System.Int32, System.Private.CoreLib, Version=8.0.0.0, Culture=neutral, PublicKeyToken=7cec85d7bea7798e],[System.String, System.Private.CoreLib, Version=8.0.0.0, Culture=neutral, PublicKeyToken=7cec85d7bea7798e],[System.Int32, System.Private.CoreLib, Version=8.0.0.0, Culture=neutral, PublicKeyToken=7cec85d7bea7798e],[System.Boolean, System.Private.CoreLib, Version=8.0.0.0, Culture=neutral, PublicKeyToken=7cec85d7bea7798e],[System.Collections.Generic.List`1[[System.Object, System.Private.CoreLib, Version=8.0.0.0, Culture=neutral, PublicKeyToken=7cec85d7bea7798e]], System.Private.CoreLib, Version=8.0.0.0, Culture=neutral, PublicKeyToken=7cec85d7bea7798e]], PhoneBook, Version=1.0.0.0, Culture=neutral, PublicKeyToken=null]]'.
info: Microsoft.AspNetCore.Mvc.Infrastructure.ControllerActionInvoker[102]
      Route matched with {action = "GetAllEmployees", controller = "Home"}. Executing controller action with signature System.Threading.Tasks.Task`1[Microsoft.AspNetCore.Mvc.IActionResult] GetAllEmployees() on controller PhoneBook.Controllers.HomeController (PhoneBook).
info: System.Net.Http.HttpClient.IApiService.LogicalHandler[100]
      Start processing HTTP request GET http://10.10.3.159:8683/api/Employees
info: System.Net.Http.HttpClient.IApiService.ClientHandler[100]
      Sending HTTP request GET http://10.10.3.159:8683/api/Employees
info: Microsoft.AspNetCore.Mvc.Infrastructure.ControllerActionInvoker[105]
      Executed action PhoneBook.Controllers.HomeController.GetDepartments (PhoneBook) in 52.9762ms
info: Microsoft.AspNetCore.Routing.EndpointMiddleware[1]
      Executed endpoint 'PhoneBook.Controllers.HomeController.GetDepartments (PhoneBook)'
info: Microsoft.AspNetCore.Hosting.Diagnostics[2]
      Request finished HTTP/2 GET https://localhost:44364/Home/GetDepartments - 200 - application/json;+charset=utf-8 73.8567ms
info: System.Net.Http.HttpClient.IApiService.ClientHandler[101]
      Received HTTP response headers after 48.9498ms - 200
info: System.Net.Http.HttpClient.IApiService.LogicalHandler[101]
      End processing HTTP request after 54.4294ms - 200
info: Microsoft.AspNetCore.Mvc.Infrastructure.SystemTextJsonResultExecutor[1]
      Executing JsonResult, writing value of type 'System.Collections.Generic.List`1[[PhoneBook.Models.Employee, PhoneBook, Version=1.0.0.0, Culture=neutral, PublicKeyToken=null]]'.
info: Microsoft.AspNetCore.Mvc.Infrastructure.ControllerActionInvoker[105]
      Executed action PhoneBook.Controllers.HomeController.GetAllEmployees (PhoneBook) in 74.7889ms
info: Microsoft.AspNetCore.Routing.EndpointMiddleware[1]
      Executed endpoint 'PhoneBook.Controllers.HomeController.GetAllEmployees (PhoneBook)'
info: Microsoft.AspNetCore.Hosting.Diagnostics[2]
      Request finished HTTP/2 GET https://localhost:44364/Home/GetAllEmployees?sort=&group=&filter= - 200 - application/json;+charset=utf-8 110.2055ms
info: Microsoft.AspNetCore.Hosting.Diagnostics[1]
      Request starting HTTP/2 GET https://localhost:44364/Home/GetAllEmployees?sort=&group=&filter= - - -
info: Microsoft.AspNetCore.Hosting.Diagnostics[1]
      Request starting HTTP/2 GET https://localhost:44364/Home/GetEmployeesByDepartment?departmentId=0 - application/json -
info: Microsoft.AspNetCore.Routing.EndpointMiddleware[0]
      Executing endpoint 'PhoneBook.Controllers.HomeController.GetEmployeesByDepartment (PhoneBook)'
info: Microsoft.AspNetCore.Routing.EndpointMiddleware[0]
      Executing endpoint 'PhoneBook.Controllers.HomeController.GetAllEmployees (PhoneBook)'
info: Microsoft.AspNetCore.Mvc.Infrastructure.ControllerActionInvoker[102]
      Route matched with {action = "GetAllEmployees", controller = "Home"}. Executing controller action with signature System.Threading.Tasks.Task`1[Microsoft.AspNetCore.Mvc.IActionResult] GetAllEmployees() on controller PhoneBook.Controllers.HomeController (PhoneBook).
info: System.Net.Http.HttpClient.IApiService.LogicalHandler[100]
      Start processing HTTP request GET http://10.10.3.159:8683/api/Employees
info: System.Net.Http.HttpClient.IApiService.ClientHandler[100]
      Sending HTTP request GET http://10.10.3.159:8683/api/Employees
info: Microsoft.AspNetCore.Mvc.Infrastructure.ControllerActionInvoker[102]
      Route matched with {action = "GetEmployeesByDepartment", controller = "Home"}. Executing controller action with signature System.Threading.Tasks.Task`1[Microsoft.AspNetCore.Mvc.IActionResult] GetEmployeesByDepartment(Int32) on controller PhoneBook.Controllers.HomeController (PhoneBook).
info: System.Net.Http.HttpClient.IApiService.ClientHandler[101]
      Received HTTP response headers after 10.4012ms - 200
info: System.Net.Http.HttpClient.IApiService.LogicalHandler[101]
      End processing HTTP request after 15.3945ms - 200
info: System.Net.Http.HttpClient.IApiService.LogicalHandler[100]
      Start processing HTTP request GET http://10.10.3.159:8683/api/Departments/0/employees
info: System.Net.Http.HttpClient.IApiService.ClientHandler[100]
      Sending HTTP request GET http://10.10.3.159:8683/api/Departments/0/employees
info: Microsoft.AspNetCore.Mvc.Infrastructure.SystemTextJsonResultExecutor[1]
      Executing JsonResult, writing value of type 'System.Collections.Generic.List`1[[PhoneBook.Models.Employee, PhoneBook, Version=1.0.0.0, Culture=neutral, PublicKeyToken=null]]'.
info: Microsoft.AspNetCore.Mvc.Infrastructure.ControllerActionInvoker[105]
      Executed action PhoneBook.Controllers.HomeController.GetAllEmployees (PhoneBook) in 34.4499ms
info: Microsoft.AspNetCore.Routing.EndpointMiddleware[1]
      Executed endpoint 'PhoneBook.Controllers.HomeController.GetAllEmployees (PhoneBook)'
info: Microsoft.AspNetCore.Hosting.Diagnostics[2]
      Request finished HTTP/2 GET https://localhost:44364/Home/GetAllEmployees?sort=&group=&filter= - 200 - application/json;+charset=utf-8 46.5049ms
info: Microsoft.AspNetCore.Hosting.Diagnostics[1]
      Request starting HTTP/2 GET https://localhost:44364/Home/GetAllEmployees?sort=&group=&filter= - - -
info: Microsoft.AspNetCore.Routing.EndpointMiddleware[0]
      Executing endpoint 'PhoneBook.Controllers.HomeController.GetAllEmployees (PhoneBook)'
info: Microsoft.AspNetCore.Mvc.Infrastructure.ControllerActionInvoker[102]
      Route matched with {action = "GetAllEmployees", controller = "Home"}. Executing controller action with signature System.Threading.Tasks.Task`1[Microsoft.AspNetCore.Mvc.IActionResult] GetAllEmployees() on controller PhoneBook.Controllers.HomeController (PhoneBook).
info: System.Net.Http.HttpClient.IApiService.LogicalHandler[100]
      Start processing HTTP request GET http://10.10.3.159:8683/api/Employees
info: System.Net.Http.HttpClient.IApiService.ClientHandler[100]
      Sending HTTP request GET http://10.10.3.159:8683/api/Employees
info: System.Net.Http.HttpClient.IApiService.ClientHandler[101]
      Received HTTP response headers after 34.6212ms - 200
info: System.Net.Http.HttpClient.IApiService.LogicalHandler[101]
      End processing HTTP request after 40.147ms - 200
info: Microsoft.AspNetCore.Mvc.Infrastructure.SystemTextJsonResultExecutor[1]
      Executing JsonResult, writing value of type 'System.Collections.Generic.List`1[[PhoneBook.Models.Employee, PhoneBook, Version=1.0.0.0, Culture=neutral, PublicKeyToken=null]]'.
info: System.Net.Http.HttpClient.IApiService.ClientHandler[101]
      Received HTTP response headers after 18.997ms - 200
info: System.Net.Http.HttpClient.IApiService.LogicalHandler[101]
      End processing HTTP request after 58.1837ms - 200
info: Microsoft.AspNetCore.Hosting.Diagnostics[1]
      Request starting HTTP/2 GET https://localhost:44364/Home/GetEmployeesByDepartment?departmentId=0 - application/json -
info: Microsoft.AspNetCore.Routing.EndpointMiddleware[0]
      Executing endpoint 'PhoneBook.Controllers.HomeController.GetEmployeesByDepartment (PhoneBook)'
info: Microsoft.AspNetCore.Mvc.Infrastructure.ControllerActionInvoker[102]
      Route matched with {action = "GetEmployeesByDepartment", controller = "Home"}. Executing controller action with signature System.Threading.Tasks.Task`1[Microsoft.AspNetCore.Mvc.IActionResult] GetEmployeesByDepartment(Int32) on controller PhoneBook.Controllers.HomeController (PhoneBook).
info: Microsoft.AspNetCore.Mvc.Infrastructure.ControllerActionInvoker[105]
      Executed action PhoneBook.Controllers.HomeController.GetEmployeesByDepartment (PhoneBook) in 101.1473ms
info: Microsoft.AspNetCore.Routing.EndpointMiddleware[1]
      Executed endpoint 'PhoneBook.Controllers.HomeController.GetEmployeesByDepartment (PhoneBook)'
info: System.Net.Http.HttpClient.IApiService.LogicalHandler[100]
      Start processing HTTP request GET http://10.10.3.159:8683/api/Departments/0/employees
info: System.Net.Http.HttpClient.IApiService.ClientHandler[100]
      Sending HTTP request GET http://10.10.3.159:8683/api/Departments/0/employees
info: Microsoft.AspNetCore.Hosting.Diagnostics[2]
      Request finished HTTP/2 GET https://localhost:44364/Home/GetEmployeesByDepartment?departmentId=0 - 200 - application/json;+charset=utf-8 130.5184ms
info: Microsoft.AspNetCore.Mvc.Infrastructure.SystemTextJsonResultExecutor[1]
      Executing JsonResult, writing value of type 'System.Collections.Generic.List`1[[PhoneBook.Models.Employee, PhoneBook, Version=1.0.0.0, Culture=neutral, PublicKeyToken=null]]'.
info: Microsoft.AspNetCore.Mvc.Infrastructure.ControllerActionInvoker[105]
      Executed action PhoneBook.Controllers.HomeController.GetAllEmployees (PhoneBook) in 88.9947ms
info: Microsoft.AspNetCore.Routing.EndpointMiddleware[1]
      Executed endpoint 'PhoneBook.Controllers.HomeController.GetAllEmployees (PhoneBook)'
info: Microsoft.AspNetCore.Hosting.Diagnostics[2]
      Request finished HTTP/2 GET https://localhost:44364/Home/GetAllEmployees?sort=&group=&filter= - 200 - application/json;+charset=utf-8 98.6581ms
info: System.Net.Http.HttpClient.IApiService.ClientHandler[101]
      Received HTTP response headers after 29.0528ms - 200
info: System.Net.Http.HttpClient.IApiService.LogicalHandler[101]
      End processing HTTP request after 37.6664ms - 200
info: Microsoft.AspNetCore.Mvc.Infrastructure.SystemTextJsonResultExecutor[1]
      Executing JsonResult, writing value of type 'System.Collections.Generic.List`1[[PhoneBook.Models.Employee, PhoneBook, Version=1.0.0.0, Culture=neutral, PublicKeyToken=null]]'.
info: Microsoft.AspNetCore.Mvc.Infrastructure.ControllerActionInvoker[105]
      Executed action PhoneBook.Controllers.HomeController.GetEmployeesByDepartment (PhoneBook) in 59.8471ms
info: Microsoft.AspNetCore.Routing.EndpointMiddleware[1]
      Executed endpoint 'PhoneBook.Controllers.HomeController.GetEmployeesByDepartment (PhoneBook)'
info: Microsoft.AspNetCore.Hosting.Diagnostics[2]
      Request finished HTTP/2 GET https://localhost:44364/Home/GetEmployeesByDepartment?departmentId=0 - 200 - application/json;+charset=utf-8 71.0182ms
info: Microsoft.AspNetCore.Hosting.Diagnostics[1]
      Request starting HTTP/2 GET https://localhost:44364/Home/GetEmployeesByDepartment?departmentId=0 - application/json -
info: Microsoft.AspNetCore.Routing.EndpointMiddleware[0]
      Executing endpoint 'PhoneBook.Controllers.HomeController.GetEmployeesByDepartment (PhoneBook)'
info: Microsoft.AspNetCore.Mvc.Infrastructure.ControllerActionInvoker[102]
      Route matched with {action = "GetEmployeesByDepartment", controller = "Home"}. Executing controller action with signature System.Threading.Tasks.Task`1[Microsoft.AspNetCore.Mvc.IActionResult] GetEmployeesByDepartment(Int32) on controller PhoneBook.Controllers.HomeController (PhoneBook).
info: System.Net.Http.HttpClient.IApiService.LogicalHandler[100]
      Start processing HTTP request GET http://10.10.3.159:8683/api/Departments/0/employees
info: System.Net.Http.HttpClient.IApiService.ClientHandler[100]
      Sending HTTP request GET http://10.10.3.159:8683/api/Departments/0/employees
info: System.Net.Http.HttpClient.IApiService.ClientHandler[101]
      Received HTTP response headers after 25.423ms - 200
info: System.Net.Http.HttpClient.IApiService.LogicalHandler[101]
      End processing HTTP request after 31.1407ms - 200
info: Microsoft.AspNetCore.Mvc.Infrastructure.SystemTextJsonResultExecutor[1]
      Executing JsonResult, writing value of type 'System.Collections.Generic.List`1[[PhoneBook.Models.Employee, PhoneBook, Version=1.0.0.0, Culture=neutral, PublicKeyToken=null]]'.
info: Microsoft.AspNetCore.Mvc.Infrastructure.ControllerActionInvoker[105]
      Executed action PhoneBook.Controllers.HomeController.GetEmployeesByDepartment (PhoneBook) in 44.7689ms
info: Microsoft.AspNetCore.Routing.EndpointMiddleware[1]
      Executed endpoint 'PhoneBook.Controllers.HomeController.GetEmployeesByDepartment (PhoneBook)'
info: Microsoft.AspNetCore.Hosting.Diagnostics[2]
      Request finished HTTP/2 GET https://localhost:44364/Home/GetEmployeesByDepartment?departmentId=0 - 200 - application/json;+charset=utf-8 55.5278ms
info: Microsoft.AspNetCore.Hosting.Diagnostics[1]
      Request starting HTTP/2 POST https://localhost:44364/Account/Logout - application/x-www-form-urlencoded 225
info: Microsoft.AspNetCore.Routing.EndpointMiddleware[0]
      Executing endpoint 'PhoneBook.Controllers.AccountController.Logout (PhoneBook)'
info: Microsoft.AspNetCore.Mvc.Infrastructure.ControllerActionInvoker[102]
      Route matched with {action = "Logout", controller = "Account"}. Executing controller action with signature System.Threading.Tasks.Task`1[Microsoft.AspNetCore.Mvc.IActionResult] Logout() on controller PhoneBook.Controllers.AccountController (PhoneBook).
info: Microsoft.AspNetCore.Authentication.Cookies.CookieAuthenticationHandler[11]
      AuthenticationScheme: Cookies signed out.
info: Microsoft.AspNetCore.Mvc.RedirectToActionResult[1]
      Executing RedirectResult, redirecting to /Account/Login.
info: Microsoft.AspNetCore.Mvc.Infrastructure.ControllerActionInvoker[105]
      Executed action PhoneBook.Controllers.AccountController.Logout (PhoneBook) in 17.2866ms
info: Microsoft.AspNetCore.Routing.EndpointMiddleware[1]
      Executed endpoint 'PhoneBook.Controllers.AccountController.Logout (PhoneBook)'
info: Microsoft.AspNetCore.Hosting.Diagnostics[2]
      Request finished HTTP/2 POST https://localhost:44364/Account/Logout - 302 - - 33.9323ms
info: Microsoft.AspNetCore.Hosting.Diagnostics[1]
      Request starting HTTP/2 GET https://localhost:44364/Account/Login - - -
info: Microsoft.AspNetCore.Routing.EndpointMiddleware[0]
      Executing endpoint 'PhoneBook.Controllers.AccountController.Login (PhoneBook)'
info: Microsoft.AspNetCore.Mvc.Infrastructure.ControllerActionInvoker[102]
      Route matched with {action = "Login", controller = "Account"}. Executing controller action with signature Microsoft.AspNetCore.Mvc.IActionResult Login(System.String) on controller PhoneBook.Controllers.AccountController (PhoneBook).
info: Microsoft.AspNetCore.Mvc.ViewFeatures.ViewResultExecutor[1]
      Executing ViewResult, running view Login.
info: Microsoft.AspNetCore.Mvc.ViewFeatures.ViewResultExecutor[4]
      Executed ViewResult - view Login executed in 24.2641ms.
info: Microsoft.AspNetCore.Mvc.Infrastructure.ControllerActionInvoker[105]
      Executed action PhoneBook.Controllers.AccountController.Login (PhoneBook) in 26.838ms
info: Microsoft.AspNetCore.Routing.EndpointMiddleware[1]
      Executed endpoint 'PhoneBook.Controllers.AccountController.Login (PhoneBook)'
info: Microsoft.AspNetCore.Hosting.Diagnostics[2]
      Request finished HTTP/2 GET https://localhost:44364/Account/Login - 200 - text/html;+charset=utf-8 39.7490ms
info: Microsoft.AspNetCore.Hosting.Diagnostics[1]
      Request starting HTTP/2 GET https://localhost:44364/_vs/browserLink - - -
info: Microsoft.AspNetCore.Hosting.Diagnostics[1]
      Request starting HTTP/2 GET https://localhost:44364/_framework/aspnetcore-browser-refresh.js - - -
info: Microsoft.AspNetCore.Hosting.Diagnostics[2]
      Request finished HTTP/2 GET https://localhost:44364/_framework/aspnetcore-browser-refresh.js - 200 16503 application/javascript;+charset=utf-8 6.1687ms
info: Microsoft.AspNetCore.Hosting.Diagnostics[2]
      Request finished HTTP/2 GET https://localhost:44364/_vs/browserLink - 200 - text/javascript;+charset=UTF-8 17.7248ms
info: Microsoft.AspNetCore.Hosting.Diagnostics[1]
      Request starting HTTP/2 POST https://localhost:44364/Account/Login - application/x-www-form-urlencoded 245
info: Microsoft.AspNetCore.Routing.EndpointMiddleware[0]
      Executing endpoint 'PhoneBook.Controllers.AccountController.Login (PhoneBook)'
info: Microsoft.AspNetCore.Mvc.Infrastructure.ControllerActionInvoker[102]
      Route matched with {action = "Login", controller = "Account"}. Executing controller action with signature System.Threading.Tasks.Task`1[Microsoft.AspNetCore.Mvc.IActionResult] Login(PhoneBook.Models.LoginViewModel, System.String) on controller PhoneBook.Controllers.AccountController (PhoneBook).
info: System.Net.Http.HttpClient.IApiService.LogicalHandler[100]
      Start processing HTTP request POST http://10.10.3.159:8683/api/Auth/login
info: System.Net.Http.HttpClient.IApiService.ClientHandler[100]
      Sending HTTP request POST http://10.10.3.159:8683/api/Auth/login
info: System.Net.Http.HttpClient.IApiService.ClientHandler[101]
      Received HTTP response headers after 4.2275ms - 200
info: System.Net.Http.HttpClient.IApiService.LogicalHandler[101]
      End processing HTTP request after 10.5337ms - 200
info: System.Net.Http.HttpClient.IApiService.LogicalHandler[100]
      Start processing HTTP request POST http://10.10.3.159:8683/api/Account/login
info: System.Net.Http.HttpClient.IApiService.ClientHandler[100]
      Sending HTTP request POST http://10.10.3.159:8683/api/Account/login
info: System.Net.Http.HttpClient.IApiService.ClientHandler[101]
      Received HTTP response headers after 14.5825ms - 200
info: System.Net.Http.HttpClient.IApiService.LogicalHandler[101]
      End processing HTTP request after 20.839ms - 200
info: Microsoft.AspNetCore.Authentication.Cookies.CookieAuthenticationHandler[10]
      AuthenticationScheme: Cookies signed in.
info: Microsoft.AspNetCore.Mvc.RedirectToActionResult[1]
      Executing RedirectResult, redirecting to /.
info: Microsoft.AspNetCore.Mvc.Infrastructure.ControllerActionInvoker[105]
      Executed action PhoneBook.Controllers.AccountController.Login (PhoneBook) in 59.8234ms
info: Microsoft.AspNetCore.Routing.EndpointMiddleware[1]
      Executed endpoint 'PhoneBook.Controllers.AccountController.Login (PhoneBook)'
info: Microsoft.AspNetCore.Hosting.Diagnostics[2]
      Request finished HTTP/2 POST https://localhost:44364/Account/Login - 302 - - 78.5056ms
info: Microsoft.AspNetCore.Hosting.Diagnostics[1]
      Request starting HTTP/2 GET https://localhost:44364/ - - -
info: Microsoft.AspNetCore.Routing.EndpointMiddleware[0]
      Executing endpoint 'PhoneBook.Controllers.HomeController.Index (PhoneBook)'
info: Microsoft.AspNetCore.Mvc.Infrastructure.ControllerActionInvoker[102]
      Route matched with {action = "Index", controller = "Home"}. Executing controller action with signature System.Threading.Tasks.Task`1[Microsoft.AspNetCore.Mvc.IActionResult] Index() on controller PhoneBook.Controllers.HomeController (PhoneBook).
info: System.Net.Http.HttpClient.IApiService.LogicalHandler[100]
      Start processing HTTP request GET http://10.10.3.159:8683/api/Departments
info: System.Net.Http.HttpClient.IApiService.ClientHandler[100]
      Sending HTTP request GET http://10.10.3.159:8683/api/Departments
info: System.Net.Http.HttpClient.IApiService.ClientHandler[101]
      Received HTTP response headers after 3.3498ms - 200
info: System.Net.Http.HttpClient.IApiService.LogicalHandler[101]
      End processing HTTP request after 8.9096ms - 200
info: Microsoft.AspNetCore.Mvc.ViewFeatures.ViewResultExecutor[1]
      Executing ViewResult, running view Index.
info: Microsoft.AspNetCore.Mvc.ViewFeatures.ViewResultExecutor[4]
      Executed ViewResult - view Index executed in 8.0564ms.
info: Microsoft.AspNetCore.Mvc.Infrastructure.ControllerActionInvoker[105]
      Executed action PhoneBook.Controllers.HomeController.Index (PhoneBook) in 22.3017ms
info: Microsoft.AspNetCore.Routing.EndpointMiddleware[1]
      Executed endpoint 'PhoneBook.Controllers.HomeController.Index (PhoneBook)'
info: Microsoft.AspNetCore.Hosting.Diagnostics[2]
      Request finished HTTP/2 GET https://localhost:44364/ - 200 - text/html;+charset=utf-8 33.7636ms
info: Microsoft.AspNetCore.Hosting.Diagnostics[1]
      Request starting HTTP/2 GET https://localhost:44364/_framework/aspnetcore-browser-refresh.js - - -
info: Microsoft.AspNetCore.Hosting.Diagnostics[1]
      Request starting HTTP/2 GET https://localhost:44364/_vs/browserLink - - -
info: Microsoft.AspNetCore.Hosting.Diagnostics[2]
      Request finished HTTP/2 GET https://localhost:44364/_framework/aspnetcore-browser-refresh.js - 200 16503 application/javascript;+charset=utf-8 6.4606ms
info: Microsoft.AspNetCore.Hosting.Diagnostics[1]
      Request starting HTTP/2 GET https://localhost:44364/Home/GetDepartments - - -
info: Microsoft.AspNetCore.Routing.EndpointMiddleware[0]
      Executing endpoint 'PhoneBook.Controllers.HomeController.GetDepartments (PhoneBook)'
info: Microsoft.AspNetCore.Mvc.Infrastructure.ControllerActionInvoker[102]
      Route matched with {action = "GetDepartments", controller = "Home"}. Executing controller action with signature System.Threading.Tasks.Task`1[Microsoft.AspNetCore.Mvc.IActionResult] GetDepartments() on controller PhoneBook.Controllers.HomeController (PhoneBook).
info: System.Net.Http.HttpClient.IApiService.LogicalHandler[100]
      Start processing HTTP request GET http://10.10.3.159:8683/api/Departments
info: System.Net.Http.HttpClient.IApiService.ClientHandler[100]
      Sending HTTP request GET http://10.10.3.159:8683/api/Departments
info: Microsoft.AspNetCore.Hosting.Diagnostics[2]
      Request finished HTTP/2 GET https://localhost:44364/_vs/browserLink - 200 - text/javascript;+charset=UTF-8 20.7026ms
info: System.Net.Http.HttpClient.IApiService.ClientHandler[101]
      Received HTTP response headers after 2.0513ms - 200
info: System.Net.Http.HttpClient.IApiService.LogicalHandler[101]
      End processing HTTP request after 8.2034ms - 200
info: Microsoft.AspNetCore.Hosting.Diagnostics[1]
      Request starting HTTP/2 GET https://localhost:44364/Home/GetAllEmployees?sort=&group=&filter= - - -
info: Microsoft.AspNetCore.Mvc.Infrastructure.SystemTextJsonResultExecutor[1]
      Executing JsonResult, writing value of type 'System.Linq.Enumerable+SelectListIterator`2[[PhoneBook.Models.Department, PhoneBook, Version=1.0.0.0, Culture=neutral, PublicKeyToken=null],[<>f__AnonymousType2`5[[System.Int32, System.Private.CoreLib, Version=8.0.0.0, Culture=neutral, PublicKeyToken=7cec85d7bea7798e],[System.String, System.Private.CoreLib, Version=8.0.0.0, Culture=neutral, PublicKeyToken=7cec85d7bea7798e],[System.Int32, System.Private.CoreLib, Version=8.0.0.0, Culture=neutral, PublicKeyToken=7cec85d7bea7798e],[System.Boolean, System.Private.CoreLib, Version=8.0.0.0, Culture=neutral, PublicKeyToken=7cec85d7bea7798e],[System.Collections.Generic.List`1[[System.Object, System.Private.CoreLib, Version=8.0.0.0, Culture=neutral, PublicKeyToken=7cec85d7bea7798e]], System.Private.CoreLib, Version=8.0.0.0, Culture=neutral, PublicKeyToken=7cec85d7bea7798e]], PhoneBook, Version=1.0.0.0, Culture=neutral, PublicKeyToken=null]]'.
info: Microsoft.AspNetCore.Routing.EndpointMiddleware[0]
      Executing endpoint 'PhoneBook.Controllers.HomeController.GetAllEmployees (PhoneBook)'
info: Microsoft.AspNetCore.Mvc.Infrastructure.ControllerActionInvoker[102]
      Route matched with {action = "GetAllEmployees", controller = "Home"}. Executing controller action with signature System.Threading.Tasks.Task`1[Microsoft.AspNetCore.Mvc.IActionResult] GetAllEmployees() on controller PhoneBook.Controllers.HomeController (PhoneBook).
info: Microsoft.AspNetCore.Mvc.Infrastructure.ControllerActionInvoker[105]
      Executed action PhoneBook.Controllers.HomeController.GetDepartments (PhoneBook) in 20.3402ms
info: Microsoft.AspNetCore.Routing.EndpointMiddleware[1]
      Executed endpoint 'PhoneBook.Controllers.HomeController.GetDepartments (PhoneBook)'
info: System.Net.Http.HttpClient.IApiService.LogicalHandler[100]
      Start processing HTTP request GET http://10.10.3.159:8683/api/Employees
info: System.Net.Http.HttpClient.IApiService.ClientHandler[100]
      Sending HTTP request GET http://10.10.3.159:8683/api/Employees
info: Microsoft.AspNetCore.Hosting.Diagnostics[2]
      Request finished HTTP/2 GET https://localhost:44364/Home/GetDepartments - 200 - application/json;+charset=utf-8 32.8855ms
info: System.Net.Http.HttpClient.IApiService.ClientHandler[101]
      Received HTTP response headers after 11.6025ms - 200
info: System.Net.Http.HttpClient.IApiService.LogicalHandler[101]
      End processing HTTP request after 17.9899ms - 200
info: Microsoft.AspNetCore.Mvc.Infrastructure.SystemTextJsonResultExecutor[1]
      Executing JsonResult, writing value of type 'System.Collections.Generic.List`1[[PhoneBook.Models.Employee, PhoneBook, Version=1.0.0.0, Culture=neutral, PublicKeyToken=null]]'.
info: Microsoft.AspNetCore.Mvc.Infrastructure.ControllerActionInvoker[105]
      Executed action PhoneBook.Controllers.HomeController.GetAllEmployees (PhoneBook) in 36.6536ms
info: Microsoft.AspNetCore.Routing.EndpointMiddleware[1]
      Executed endpoint 'PhoneBook.Controllers.HomeController.GetAllEmployees (PhoneBook)'
info: Microsoft.AspNetCore.Hosting.Diagnostics[2]
      Request finished HTTP/2 GET https://localhost:44364/Home/GetAllEmployees?sort=&group=&filter= - 200 - application/json;+charset=utf-8 50.7062ms
info: Microsoft.AspNetCore.Hosting.Diagnostics[1]
      Request starting HTTP/2 GET https://localhost:44364/Home/GetAllEmployees?sort=&group=&filter= - - -
info: Microsoft.AspNetCore.Hosting.Diagnostics[1]
      Request starting HTTP/2 GET https://localhost:44364/Home/GetEmployeesByDepartment?departmentId=0 - application/json -
info: Microsoft.AspNetCore.Routing.EndpointMiddleware[0]
      Executing endpoint 'PhoneBook.Controllers.HomeController.GetAllEmployees (PhoneBook)'
info: Microsoft.AspNetCore.Routing.EndpointMiddleware[0]
      Executing endpoint 'PhoneBook.Controllers.HomeController.GetEmployeesByDepartment (PhoneBook)'
info: Microsoft.AspNetCore.Mvc.Infrastructure.ControllerActionInvoker[102]
      Route matched with {action = "GetAllEmployees", controller = "Home"}. Executing controller action with signature System.Threading.Tasks.Task`1[Microsoft.AspNetCore.Mvc.IActionResult] GetAllEmployees() on controller PhoneBook.Controllers.HomeController (PhoneBook).
info: Microsoft.AspNetCore.Mvc.Infrastructure.ControllerActionInvoker[102]
      Route matched with {action = "GetEmployeesByDepartment", controller = "Home"}. Executing controller action with signature System.Threading.Tasks.Task`1[Microsoft.AspNetCore.Mvc.IActionResult] GetEmployeesByDepartment(Int32) on controller PhoneBook.Controllers.HomeController (PhoneBook).
info: System.Net.Http.HttpClient.IApiService.LogicalHandler[100]
      Start processing HTTP request GET http://10.10.3.159:8683/api/Employees
info: System.Net.Http.HttpClient.IApiService.LogicalHandler[100]
      Start processing HTTP request GET http://10.10.3.159:8683/api/Departments/0/employees
info: System.Net.Http.HttpClient.IApiService.ClientHandler[100]
      Sending HTTP request GET http://10.10.3.159:8683/api/Employees
info: System.Net.Http.HttpClient.IApiService.ClientHandler[100]
      Sending HTTP request GET http://10.10.3.159:8683/api/Departments/0/employees
info: System.Net.Http.HttpClient.IApiService.ClientHandler[101]
      Received HTTP response headers after 9.4353ms - 200
info: System.Net.Http.HttpClient.IApiService.LogicalHandler[101]
      End processing HTTP request after 16.7509ms - 200
info: Microsoft.AspNetCore.Mvc.Infrastructure.SystemTextJsonResultExecutor[1]
      Executing JsonResult, writing value of type 'System.Collections.Generic.List`1[[PhoneBook.Models.Employee, PhoneBook, Version=1.0.0.0, Culture=neutral, PublicKeyToken=null]]'.
info: System.Net.Http.HttpClient.IApiService.ClientHandler[101]
      Received HTTP response headers after 25.4333ms - 200
info: System.Net.Http.HttpClient.IApiService.LogicalHandler[101]
      End processing HTTP request after 33.7458ms - 200
info: Microsoft.AspNetCore.Mvc.Infrastructure.ControllerActionInvoker[105]
      Executed action PhoneBook.Controllers.HomeController.GetAllEmployees (PhoneBook) in 37.8744ms
info: Microsoft.AspNetCore.Routing.EndpointMiddleware[1]
      Executed endpoint 'PhoneBook.Controllers.HomeController.GetAllEmployees (PhoneBook)'
info: Microsoft.AspNetCore.Hosting.Diagnostics[2]
      Request finished HTTP/2 GET https://localhost:44364/Home/GetAllEmployees?sort=&group=&filter= - 200 - application/json;+charset=utf-8 52.7996ms
info: Microsoft.AspNetCore.Hosting.Diagnostics[1]
      Request starting HTTP/2 GET https://localhost:44364/Home/GetAllEmployees?sort=&group=&filter= - - -
info: Microsoft.AspNetCore.Routing.EndpointMiddleware[0]
      Executing endpoint 'PhoneBook.Controllers.HomeController.GetAllEmployees (PhoneBook)'
info: Microsoft.AspNetCore.Mvc.Infrastructure.ControllerActionInvoker[102]
      Route matched with {action = "GetAllEmployees", controller = "Home"}. Executing controller action with signature System.Threading.Tasks.Task`1[Microsoft.AspNetCore.Mvc.IActionResult] GetAllEmployees() on controller PhoneBook.Controllers.HomeController (PhoneBook).
info: System.Net.Http.HttpClient.IApiService.LogicalHandler[100]
      Start processing HTTP request GET http://10.10.3.159:8683/api/Employees
info: System.Net.Http.HttpClient.IApiService.ClientHandler[100]
      Sending HTTP request GET http://10.10.3.159:8683/api/Employees
info: Microsoft.AspNetCore.Mvc.Infrastructure.SystemTextJsonResultExecutor[1]
      Executing JsonResult, writing value of type 'System.Collections.Generic.List`1[[PhoneBook.Models.Employee, PhoneBook, Version=1.0.0.0, Culture=neutral, PublicKeyToken=null]]'.
info: System.Net.Http.HttpClient.IApiService.ClientHandler[101]
      Received HTTP response headers after 9.9631ms - 200
info: System.Net.Http.HttpClient.IApiService.LogicalHandler[101]
      End processing HTTP request after 42.4329ms - 200
info: Microsoft.AspNetCore.Hosting.Diagnostics[1]
      Request starting HTTP/2 GET https://localhost:44364/Home/GetEmployeesByDepartment?departmentId=0 - application/json -
info: Microsoft.AspNetCore.Routing.EndpointMiddleware[0]
      Executing endpoint 'PhoneBook.Controllers.HomeController.GetEmployeesByDepartment (PhoneBook)'
info: Microsoft.AspNetCore.Mvc.Infrastructure.ControllerActionInvoker[102]
      Route matched with {action = "GetEmployeesByDepartment", controller = "Home"}. Executing controller action with signature System.Threading.Tasks.Task`1[Microsoft.AspNetCore.Mvc.IActionResult] GetEmployeesByDepartment(Int32) on controller PhoneBook.Controllers.HomeController (PhoneBook).
info: System.Net.Http.HttpClient.IApiService.LogicalHandler[100]
      Start processing HTTP request GET http://10.10.3.159:8683/api/Departments/0/employees
info: System.Net.Http.HttpClient.IApiService.ClientHandler[100]
      Sending HTTP request GET http://10.10.3.159:8683/api/Departments/0/employees
info: Microsoft.AspNetCore.Mvc.Infrastructure.ControllerActionInvoker[105]
      Executed action PhoneBook.Controllers.HomeController.GetEmployeesByDepartment (PhoneBook) in 110.2977ms
info: Microsoft.AspNetCore.Routing.EndpointMiddleware[1]
      Executed endpoint 'PhoneBook.Controllers.HomeController.GetEmployeesByDepartment (PhoneBook)'
info: Microsoft.AspNetCore.Hosting.Diagnostics[2]
      Request finished HTTP/2 GET https://localhost:44364/Home/GetEmployeesByDepartment?departmentId=0 - 200 - application/json;+charset=utf-8 127.3459ms
info: Microsoft.AspNetCore.Mvc.Infrastructure.SystemTextJsonResultExecutor[1]
      Executing JsonResult, writing value of type 'System.Collections.Generic.List`1[[PhoneBook.Models.Employee, PhoneBook, Version=1.0.0.0, Culture=neutral, PublicKeyToken=null]]'.
info: System.Net.Http.HttpClient.IApiService.ClientHandler[101]
      Received HTTP response headers after 26.6196ms - 200
info: System.Net.Http.HttpClient.IApiService.LogicalHandler[101]
      End processing HTTP request after 33.0669ms - 200
info: Microsoft.AspNetCore.Mvc.Infrastructure.ControllerActionInvoker[105]
      Executed action PhoneBook.Controllers.HomeController.GetAllEmployees (PhoneBook) in 90.9048ms
info: Microsoft.AspNetCore.Routing.EndpointMiddleware[1]
      Executed endpoint 'PhoneBook.Controllers.HomeController.GetAllEmployees (PhoneBook)'
info: Microsoft.AspNetCore.Hosting.Diagnostics[2]
      Request finished HTTP/2 GET https://localhost:44364/Home/GetAllEmployees?sort=&group=&filter= - 200 - application/json;+charset=utf-8 101.7701ms
info: Microsoft.AspNetCore.Mvc.Infrastructure.SystemTextJsonResultExecutor[1]
      Executing JsonResult, writing value of type 'System.Collections.Generic.List`1[[PhoneBook.Models.Employee, PhoneBook, Version=1.0.0.0, Culture=neutral, PublicKeyToken=null]]'.
info: Microsoft.AspNetCore.Mvc.Infrastructure.ControllerActionInvoker[105]
      Executed action PhoneBook.Controllers.HomeController.GetEmployeesByDepartment (PhoneBook) in 52.735ms
info: Microsoft.AspNetCore.Routing.EndpointMiddleware[1]
      Executed endpoint 'PhoneBook.Controllers.HomeController.GetEmployeesByDepartment (PhoneBook)'
info: Microsoft.AspNetCore.Hosting.Diagnostics[2]
      Request finished HTTP/2 GET https://localhost:44364/Home/GetEmployeesByDepartment?departmentId=0 - 200 - application/json;+charset=utf-8 64.6988ms
info: Microsoft.AspNetCore.Hosting.Diagnostics[1]
      Request starting HTTP/2 GET https://localhost:44364/Home/GetEmployeesByDepartment?departmentId=0 - application/json -
info: Microsoft.AspNetCore.Routing.EndpointMiddleware[0]
      Executing endpoint 'PhoneBook.Controllers.HomeController.GetEmployeesByDepartment (PhoneBook)'
info: Microsoft.AspNetCore.Mvc.Infrastructure.ControllerActionInvoker[102]
      Route matched with {action = "GetEmployeesByDepartment", controller = "Home"}. Executing controller action with signature System.Threading.Tasks.Task`1[Microsoft.AspNetCore.Mvc.IActionResult] GetEmployeesByDepartment(Int32) on controller PhoneBook.Controllers.HomeController (PhoneBook).
info: System.Net.Http.HttpClient.IApiService.LogicalHandler[100]
      Start processing HTTP request GET http://10.10.3.159:8683/api/Departments/0/employees
info: System.Net.Http.HttpClient.IApiService.ClientHandler[100]
      Sending HTTP request GET http://10.10.3.159:8683/api/Departments/0/employees
info: System.Net.Http.HttpClient.IApiService.ClientHandler[101]
      Received HTTP response headers after 26.2133ms - 200
info: System.Net.Http.HttpClient.IApiService.LogicalHandler[101]
      End processing HTTP request after 31.5715ms - 200
info: Microsoft.AspNetCore.Mvc.Infrastructure.SystemTextJsonResultExecutor[1]
      Executing JsonResult, writing value of type 'System.Collections.Generic.List`1[[PhoneBook.Models.Employee, PhoneBook, Version=1.0.0.0, Culture=neutral, PublicKeyToken=null]]'.
info: Microsoft.AspNetCore.Mvc.Infrastructure.ControllerActionInvoker[105]
      Executed action PhoneBook.Controllers.HomeController.GetEmployeesByDepartment (PhoneBook) in 41.5459ms
info: Microsoft.AspNetCore.Routing.EndpointMiddleware[1]
      Executed endpoint 'PhoneBook.Controllers.HomeController.GetEmployeesByDepartment (PhoneBook)'
info: Microsoft.AspNetCore.Hosting.Diagnostics[2]
      Request finished HTTP/2 GET https://localhost:44364/Home/GetEmployeesByDepartment?departmentId=0 - 200 - application/json;+charset=utf-8 51.9113ms
info: Microsoft.AspNetCore.Hosting.Diagnostics[1]
      Request starting HTTP/2 POST https://localhost:44364/Account/Logout - application/x-www-form-urlencoded 225
info: Microsoft.AspNetCore.Routing.EndpointMiddleware[0]
      Executing endpoint 'PhoneBook.Controllers.AccountController.Logout (PhoneBook)'
info: Microsoft.AspNetCore.Mvc.Infrastructure.ControllerActionInvoker[102]
      Route matched with {action = "Logout", controller = "Account"}. Executing controller action with signature System.Threading.Tasks.Task`1[Microsoft.AspNetCore.Mvc.IActionResult] Logout() on controller PhoneBook.Controllers.AccountController (PhoneBook).
info: Microsoft.AspNetCore.Authentication.Cookies.CookieAuthenticationHandler[11]
      AuthenticationScheme: Cookies signed out.
info: Microsoft.AspNetCore.Mvc.RedirectToActionResult[1]
      Executing RedirectResult, redirecting to /Account/Login.
info: Microsoft.AspNetCore.Mvc.Infrastructure.ControllerActionInvoker[105]
      Executed action PhoneBook.Controllers.AccountController.Logout (PhoneBook) in 5.2027ms
info: Microsoft.AspNetCore.Routing.EndpointMiddleware[1]
      Executed endpoint 'PhoneBook.Controllers.AccountController.Logout (PhoneBook)'
info: Microsoft.AspNetCore.Hosting.Diagnostics[2]
      Request finished HTTP/2 POST https://localhost:44364/Account/Logout - 302 - - 18.9293ms
info: Microsoft.AspNetCore.Hosting.Diagnostics[1]
      Request starting HTTP/2 GET https://localhost:44364/Account/Login - - -
info: Microsoft.AspNetCore.Routing.EndpointMiddleware[0]
      Executing endpoint 'PhoneBook.Controllers.AccountController.Login (PhoneBook)'
info: Microsoft.AspNetCore.Mvc.Infrastructure.ControllerActionInvoker[102]
      Route matched with {action = "Login", controller = "Account"}. Executing controller action with signature Microsoft.AspNetCore.Mvc.IActionResult Login(System.String) on controller PhoneBook.Controllers.AccountController (PhoneBook).
info: Microsoft.AspNetCore.Mvc.ViewFeatures.ViewResultExecutor[1]
      Executing ViewResult, running view Login.
info: Microsoft.AspNetCore.Mvc.ViewFeatures.ViewResultExecutor[4]
      Executed ViewResult - view Login executed in 4.2452ms.
info: Microsoft.AspNetCore.Mvc.Infrastructure.ControllerActionInvoker[105]
      Executed action PhoneBook.Controllers.AccountController.Login (PhoneBook) in 6.4852ms
info: Microsoft.AspNetCore.Routing.EndpointMiddleware[1]
      Executed endpoint 'PhoneBook.Controllers.AccountController.Login (PhoneBook)'
info: Microsoft.AspNetCore.Hosting.Diagnostics[2]
      Request finished HTTP/2 GET https://localhost:44364/Account/Login - 200 - text/html;+charset=utf-8 17.8857ms
info: Microsoft.AspNetCore.Hosting.Diagnostics[1]
      Request starting HTTP/2 GET https://localhost:44364/_vs/browserLink - - -
info: Microsoft.AspNetCore.Hosting.Diagnostics[1]
      Request starting HTTP/2 GET https://localhost:44364/_framework/aspnetcore-browser-refresh.js - - -
info: Microsoft.AspNetCore.Hosting.Diagnostics[2]
      Request finished HTTP/2 GET https://localhost:44364/_framework/aspnetcore-browser-refresh.js - 200 16503 application/javascript;+charset=utf-8 6.5092ms
info: Microsoft.AspNetCore.Hosting.Diagnostics[2]
      Request finished HTTP/2 GET https://localhost:44364/_vs/browserLink - 200 - text/javascript;+charset=UTF-8 14.6347ms
info: Microsoft.AspNetCore.Hosting.Diagnostics[1]
      Request starting HTTP/2 POST https://localhost:44364/Account/Login - application/x-www-form-urlencoded 245
info: Microsoft.AspNetCore.Routing.EndpointMiddleware[0]
      Executing endpoint 'PhoneBook.Controllers.AccountController.Login (PhoneBook)'
info: Microsoft.AspNetCore.Mvc.Infrastructure.ControllerActionInvoker[102]
      Route matched with {action = "Login", controller = "Account"}. Executing controller action with signature System.Threading.Tasks.Task`1[Microsoft.AspNetCore.Mvc.IActionResult] Login(PhoneBook.Models.LoginViewModel, System.String) on controller PhoneBook.Controllers.AccountController (PhoneBook).
info: System.Net.Http.HttpClient.IApiService.LogicalHandler[100]
      Start processing HTTP request POST http://10.10.3.159:8683/api/Auth/login
info: System.Net.Http.HttpClient.IApiService.ClientHandler[100]
      Sending HTTP request POST http://10.10.3.159:8683/api/Auth/login
info: System.Net.Http.HttpClient.IApiService.ClientHandler[101]
      Received HTTP response headers after 2.1445ms - 200
info: System.Net.Http.HttpClient.IApiService.LogicalHandler[101]
      End processing HTTP request after 7.5829ms - 200
info: System.Net.Http.HttpClient.IApiService.LogicalHandler[100]
      Start processing HTTP request POST http://10.10.3.159:8683/api/Account/login
info: System.Net.Http.HttpClient.IApiService.ClientHandler[100]
      Sending HTTP request POST http://10.10.3.159:8683/api/Account/login
info: System.Net.Http.HttpClient.IApiService.ClientHandler[101]
      Received HTTP response headers after 3.5709ms - 200
info: System.Net.Http.HttpClient.IApiService.LogicalHandler[101]
      End processing HTTP request after 8.5911ms - 200
info: Microsoft.AspNetCore.Authentication.Cookies.CookieAuthenticationHandler[10]
      AuthenticationScheme: Cookies signed in.
info: Microsoft.AspNetCore.Mvc.RedirectToActionResult[1]
      Executing RedirectResult, redirecting to /.
info: Microsoft.AspNetCore.Mvc.Infrastructure.ControllerActionInvoker[105]
      Executed action PhoneBook.Controllers.AccountController.Login (PhoneBook) in 24.5697ms
info: Microsoft.AspNetCore.Routing.EndpointMiddleware[1]
      Executed endpoint 'PhoneBook.Controllers.AccountController.Login (PhoneBook)'
info: Microsoft.AspNetCore.Hosting.Diagnostics[2]
      Request finished HTTP/2 POST https://localhost:44364/Account/Login - 302 - - 37.0880ms
info: Microsoft.AspNetCore.Hosting.Diagnostics[1]
      Request starting HTTP/2 GET https://localhost:44364/ - - -
info: Microsoft.AspNetCore.Routing.EndpointMiddleware[0]
      Executing endpoint 'PhoneBook.Controllers.HomeController.Index (PhoneBook)'
info: Microsoft.AspNetCore.Mvc.Infrastructure.ControllerActionInvoker[102]
      Route matched with {action = "Index", controller = "Home"}. Executing controller action with signature System.Threading.Tasks.Task`1[Microsoft.AspNetCore.Mvc.IActionResult] Index() on controller PhoneBook.Controllers.HomeController (PhoneBook).
info: System.Net.Http.HttpClient.IApiService.LogicalHandler[100]
      Start processing HTTP request GET http://10.10.3.159:8683/api/Departments
info: System.Net.Http.HttpClient.IApiService.ClientHandler[100]
      Sending HTTP request GET http://10.10.3.159:8683/api/Departments
info: System.Net.Http.HttpClient.IApiService.ClientHandler[101]
      Received HTTP response headers after 2.2303ms - 200
info: System.Net.Http.HttpClient.IApiService.LogicalHandler[101]
      End processing HTTP request after 7.267ms - 200
info: Microsoft.AspNetCore.Mvc.ViewFeatures.ViewResultExecutor[1]
      Executing ViewResult, running view Index.
info: Microsoft.AspNetCore.Mvc.ViewFeatures.ViewResultExecutor[4]
      Executed ViewResult - view Index executed in 7.4217ms.
info: Microsoft.AspNetCore.Mvc.Infrastructure.ControllerActionInvoker[105]
      Executed action PhoneBook.Controllers.HomeController.Index (PhoneBook) in 19.8248ms
info: Microsoft.AspNetCore.Routing.EndpointMiddleware[1]
      Executed endpoint 'PhoneBook.Controllers.HomeController.Index (PhoneBook)'
info: Microsoft.AspNetCore.Hosting.Diagnostics[2]
      Request finished HTTP/2 GET https://localhost:44364/ - 200 - text/html;+charset=utf-8 32.2716ms
info: Microsoft.AspNetCore.Hosting.Diagnostics[1]
      Request starting HTTP/2 GET https://localhost:44364/_vs/browserLink - - -
info: Microsoft.AspNetCore.Hosting.Diagnostics[1]
      Request starting HTTP/2 GET https://localhost:44364/_framework/aspnetcore-browser-refresh.js - - -
info: Microsoft.AspNetCore.Hosting.Diagnostics[2]
      Request finished HTTP/2 GET https://localhost:44364/_framework/aspnetcore-browser-refresh.js - 200 16503 application/javascript;+charset=utf-8 6.1312ms
info: Microsoft.AspNetCore.Hosting.Diagnostics[1]
      Request starting HTTP/2 GET https://localhost:44364/Home/GetDepartments - - -
info: Microsoft.AspNetCore.Routing.EndpointMiddleware[0]
      Executing endpoint 'PhoneBook.Controllers.HomeController.GetDepartments (PhoneBook)'
info: Microsoft.AspNetCore.Mvc.Infrastructure.ControllerActionInvoker[102]
      Route matched with {action = "GetDepartments", controller = "Home"}. Executing controller action with signature System.Threading.Tasks.Task`1[Microsoft.AspNetCore.Mvc.IActionResult] GetDepartments() on controller PhoneBook.Controllers.HomeController (PhoneBook).
info: System.Net.Http.HttpClient.IApiService.LogicalHandler[100]
      Start processing HTTP request GET http://10.10.3.159:8683/api/Departments
info: System.Net.Http.HttpClient.IApiService.ClientHandler[100]
      Sending HTTP request GET http://10.10.3.159:8683/api/Departments
info: Microsoft.AspNetCore.Hosting.Diagnostics[2]
      Request finished HTTP/2 GET https://localhost:44364/_vs/browserLink - 200 - text/javascript;+charset=UTF-8 20.6619ms
info: System.Net.Http.HttpClient.IApiService.ClientHandler[101]
      Received HTTP response headers after 3.1032ms - 200
info: System.Net.Http.HttpClient.IApiService.LogicalHandler[101]
      End processing HTTP request after 8.8208ms - 200
info: Microsoft.AspNetCore.Hosting.Diagnostics[1]
      Request starting HTTP/2 GET https://localhost:44364/Home/GetAllEmployees?sort=&group=&filter= - - -
info: Microsoft.AspNetCore.Mvc.Infrastructure.SystemTextJsonResultExecutor[1]
      Executing JsonResult, writing value of type 'System.Linq.Enumerable+SelectListIterator`2[[PhoneBook.Models.Department, PhoneBook, Version=1.0.0.0, Culture=neutral, PublicKeyToken=null],[<>f__AnonymousType2`5[[System.Int32, System.Private.CoreLib, Version=8.0.0.0, Culture=neutral, PublicKeyToken=7cec85d7bea7798e],[System.String, System.Private.CoreLib, Version=8.0.0.0, Culture=neutral, PublicKeyToken=7cec85d7bea7798e],[System.Int32, System.Private.CoreLib, Version=8.0.0.0, Culture=neutral, PublicKeyToken=7cec85d7bea7798e],[System.Boolean, System.Private.CoreLib, Version=8.0.0.0, Culture=neutral, PublicKeyToken=7cec85d7bea7798e],[System.Collections.Generic.List`1[[System.Object, System.Private.CoreLib, Version=8.0.0.0, Culture=neutral, PublicKeyToken=7cec85d7bea7798e]], System.Private.CoreLib, Version=8.0.0.0, Culture=neutral, PublicKeyToken=7cec85d7bea7798e]], PhoneBook, Version=1.0.0.0, Culture=neutral, PublicKeyToken=null]]'.
info: Microsoft.AspNetCore.Routing.EndpointMiddleware[0]
      Executing endpoint 'PhoneBook.Controllers.HomeController.GetAllEmployees (PhoneBook)'
info: Microsoft.AspNetCore.Mvc.Infrastructure.ControllerActionInvoker[102]
      Route matched with {action = "GetAllEmployees", controller = "Home"}. Executing controller action with signature System.Threading.Tasks.Task`1[Microsoft.AspNetCore.Mvc.IActionResult] GetAllEmployees() on controller PhoneBook.Controllers.HomeController (PhoneBook).
info: Microsoft.AspNetCore.Mvc.Infrastructure.ControllerActionInvoker[105]
      Executed action PhoneBook.Controllers.HomeController.GetDepartments (PhoneBook) in 20.0318ms
info: System.Net.Http.HttpClient.IApiService.LogicalHandler[100]
      Start processing HTTP request GET http://10.10.3.159:8683/api/Employees
info: Microsoft.AspNetCore.Routing.EndpointMiddleware[1]
      Executed endpoint 'PhoneBook.Controllers.HomeController.GetDepartments (PhoneBook)'
info: System.Net.Http.HttpClient.IApiService.ClientHandler[100]
      Sending HTTP request GET http://10.10.3.159:8683/api/Employees
info: Microsoft.AspNetCore.Hosting.Diagnostics[2]
      Request finished HTTP/2 GET https://localhost:44364/Home/GetDepartments - 200 - application/json;+charset=utf-8 33.2478ms
info: System.Net.Http.HttpClient.IApiService.ClientHandler[101]
      Received HTTP response headers after 10.0083ms - 200
info: System.Net.Http.HttpClient.IApiService.LogicalHandler[101]
      End processing HTTP request after 18.1853ms - 200
info: Microsoft.AspNetCore.Mvc.Infrastructure.SystemTextJsonResultExecutor[1]
      Executing JsonResult, writing value of type 'System.Collections.Generic.List`1[[PhoneBook.Models.Employee, PhoneBook, Version=1.0.0.0, Culture=neutral, PublicKeyToken=null]]'.
info: Microsoft.AspNetCore.Mvc.Infrastructure.ControllerActionInvoker[105]
      Executed action PhoneBook.Controllers.HomeController.GetAllEmployees (PhoneBook) in 25.3352ms
info: Microsoft.AspNetCore.Routing.EndpointMiddleware[1]
      Executed endpoint 'PhoneBook.Controllers.HomeController.GetAllEmployees (PhoneBook)'
info: Microsoft.AspNetCore.Hosting.Diagnostics[2]
      Request finished HTTP/2 GET https://localhost:44364/Home/GetAllEmployees?sort=&group=&filter= - 200 - application/json;+charset=utf-8 39.7023ms
info: Microsoft.AspNetCore.Hosting.Diagnostics[1]
      Request starting HTTP/2 GET https://localhost:44364/Home/GetAllEmployees?sort=&group=&filter= - - -
info: Microsoft.AspNetCore.Hosting.Diagnostics[1]
      Request starting HTTP/2 GET https://localhost:44364/Home/GetEmployeesByDepartment?departmentId=0 - application/json -
info: Microsoft.AspNetCore.Routing.EndpointMiddleware[0]
      Executing endpoint 'PhoneBook.Controllers.HomeController.GetAllEmployees (PhoneBook)'
info: Microsoft.AspNetCore.Mvc.Infrastructure.ControllerActionInvoker[102]
      Route matched with {action = "GetAllEmployees", controller = "Home"}. Executing controller action with signature System.Threading.Tasks.Task`1[Microsoft.AspNetCore.Mvc.IActionResult] GetAllEmployees() on controller PhoneBook.Controllers.HomeController (PhoneBook).
info: Microsoft.AspNetCore.Routing.EndpointMiddleware[0]
      Executing endpoint 'PhoneBook.Controllers.HomeController.GetEmployeesByDepartment (PhoneBook)'
info: System.Net.Http.HttpClient.IApiService.LogicalHandler[100]
      Start processing HTTP request GET http://10.10.3.159:8683/api/Employees
info: Microsoft.AspNetCore.Mvc.Infrastructure.ControllerActionInvoker[102]
      Route matched with {action = "GetEmployeesByDepartment", controller = "Home"}. Executing controller action with signature System.Threading.Tasks.Task`1[Microsoft.AspNetCore.Mvc.IActionResult] GetEmployeesByDepartment(Int32) on controller PhoneBook.Controllers.HomeController (PhoneBook).
info: System.Net.Http.HttpClient.IApiService.ClientHandler[100]
      Sending HTTP request GET http://10.10.3.159:8683/api/Employees
info: System.Net.Http.HttpClient.IApiService.LogicalHandler[100]
      Start processing HTTP request GET http://10.10.3.159:8683/api/Departments/0/employees
info: System.Net.Http.HttpClient.IApiService.ClientHandler[100]
      Sending HTTP request GET http://10.10.3.159:8683/api/Departments/0/employees
info: System.Net.Http.HttpClient.IApiService.ClientHandler[101]
      Received HTTP response headers after 10.0907ms - 200
info: System.Net.Http.HttpClient.IApiService.LogicalHandler[101]
      End processing HTTP request after 18.693ms - 200
info: Microsoft.AspNetCore.Mvc.Infrastructure.SystemTextJsonResultExecutor[1]
      Executing JsonResult, writing value of type 'System.Collections.Generic.List`1[[PhoneBook.Models.Employee, PhoneBook, Version=1.0.0.0, Culture=neutral, PublicKeyToken=null]]'.
info: Microsoft.AspNetCore.Mvc.Infrastructure.ControllerActionInvoker[105]
      Executed action PhoneBook.Controllers.HomeController.GetAllEmployees (PhoneBook) in 27.4525ms
info: Microsoft.AspNetCore.Routing.EndpointMiddleware[1]
      Executed endpoint 'PhoneBook.Controllers.HomeController.GetAllEmployees (PhoneBook)'
info: Microsoft.AspNetCore.Hosting.Diagnostics[2]
      Request finished HTTP/2 GET https://localhost:44364/Home/GetAllEmployees?sort=&group=&filter= - 200 - application/json;+charset=utf-8 40.9622ms
info: Microsoft.AspNetCore.Hosting.Diagnostics[1]
      Request starting HTTP/2 GET https://localhost:44364/Home/GetAllEmployees?sort=&group=&filter= - - -
info: System.Net.Http.HttpClient.IApiService.ClientHandler[101]
      Received HTTP response headers after 25.7912ms - 200
info: System.Net.Http.HttpClient.IApiService.LogicalHandler[101]
      End processing HTTP request after 33.1474ms - 200
info: Microsoft.AspNetCore.Routing.EndpointMiddleware[0]
      Executing endpoint 'PhoneBook.Controllers.HomeController.GetAllEmployees (PhoneBook)'
info: Microsoft.AspNetCore.Mvc.Infrastructure.ControllerActionInvoker[102]
      Route matched with {action = "GetAllEmployees", controller = "Home"}. Executing controller action with signature System.Threading.Tasks.Task`1[Microsoft.AspNetCore.Mvc.IActionResult] GetAllEmployees() on controller PhoneBook.Controllers.HomeController (PhoneBook).
info: System.Net.Http.HttpClient.IApiService.LogicalHandler[100]
      Start processing HTTP request GET http://10.10.3.159:8683/api/Employees
info: System.Net.Http.HttpClient.IApiService.ClientHandler[100]
      Sending HTTP request GET http://10.10.3.159:8683/api/Employees
info: Microsoft.AspNetCore.Mvc.Infrastructure.SystemTextJsonResultExecutor[1]
      Executing JsonResult, writing value of type 'System.Collections.Generic.List`1[[PhoneBook.Models.Employee, PhoneBook, Version=1.0.0.0, Culture=neutral, PublicKeyToken=null]]'.
info: Microsoft.AspNetCore.Hosting.Diagnostics[1]
      Request starting HTTP/2 GET https://localhost:44364/Home/GetEmployeesByDepartment?departmentId=0 - application/json -
info: Microsoft.AspNetCore.Mvc.Infrastructure.ControllerActionInvoker[105]
      Executed action PhoneBook.Controllers.HomeController.GetEmployeesByDepartment (PhoneBook) in 53.9022ms
info: Microsoft.AspNetCore.Routing.EndpointMiddleware[1]
      Executed endpoint 'PhoneBook.Controllers.HomeController.GetEmployeesByDepartment (PhoneBook)'
info: System.Net.Http.HttpClient.IApiService.ClientHandler[101]
      Received HTTP response headers after 11.3402ms - 200
info: Microsoft.AspNetCore.Routing.EndpointMiddleware[0]
      Executing endpoint 'PhoneBook.Controllers.HomeController.GetEmployeesByDepartment (PhoneBook)'
info: Microsoft.AspNetCore.Hosting.Diagnostics[2]
      Request finished HTTP/2 GET https://localhost:44364/Home/GetEmployeesByDepartment?departmentId=0 - 200 - application/json;+charset=utf-8 73.7210ms
info: System.Net.Http.HttpClient.IApiService.LogicalHandler[101]
      End processing HTTP request after 18.1149ms - 200
info: Microsoft.AspNetCore.Mvc.Infrastructure.ControllerActionInvoker[102]
      Route matched with {action = "GetEmployeesByDepartment", controller = "Home"}. Executing controller action with signature System.Threading.Tasks.Task`1[Microsoft.AspNetCore.Mvc.IActionResult] GetEmployeesByDepartment(Int32) on controller PhoneBook.Controllers.HomeController (PhoneBook).
info: System.Net.Http.HttpClient.IApiService.LogicalHandler[100]
      Start processing HTTP request GET http://10.10.3.159:8683/api/Departments/0/employees
info: System.Net.Http.HttpClient.IApiService.ClientHandler[100]
      Sending HTTP request GET http://10.10.3.159:8683/api/Departments/0/employees
info: Microsoft.AspNetCore.Mvc.Infrastructure.SystemTextJsonResultExecutor[1]
      Executing JsonResult, writing value of type 'System.Collections.Generic.List`1[[PhoneBook.Models.Employee, PhoneBook, Version=1.0.0.0, Culture=neutral, PublicKeyToken=null]]'.
info: Microsoft.AspNetCore.Mvc.Infrastructure.ControllerActionInvoker[105]
      Executed action PhoneBook.Controllers.HomeController.GetAllEmployees (PhoneBook) in 37.2242ms
info: Microsoft.AspNetCore.Routing.EndpointMiddleware[1]
      Executed endpoint 'PhoneBook.Controllers.HomeController.GetAllEmployees (PhoneBook)'
info: Microsoft.AspNetCore.Hosting.Diagnostics[2]
      Request finished HTTP/2 GET https://localhost:44364/Home/GetAllEmployees?sort=&group=&filter= - 200 - application/json;+charset=utf-8 51.9213ms
info: System.Net.Http.HttpClient.IApiService.ClientHandler[101]
      Received HTTP response headers after 26.4901ms - 200
info: System.Net.Http.HttpClient.IApiService.LogicalHandler[101]
      End processing HTTP request after 32.8624ms - 200
info: Microsoft.AspNetCore.Mvc.Infrastructure.SystemTextJsonResultExecutor[1]
      Executing JsonResult, writing value of type 'System.Collections.Generic.List`1[[PhoneBook.Models.Employee, PhoneBook, Version=1.0.0.0, Culture=neutral, PublicKeyToken=null]]'.
info: Microsoft.AspNetCore.Mvc.Infrastructure.ControllerActionInvoker[105]
      Executed action PhoneBook.Controllers.HomeController.GetEmployeesByDepartment (PhoneBook) in 39.5688ms
info: Microsoft.AspNetCore.Routing.EndpointMiddleware[1]
      Executed endpoint 'PhoneBook.Controllers.HomeController.GetEmployeesByDepartment (PhoneBook)'
info: Microsoft.AspNetCore.Hosting.Diagnostics[2]
      Request finished HTTP/2 GET https://localhost:44364/Home/GetEmployeesByDepartment?departmentId=0 - 200 - application/json;+charset=utf-8 59.0876ms
info: Microsoft.AspNetCore.Hosting.Diagnostics[1]
      Request starting HTTP/2 GET https://localhost:44364/Home/GetEmployeesByDepartment?departmentId=0 - application/json -
info: Microsoft.AspNetCore.Routing.EndpointMiddleware[0]
      Executing endpoint 'PhoneBook.Controllers.HomeController.GetEmployeesByDepartment (PhoneBook)'
info: Microsoft.AspNetCore.Mvc.Infrastructure.ControllerActionInvoker[102]
      Route matched with {action = "GetEmployeesByDepartment", controller = "Home"}. Executing controller action with signature System.Threading.Tasks.Task`1[Microsoft.AspNetCore.Mvc.IActionResult] GetEmployeesByDepartment(Int32) on controller PhoneBook.Controllers.HomeController (PhoneBook).
info: System.Net.Http.HttpClient.IApiService.LogicalHandler[100]
      Start processing HTTP request GET http://10.10.3.159:8683/api/Departments/0/employees
info: System.Net.Http.HttpClient.IApiService.ClientHandler[100]
      Sending HTTP request GET http://10.10.3.159:8683/api/Departments/0/employees
info: System.Net.Http.HttpClient.IApiService.ClientHandler[101]
      Received HTTP response headers after 25.9907ms - 200
info: System.Net.Http.HttpClient.IApiService.LogicalHandler[101]
      End processing HTTP request after 31.4867ms - 200
info: Microsoft.AspNetCore.Mvc.Infrastructure.SystemTextJsonResultExecutor[1]
      Executing JsonResult, writing value of type 'System.Collections.Generic.List`1[[PhoneBook.Models.Employee, PhoneBook, Version=1.0.0.0, Culture=neutral, PublicKeyToken=null]]'.
info: Microsoft.AspNetCore.Mvc.Infrastructure.ControllerActionInvoker[105]
      Executed action PhoneBook.Controllers.HomeController.GetEmployeesByDepartment (PhoneBook) in 38.2965ms
info: Microsoft.AspNetCore.Routing.EndpointMiddleware[1]
      Executed endpoint 'PhoneBook.Controllers.HomeController.GetEmployeesByDepartment (PhoneBook)'
info: Microsoft.AspNetCore.Hosting.Diagnostics[2]
      Request finished HTTP/2 GET https://localhost:44364/Home/GetEmployeesByDepartment?departmentId=0 - 200 - application/json;+charset=utf-8 49.6665ms
info: Microsoft.AspNetCore.Hosting.Diagnostics[1]
      Request starting HTTP/2 GET https://localhost:44364/ - - -
info: Microsoft.AspNetCore.Routing.EndpointMiddleware[0]
      Executing endpoint 'PhoneBook.Controllers.HomeController.Index (PhoneBook)'
info: Microsoft.AspNetCore.Mvc.Infrastructure.ControllerActionInvoker[102]
      Route matched with {action = "Index", controller = "Home"}. Executing controller action with signature System.Threading.Tasks.Task`1[Microsoft.AspNetCore.Mvc.IActionResult] Index() on controller PhoneBook.Controllers.HomeController (PhoneBook).
info: System.Net.Http.HttpClient.IApiService.LogicalHandler[100]
      Start processing HTTP request GET http://10.10.3.159:8683/api/Departments
info: System.Net.Http.HttpClient.IApiService.ClientHandler[100]
      Sending HTTP request GET http://10.10.3.159:8683/api/Departments
info: System.Net.Http.HttpClient.IApiService.ClientHandler[101]
      Received HTTP response headers after 10.3426ms - 200
info: System.Net.Http.HttpClient.IApiService.LogicalHandler[101]
      End processing HTTP request after 15.6732ms - 200
info: Microsoft.AspNetCore.Mvc.ViewFeatures.ViewResultExecutor[1]
      Executing ViewResult, running view Index.
info: Microsoft.AspNetCore.Mvc.ViewFeatures.ViewResultExecutor[4]
      Executed ViewResult - view Index executed in 5.6206ms.
info: Microsoft.AspNetCore.Mvc.Infrastructure.ControllerActionInvoker[105]
      Executed action PhoneBook.Controllers.HomeController.Index (PhoneBook) in 25.7752ms
info: Microsoft.AspNetCore.Routing.EndpointMiddleware[1]
      Executed endpoint 'PhoneBook.Controllers.HomeController.Index (PhoneBook)'
info: Microsoft.AspNetCore.Hosting.Diagnostics[2]
      Request finished HTTP/2 GET https://localhost:44364/ - 200 - text/html;+charset=utf-8 39.7004ms
info: Microsoft.AspNetCore.Hosting.Diagnostics[1]
      Request starting HTTP/2 GET https://localhost:44364/_vs/browserLink - - -
info: Microsoft.AspNetCore.Hosting.Diagnostics[1]
      Request starting HTTP/2 GET https://localhost:44364/_framework/aspnetcore-browser-refresh.js - - -
info: Microsoft.AspNetCore.Hosting.Diagnostics[2]
      Request finished HTTP/2 GET https://localhost:44364/_framework/aspnetcore-browser-refresh.js - 200 16503 application/javascript;+charset=utf-8 3.8282ms
info: Microsoft.AspNetCore.Hosting.Diagnostics[1]
      Request starting HTTP/2 GET https://localhost:44364/Home/GetDepartments - - -
info: Microsoft.AspNetCore.Hosting.Diagnostics[2]
      Request finished HTTP/2 GET https://localhost:44364/_vs/browserLink - 200 - text/javascript;+charset=UTF-8 12.7331ms
info: Microsoft.AspNetCore.Routing.EndpointMiddleware[0]
      Executing endpoint 'PhoneBook.Controllers.HomeController.GetDepartments (PhoneBook)'
info: Microsoft.AspNetCore.Mvc.Infrastructure.ControllerActionInvoker[102]
      Route matched with {action = "GetDepartments", controller = "Home"}. Executing controller action with signature System.Threading.Tasks.Task`1[Microsoft.AspNetCore.Mvc.IActionResult] GetDepartments() on controller PhoneBook.Controllers.HomeController (PhoneBook).
info: System.Net.Http.HttpClient.IApiService.LogicalHandler[100]
      Start processing HTTP request GET http://10.10.3.159:8683/api/Departments
info: System.Net.Http.HttpClient.IApiService.ClientHandler[100]
      Sending HTTP request GET http://10.10.3.159:8683/api/Departments
info: System.Net.Http.HttpClient.IApiService.ClientHandler[101]
      Received HTTP response headers after 2.6261ms - 200
info: Microsoft.AspNetCore.Hosting.Diagnostics[1]
      Request starting HTTP/2 GET https://localhost:44364/Home/GetAllEmployees?sort=&group=&filter= - - -
info: System.Net.Http.HttpClient.IApiService.LogicalHandler[101]
      End processing HTTP request after 8.7401ms - 200
info: Microsoft.AspNetCore.Hosting.Diagnostics[1]
      Request starting HTTP/2 GET https://localhost:44364/images/logoSagsnoWord.ico - - -
info: Microsoft.AspNetCore.Routing.EndpointMiddleware[0]
      Executing endpoint 'PhoneBook.Controllers.HomeController.GetAllEmployees (PhoneBook)'
info: Microsoft.AspNetCore.Mvc.Infrastructure.SystemTextJsonResultExecutor[1]
      Executing JsonResult, writing value of type 'System.Linq.Enumerable+SelectListIterator`2[[PhoneBook.Models.Department, PhoneBook, Version=1.0.0.0, Culture=neutral, PublicKeyToken=null],[<>f__AnonymousType2`5[[System.Int32, System.Private.CoreLib, Version=8.0.0.0, Culture=neutral, PublicKeyToken=7cec85d7bea7798e],[System.String, System.Private.CoreLib, Version=8.0.0.0, Culture=neutral, PublicKeyToken=7cec85d7bea7798e],[System.Int32, System.Private.CoreLib, Version=8.0.0.0, Culture=neutral, PublicKeyToken=7cec85d7bea7798e],[System.Boolean, System.Private.CoreLib, Version=8.0.0.0, Culture=neutral, PublicKeyToken=7cec85d7bea7798e],[System.Collections.Generic.List`1[[System.Object, System.Private.CoreLib, Version=8.0.0.0, Culture=neutral, PublicKeyToken=7cec85d7bea7798e]], System.Private.CoreLib, Version=8.0.0.0, Culture=neutral, PublicKeyToken=7cec85d7bea7798e]], PhoneBook, Version=1.0.0.0, Culture=neutral, PublicKeyToken=null]]'.
info: Microsoft.AspNetCore.Mvc.Infrastructure.ControllerActionInvoker[102]
      Route matched with {action = "GetAllEmployees", controller = "Home"}. Executing controller action with signature System.Threading.Tasks.Task`1[Microsoft.AspNetCore.Mvc.IActionResult] GetAllEmployees() on controller PhoneBook.Controllers.HomeController (PhoneBook).
info: System.Net.Http.HttpClient.IApiService.LogicalHandler[100]
      Start processing HTTP request GET http://10.10.3.159:8683/api/Employees
info: Microsoft.AspNetCore.Mvc.Infrastructure.ControllerActionInvoker[105]
      Executed action PhoneBook.Controllers.HomeController.GetDepartments (PhoneBook) in 21.8526ms
info: System.Net.Http.HttpClient.IApiService.ClientHandler[100]
      Sending HTTP request GET http://10.10.3.159:8683/api/Employees
info: Microsoft.AspNetCore.Routing.EndpointMiddleware[1]
      Executed endpoint 'PhoneBook.Controllers.HomeController.GetDepartments (PhoneBook)'
info: Microsoft.AspNetCore.Hosting.Diagnostics[2]
      Request finished HTTP/2 GET https://localhost:44364/Home/GetDepartments - 200 - application/json;+charset=utf-8 36.6836ms
info: Microsoft.AspNetCore.StaticFiles.StaticFileMiddleware[6]
      The file /images/logoSagsnoWord.ico was not modified
info: Microsoft.AspNetCore.Hosting.Diagnostics[2]
      Request finished HTTP/2 GET https://localhost:44364/images/logoSagsnoWord.ico - 304 - image/x-icon 23.9802ms
info: System.Net.Http.HttpClient.IApiService.ClientHandler[101]
      Received HTTP response headers after 48.0073ms - 200
info: System.Net.Http.HttpClient.IApiService.LogicalHandler[101]
      End processing HTTP request after 55.8454ms - 200
info: Microsoft.AspNetCore.Mvc.Infrastructure.SystemTextJsonResultExecutor[1]
      Executing JsonResult, writing value of type 'System.Collections.Generic.List`1[[PhoneBook.Models.Employee, PhoneBook, Version=1.0.0.0, Culture=neutral, PublicKeyToken=null]]'.
info: Microsoft.AspNetCore.Mvc.Infrastructure.ControllerActionInvoker[105]
      Executed action PhoneBook.Controllers.HomeController.GetAllEmployees (PhoneBook) in 62.0744ms
info: Microsoft.AspNetCore.Routing.EndpointMiddleware[1]
      Executed endpoint 'PhoneBook.Controllers.HomeController.GetAllEmployees (PhoneBook)'
info: Microsoft.AspNetCore.Hosting.Diagnostics[2]
      Request finished HTTP/2 GET https://localhost:44364/Home/GetAllEmployees?sort=&group=&filter= - 200 - application/json;+charset=utf-8 80.5212ms
info: Microsoft.AspNetCore.Hosting.Diagnostics[1]
      Request starting HTTP/2 GET https://localhost:44364/Home/GetEmployeesByDepartment?departmentId=0 - application/json -
info: Microsoft.AspNetCore.Hosting.Diagnostics[1]
      Request starting HTTP/2 GET https://localhost:44364/Home/GetAllEmployees?sort=&group=&filter= - - -
info: Microsoft.AspNetCore.Routing.EndpointMiddleware[0]
      Executing endpoint 'PhoneBook.Controllers.HomeController.GetAllEmployees (PhoneBook)'
info: Microsoft.AspNetCore.Routing.EndpointMiddleware[0]
      Executing endpoint 'PhoneBook.Controllers.HomeController.GetEmployeesByDepartment (PhoneBook)'
info: Microsoft.AspNetCore.Mvc.Infrastructure.ControllerActionInvoker[102]
      Route matched with {action = "GetAllEmployees", controller = "Home"}. Executing controller action with signature System.Threading.Tasks.Task`1[Microsoft.AspNetCore.Mvc.IActionResult] GetAllEmployees() on controller PhoneBook.Controllers.HomeController (PhoneBook).
info: Microsoft.AspNetCore.Mvc.Infrastructure.ControllerActionInvoker[102]
      Route matched with {action = "GetEmployeesByDepartment", controller = "Home"}. Executing controller action with signature System.Threading.Tasks.Task`1[Microsoft.AspNetCore.Mvc.IActionResult] GetEmployeesByDepartment(Int32) on controller PhoneBook.Controllers.HomeController (PhoneBook).
info: System.Net.Http.HttpClient.IApiService.LogicalHandler[100]
      Start processing HTTP request GET http://10.10.3.159:8683/api/Employees
info: System.Net.Http.HttpClient.IApiService.ClientHandler[100]
      Sending HTTP request GET http://10.10.3.159:8683/api/Employees
info: System.Net.Http.HttpClient.IApiService.LogicalHandler[100]
      Start processing HTTP request GET http://10.10.3.159:8683/api/Departments/0/employees
info: System.Net.Http.HttpClient.IApiService.ClientHandler[100]
      Sending HTTP request GET http://10.10.3.159:8683/api/Departments/0/employees
info: System.Net.Http.HttpClient.IApiService.ClientHandler[101]
      Received HTTP response headers after 25.4959ms - 200
info: System.Net.Http.HttpClient.IApiService.LogicalHandler[101]
      End processing HTTP request after 32.0569ms - 200
info: Microsoft.AspNetCore.Mvc.Infrastructure.SystemTextJsonResultExecutor[1]
      Executing JsonResult, writing value of type 'System.Collections.Generic.List`1[[PhoneBook.Models.Employee, PhoneBook, Version=1.0.0.0, Culture=neutral, PublicKeyToken=null]]'.
info: Microsoft.AspNetCore.Mvc.Infrastructure.ControllerActionInvoker[105]
      Executed action PhoneBook.Controllers.HomeController.GetAllEmployees (PhoneBook) in 39.5228ms
info: Microsoft.AspNetCore.Routing.EndpointMiddleware[1]
      Executed endpoint 'PhoneBook.Controllers.HomeController.GetAllEmployees (PhoneBook)'
info: Microsoft.AspNetCore.Hosting.Diagnostics[2]
      Request finished HTTP/2 GET https://localhost:44364/Home/GetAllEmployees?sort=&group=&filter= - 200 - application/json;+charset=utf-8 53.7649ms
info: Microsoft.AspNetCore.Hosting.Diagnostics[1]
      Request starting HTTP/2 GET https://localhost:44364/Home/GetAllEmployees?sort=&group=&filter= - - -
info: Microsoft.AspNetCore.Routing.EndpointMiddleware[0]
      Executing endpoint 'PhoneBook.Controllers.HomeController.GetAllEmployees (PhoneBook)'
info: Microsoft.AspNetCore.Mvc.Infrastructure.ControllerActionInvoker[102]
      Route matched with {action = "GetAllEmployees", controller = "Home"}. Executing controller action with signature System.Threading.Tasks.Task`1[Microsoft.AspNetCore.Mvc.IActionResult] GetAllEmployees() on controller PhoneBook.Controllers.HomeController (PhoneBook).
info: System.Net.Http.HttpClient.IApiService.LogicalHandler[100]
      Start processing HTTP request GET http://10.10.3.159:8683/api/Employees
info: System.Net.Http.HttpClient.IApiService.ClientHandler[100]
      Sending HTTP request GET http://10.10.3.159:8683/api/Employees
info: System.Net.Http.HttpClient.IApiService.ClientHandler[101]
      Received HTTP response headers after 54.6151ms - 200
info: System.Net.Http.HttpClient.IApiService.LogicalHandler[101]
      End processing HTTP request after 62.9457ms - 200
info: Microsoft.AspNetCore.Mvc.Infrastructure.SystemTextJsonResultExecutor[1]
      Executing JsonResult, writing value of type 'System.Collections.Generic.List`1[[PhoneBook.Models.Employee, PhoneBook, Version=1.0.0.0, Culture=neutral, PublicKeyToken=null]]'.
info: Microsoft.AspNetCore.Mvc.Infrastructure.ControllerActionInvoker[105]
      Executed action PhoneBook.Controllers.HomeController.GetEmployeesByDepartment (PhoneBook) in 70.7803ms
info: Microsoft.AspNetCore.Routing.EndpointMiddleware[1]
      Executed endpoint 'PhoneBook.Controllers.HomeController.GetEmployeesByDepartment (PhoneBook)'
info: Microsoft.AspNetCore.Hosting.Diagnostics[1]
      Request starting HTTP/2 GET https://localhost:44364/Home/GetEmployeesByDepartment?departmentId=0 - application/json -
info: Microsoft.AspNetCore.Hosting.Diagnostics[2]
      Request finished HTTP/2 GET https://localhost:44364/Home/GetEmployeesByDepartment?departmentId=0 - 200 - application/json;+charset=utf-8 88.8460ms
info: Microsoft.AspNetCore.Routing.EndpointMiddleware[0]
      Executing endpoint 'PhoneBook.Controllers.HomeController.GetEmployeesByDepartment (PhoneBook)'
info: Microsoft.AspNetCore.Mvc.Infrastructure.ControllerActionInvoker[102]
      Route matched with {action = "GetEmployeesByDepartment", controller = "Home"}. Executing controller action with signature System.Threading.Tasks.Task`1[Microsoft.AspNetCore.Mvc.IActionResult] GetEmployeesByDepartment(Int32) on controller PhoneBook.Controllers.HomeController (PhoneBook).
info: System.Net.Http.HttpClient.IApiService.LogicalHandler[100]
      Start processing HTTP request GET http://10.10.3.159:8683/api/Departments/0/employees
info: System.Net.Http.HttpClient.IApiService.ClientHandler[100]
      Sending HTTP request GET http://10.10.3.159:8683/api/Departments/0/employees
info: System.Net.Http.HttpClient.IApiService.ClientHandler[101]
      Received HTTP response headers after 32.1757ms - 200
info: System.Net.Http.HttpClient.IApiService.LogicalHandler[101]
      End processing HTTP request after 38.4849ms - 200
info: Microsoft.AspNetCore.Mvc.Infrastructure.SystemTextJsonResultExecutor[1]
      Executing JsonResult, writing value of type 'System.Collections.Generic.List`1[[PhoneBook.Models.Employee, PhoneBook, Version=1.0.0.0, Culture=neutral, PublicKeyToken=null]]'.
info: Microsoft.AspNetCore.Mvc.Infrastructure.ControllerActionInvoker[105]
      Executed action PhoneBook.Controllers.HomeController.GetAllEmployees (PhoneBook) in 56.8441ms
info: Microsoft.AspNetCore.Routing.EndpointMiddleware[1]
      Executed endpoint 'PhoneBook.Controllers.HomeController.GetAllEmployees (PhoneBook)'
info: Microsoft.AspNetCore.Hosting.Diagnostics[2]
      Request finished HTTP/2 GET https://localhost:44364/Home/GetAllEmployees?sort=&group=&filter= - 200 - application/json;+charset=utf-8 68.3148ms
info: System.Net.Http.HttpClient.IApiService.ClientHandler[101]
      Received HTTP response headers after 35.9416ms - 200
info: System.Net.Http.HttpClient.IApiService.LogicalHandler[101]
      End processing HTTP request after 43.1603ms - 200
info: Microsoft.AspNetCore.Mvc.Infrastructure.SystemTextJsonResultExecutor[1]
      Executing JsonResult, writing value of type 'System.Collections.Generic.List`1[[PhoneBook.Models.Employee, PhoneBook, Version=1.0.0.0, Culture=neutral, PublicKeyToken=null]]'.
info: Microsoft.AspNetCore.Mvc.Infrastructure.ControllerActionInvoker[105]
      Executed action PhoneBook.Controllers.HomeController.GetEmployeesByDepartment (PhoneBook) in 50.6946ms
info: Microsoft.AspNetCore.Routing.EndpointMiddleware[1]
      Executed endpoint 'PhoneBook.Controllers.HomeController.GetEmployeesByDepartment (PhoneBook)'
info: Microsoft.AspNetCore.Hosting.Diagnostics[2]
      Request finished HTTP/2 GET https://localhost:44364/Home/GetEmployeesByDepartment?departmentId=0 - 200 - application/json;+charset=utf-8 65.3206ms
info: Microsoft.AspNetCore.Hosting.Diagnostics[1]
      Request starting HTTP/2 GET https://localhost:44364/Home/GetEmployeesByDepartment?departmentId=0 - application/json -
info: Microsoft.AspNetCore.Routing.EndpointMiddleware[0]
      Executing endpoint 'PhoneBook.Controllers.HomeController.GetEmployeesByDepartment (PhoneBook)'
info: Microsoft.AspNetCore.Mvc.Infrastructure.ControllerActionInvoker[102]
      Route matched with {action = "GetEmployeesByDepartment", controller = "Home"}. Executing controller action with signature System.Threading.Tasks.Task`1[Microsoft.AspNetCore.Mvc.IActionResult] GetEmployeesByDepartment(Int32) on controller PhoneBook.Controllers.HomeController (PhoneBook).
info: System.Net.Http.HttpClient.IApiService.LogicalHandler[100]
      Start processing HTTP request GET http://10.10.3.159:8683/api/Departments/0/employees
info: System.Net.Http.HttpClient.IApiService.ClientHandler[100]
      Sending HTTP request GET http://10.10.3.159:8683/api/Departments/0/employees
info: System.Net.Http.HttpClient.IApiService.ClientHandler[101]
      Received HTTP response headers after 63.2489ms - 200
info: System.Net.Http.HttpClient.IApiService.LogicalHandler[101]
      End processing HTTP request after 69.0473ms - 200
info: Microsoft.AspNetCore.Mvc.Infrastructure.SystemTextJsonResultExecutor[1]
      Executing JsonResult, writing value of type 'System.Collections.Generic.List`1[[PhoneBook.Models.Employee, PhoneBook, Version=1.0.0.0, Culture=neutral, PublicKeyToken=null]]'.
info: Microsoft.AspNetCore.Mvc.Infrastructure.ControllerActionInvoker[105]
      Executed action PhoneBook.Controllers.HomeController.GetEmployeesByDepartment (PhoneBook) in 76.0216ms
info: Microsoft.AspNetCore.Routing.EndpointMiddleware[1]
      Executed endpoint 'PhoneBook.Controllers.HomeController.GetEmployeesByDepartment (PhoneBook)'
info: Microsoft.AspNetCore.Hosting.Diagnostics[2]
      Request finished HTTP/2 GET https://localhost:44364/Home/GetEmployeesByDepartment?departmentId=0 - 200 - application/json;+charset=utf-8 87.7463ms
info: Microsoft.AspNetCore.Hosting.Diagnostics[1]
      Request starting HTTP/2 GET https://localhost:44364/ - - -
info: Microsoft.AspNetCore.Routing.EndpointMiddleware[0]
      Executing endpoint 'PhoneBook.Controllers.HomeController.Index (PhoneBook)'
info: Microsoft.AspNetCore.Mvc.Infrastructure.ControllerActionInvoker[102]
      Route matched with {action = "Index", controller = "Home"}. Executing controller action with signature System.Threading.Tasks.Task`1[Microsoft.AspNetCore.Mvc.IActionResult] Index() on controller PhoneBook.Controllers.HomeController (PhoneBook).
info: System.Net.Http.HttpClient.IApiService.LogicalHandler[100]
      Start processing HTTP request GET http://10.10.3.159:8683/api/Departments
info: System.Net.Http.HttpClient.IApiService.ClientHandler[100]
      Sending HTTP request GET http://10.10.3.159:8683/api/Departments
info: System.Net.Http.HttpClient.IApiService.ClientHandler[101]
      Received HTTP response headers after 7.3412ms - 200
info: System.Net.Http.HttpClient.IApiService.LogicalHandler[101]
      End processing HTTP request after 13.1636ms - 200
info: Microsoft.AspNetCore.Mvc.ViewFeatures.ViewResultExecutor[1]
      Executing ViewResult, running view Index.
info: Microsoft.AspNetCore.Mvc.ViewFeatures.ViewResultExecutor[4]
      Executed ViewResult - view Index executed in 22.8505ms.
info: Microsoft.AspNetCore.Mvc.Infrastructure.ControllerActionInvoker[105]
      Executed action PhoneBook.Controllers.HomeController.Index (PhoneBook) in 40.9825ms
info: Microsoft.AspNetCore.Routing.EndpointMiddleware[1]
      Executed endpoint 'PhoneBook.Controllers.HomeController.Index (PhoneBook)'
info: Microsoft.AspNetCore.Hosting.Diagnostics[2]
      Request finished HTTP/2 GET https://localhost:44364/ - 200 - text/html;+charset=utf-8 54.7666ms
info: Microsoft.AspNetCore.Hosting.Diagnostics[1]
      Request starting HTTP/2 GET https://localhost:44364/_vs/browserLink - - -
info: Microsoft.AspNetCore.Hosting.Diagnostics[1]
      Request starting HTTP/2 GET https://localhost:44364/_framework/aspnetcore-browser-refresh.js - - -
info: Microsoft.AspNetCore.Hosting.Diagnostics[2]
      Request finished HTTP/2 GET https://localhost:44364/_framework/aspnetcore-browser-refresh.js - 200 16503 application/javascript;+charset=utf-8 9.6176ms
info: Microsoft.AspNetCore.Hosting.Diagnostics[1]
      Request starting HTTP/2 GET https://localhost:44364/Home/GetDepartments - - -
info: Microsoft.AspNetCore.Routing.EndpointMiddleware[0]
      Executing endpoint 'PhoneBook.Controllers.HomeController.GetDepartments (PhoneBook)'
info: Microsoft.AspNetCore.Hosting.Diagnostics[2]
      Request finished HTTP/2 GET https://localhost:44364/_vs/browserLink - 200 - text/javascript;+charset=UTF-8 16.8958ms
info: Microsoft.AspNetCore.Mvc.Infrastructure.ControllerActionInvoker[102]
      Route matched with {action = "GetDepartments", controller = "Home"}. Executing controller action with signature System.Threading.Tasks.Task`1[Microsoft.AspNetCore.Mvc.IActionResult] GetDepartments() on controller PhoneBook.Controllers.HomeController (PhoneBook).
info: System.Net.Http.HttpClient.IApiService.LogicalHandler[100]
      Start processing HTTP request GET http://10.10.3.159:8683/api/Departments
info: System.Net.Http.HttpClient.IApiService.ClientHandler[100]
      Sending HTTP request GET http://10.10.3.159:8683/api/Departments
info: System.Net.Http.HttpClient.IApiService.ClientHandler[101]
      Received HTTP response headers after 2.2334ms - 200
info: System.Net.Http.HttpClient.IApiService.LogicalHandler[101]
      End processing HTTP request after 8.1782ms - 200
info: Microsoft.AspNetCore.Hosting.Diagnostics[1]
      Request starting HTTP/2 GET https://localhost:44364/Home/GetAllEmployees?sort=&group=&filter= - - -
info: Microsoft.AspNetCore.Mvc.Infrastructure.SystemTextJsonResultExecutor[1]
      Executing JsonResult, writing value of type 'System.Linq.Enumerable+SelectListIterator`2[[PhoneBook.Models.Department, PhoneBook, Version=1.0.0.0, Culture=neutral, PublicKeyToken=null],[<>f__AnonymousType2`5[[System.Int32, System.Private.CoreLib, Version=8.0.0.0, Culture=neutral, PublicKeyToken=7cec85d7bea7798e],[System.String, System.Private.CoreLib, Version=8.0.0.0, Culture=neutral, PublicKeyToken=7cec85d7bea7798e],[System.Int32, System.Private.CoreLib, Version=8.0.0.0, Culture=neutral, PublicKeyToken=7cec85d7bea7798e],[System.Boolean, System.Private.CoreLib, Version=8.0.0.0, Culture=neutral, PublicKeyToken=7cec85d7bea7798e],[System.Collections.Generic.List`1[[System.Object, System.Private.CoreLib, Version=8.0.0.0, Culture=neutral, PublicKeyToken=7cec85d7bea7798e]], System.Private.CoreLib, Version=8.0.0.0, Culture=neutral, PublicKeyToken=7cec85d7bea7798e]], PhoneBook, Version=1.0.0.0, Culture=neutral, PublicKeyToken=null]]'.
info: Microsoft.AspNetCore.Routing.EndpointMiddleware[0]
      Executing endpoint 'PhoneBook.Controllers.HomeController.GetAllEmployees (PhoneBook)'
info: Microsoft.AspNetCore.Mvc.Infrastructure.ControllerActionInvoker[105]
      Executed action PhoneBook.Controllers.HomeController.GetDepartments (PhoneBook) in 17.5933ms
info: Microsoft.AspNetCore.Mvc.Infrastructure.ControllerActionInvoker[102]
      Route matched with {action = "GetAllEmployees", controller = "Home"}. Executing controller action with signature System.Threading.Tasks.Task`1[Microsoft.AspNetCore.Mvc.IActionResult] GetAllEmployees() on controller PhoneBook.Controllers.HomeController (PhoneBook).
info: Microsoft.AspNetCore.Routing.EndpointMiddleware[1]
      Executed endpoint 'PhoneBook.Controllers.HomeController.GetDepartments (PhoneBook)'
info: System.Net.Http.HttpClient.IApiService.LogicalHandler[100]
      Start processing HTTP request GET http://10.10.3.159:8683/api/Employees
info: Microsoft.AspNetCore.Hosting.Diagnostics[2]
      Request finished HTTP/2 GET https://localhost:44364/Home/GetDepartments - 200 - application/json;+charset=utf-8 33.0094ms
info: System.Net.Http.HttpClient.IApiService.ClientHandler[100]
      Sending HTTP request GET http://10.10.3.159:8683/api/Employees
info: System.Net.Http.HttpClient.IApiService.ClientHandler[101]
      Received HTTP response headers after 29.0048ms - 200
info: System.Net.Http.HttpClient.IApiService.LogicalHandler[101]
      End processing HTTP request after 38.5242ms - 200
info: Microsoft.AspNetCore.Mvc.Infrastructure.SystemTextJsonResultExecutor[1]
      Executing JsonResult, writing value of type 'System.Collections.Generic.List`1[[PhoneBook.Models.Employee, PhoneBook, Version=1.0.0.0, Culture=neutral, PublicKeyToken=null]]'.
info: Microsoft.AspNetCore.Mvc.Infrastructure.ControllerActionInvoker[105]
      Executed action PhoneBook.Controllers.HomeController.GetAllEmployees (PhoneBook) in 46.7482ms
info: Microsoft.AspNetCore.Routing.EndpointMiddleware[1]
      Executed endpoint 'PhoneBook.Controllers.HomeController.GetAllEmployees (PhoneBook)'
info: Microsoft.AspNetCore.Hosting.Diagnostics[2]
      Request finished HTTP/2 GET https://localhost:44364/Home/GetAllEmployees?sort=&group=&filter= - 200 - application/json;+charset=utf-8 65.4275ms
info: Microsoft.AspNetCore.Hosting.Diagnostics[1]
      Request starting HTTP/2 GET https://localhost:44364/Home/GetAllEmployees?sort=&group=&filter= - - -
info: Microsoft.AspNetCore.Hosting.Diagnostics[1]
      Request starting HTTP/2 GET https://localhost:44364/Home/GetEmployeesByDepartment?departmentId=0 - application/json -
info: Microsoft.AspNetCore.Routing.EndpointMiddleware[0]
      Executing endpoint 'PhoneBook.Controllers.HomeController.GetAllEmployees (PhoneBook)'
info: Microsoft.AspNetCore.Routing.EndpointMiddleware[0]
      Executing endpoint 'PhoneBook.Controllers.HomeController.GetEmployeesByDepartment (PhoneBook)'
info: Microsoft.AspNetCore.Mvc.Infrastructure.ControllerActionInvoker[102]
      Route matched with {action = "GetAllEmployees", controller = "Home"}. Executing controller action with signature System.Threading.Tasks.Task`1[Microsoft.AspNetCore.Mvc.IActionResult] GetAllEmployees() on controller PhoneBook.Controllers.HomeController (PhoneBook).
info: Microsoft.AspNetCore.Mvc.Infrastructure.ControllerActionInvoker[102]
      Route matched with {action = "GetEmployeesByDepartment", controller = "Home"}. Executing controller action with signature System.Threading.Tasks.Task`1[Microsoft.AspNetCore.Mvc.IActionResult] GetEmployeesByDepartment(Int32) on controller PhoneBook.Controllers.HomeController (PhoneBook).
info: System.Net.Http.HttpClient.IApiService.LogicalHandler[100]
      Start processing HTTP request GET http://10.10.3.159:8683/api/Employees
info: System.Net.Http.HttpClient.IApiService.ClientHandler[100]
      Sending HTTP request GET http://10.10.3.159:8683/api/Employees
info: System.Net.Http.HttpClient.IApiService.LogicalHandler[100]
      Start processing HTTP request GET http://10.10.3.159:8683/api/Departments/0/employees
info: System.Net.Http.HttpClient.IApiService.ClientHandler[100]
      Sending HTTP request GET http://10.10.3.159:8683/api/Departments/0/employees
info: System.Net.Http.HttpClient.IApiService.ClientHandler[101]
      Received HTTP response headers after 10.7519ms - 200
info: System.Net.Http.HttpClient.IApiService.LogicalHandler[101]
      End processing HTTP request after 17.8037ms - 200
info: Microsoft.AspNetCore.Mvc.Infrastructure.SystemTextJsonResultExecutor[1]
      Executing JsonResult, writing value of type 'System.Collections.Generic.List`1[[PhoneBook.Models.Employee, PhoneBook, Version=1.0.0.0, Culture=neutral, PublicKeyToken=null]]'.
info: Microsoft.AspNetCore.Mvc.Infrastructure.ControllerActionInvoker[105]
      Executed action PhoneBook.Controllers.HomeController.GetAllEmployees (PhoneBook) in 26.0319ms
info: Microsoft.AspNetCore.Routing.EndpointMiddleware[1]
      Executed endpoint 'PhoneBook.Controllers.HomeController.GetAllEmployees (PhoneBook)'
info: Microsoft.AspNetCore.Hosting.Diagnostics[2]
      Request finished HTTP/2 GET https://localhost:44364/Home/GetAllEmployees?sort=&group=&filter= - 200 - application/json;+charset=utf-8 40.8498ms
info: Microsoft.AspNetCore.Hosting.Diagnostics[1]
      Request starting HTTP/2 GET https://localhost:44364/Home/GetAllEmployees?sort=&group=&filter= - - -
info: Microsoft.AspNetCore.Routing.EndpointMiddleware[0]
      Executing endpoint 'PhoneBook.Controllers.HomeController.GetAllEmployees (PhoneBook)'
info: Microsoft.AspNetCore.Mvc.Infrastructure.ControllerActionInvoker[102]
      Route matched with {action = "GetAllEmployees", controller = "Home"}. Executing controller action with signature System.Threading.Tasks.Task`1[Microsoft.AspNetCore.Mvc.IActionResult] GetAllEmployees() on controller PhoneBook.Controllers.HomeController (PhoneBook).
info: System.Net.Http.HttpClient.IApiService.LogicalHandler[100]
      Start processing HTTP request GET http://10.10.3.159:8683/api/Employees
info: System.Net.Http.HttpClient.IApiService.ClientHandler[101]
      Received HTTP response headers after 32.6008ms - 200
info: System.Net.Http.HttpClient.IApiService.ClientHandler[100]
      Sending HTTP request GET http://10.10.3.159:8683/api/Employees
info: System.Net.Http.HttpClient.IApiService.LogicalHandler[101]
      End processing HTTP request after 39.8861ms - 200
info: Microsoft.AspNetCore.Mvc.Infrastructure.SystemTextJsonResultExecutor[1]
      Executing JsonResult, writing value of type 'System.Collections.Generic.List`1[[PhoneBook.Models.Employee, PhoneBook, Version=1.0.0.0, Culture=neutral, PublicKeyToken=null]]'.
info: Microsoft.AspNetCore.Mvc.Infrastructure.ControllerActionInvoker[105]
      Executed action PhoneBook.Controllers.HomeController.GetEmployeesByDepartment (PhoneBook) in 54.4132ms
info: System.Net.Http.HttpClient.IApiService.ClientHandler[101]
      Received HTTP response headers after 11.1911ms - 200
info: Microsoft.AspNetCore.Routing.EndpointMiddleware[1]
      Executed endpoint 'PhoneBook.Controllers.HomeController.GetEmployeesByDepartment (PhoneBook)'
info: Microsoft.AspNetCore.Hosting.Diagnostics[1]
      Request starting HTTP/2 GET https://localhost:44364/Home/GetEmployeesByDepartment?departmentId=0 - application/json -
info: System.Net.Http.HttpClient.IApiService.LogicalHandler[101]
      End processing HTTP request after 19.3157ms - 200
info: Microsoft.AspNetCore.Routing.EndpointMiddleware[0]
      Executing endpoint 'PhoneBook.Controllers.HomeController.GetEmployeesByDepartment (PhoneBook)'
info: Microsoft.AspNetCore.Hosting.Diagnostics[2]
      Request finished HTTP/2 GET https://localhost:44364/Home/GetEmployeesByDepartment?departmentId=0 - 200 - application/json;+charset=utf-8 76.1257ms
info: Microsoft.AspNetCore.Mvc.Infrastructure.ControllerActionInvoker[102]
      Route matched with {action = "GetEmployeesByDepartment", controller = "Home"}. Executing controller action with signature System.Threading.Tasks.Task`1[Microsoft.AspNetCore.Mvc.IActionResult] GetEmployeesByDepartment(Int32) on controller PhoneBook.Controllers.HomeController (PhoneBook).
info: System.Net.Http.HttpClient.IApiService.LogicalHandler[100]
      Start processing HTTP request GET http://10.10.3.159:8683/api/Departments/0/employees
info: System.Net.Http.HttpClient.IApiService.ClientHandler[100]
      Sending HTTP request GET http://10.10.3.159:8683/api/Departments/0/employees
info: Microsoft.AspNetCore.Mvc.Infrastructure.SystemTextJsonResultExecutor[1]
      Executing JsonResult, writing value of type 'System.Collections.Generic.List`1[[PhoneBook.Models.Employee, PhoneBook, Version=1.0.0.0, Culture=neutral, PublicKeyToken=null]]'.
info: Microsoft.AspNetCore.Mvc.Infrastructure.ControllerActionInvoker[105]
      Executed action PhoneBook.Controllers.HomeController.GetAllEmployees (PhoneBook) in 41.0945ms
info: Microsoft.AspNetCore.Routing.EndpointMiddleware[1]
      Executed endpoint 'PhoneBook.Controllers.HomeController.GetAllEmployees (PhoneBook)'
info: Microsoft.AspNetCore.Hosting.Diagnostics[2]
      Request finished HTTP/2 GET https://localhost:44364/Home/GetAllEmployees?sort=&group=&filter= - 200 - application/json;+charset=utf-8 51.5306ms
info: System.Net.Http.HttpClient.IApiService.ClientHandler[101]
      Received HTTP response headers after 27.2827ms - 200
info: System.Net.Http.HttpClient.IApiService.LogicalHandler[101]
      End processing HTTP request after 32.8764ms - 200
info: Microsoft.AspNetCore.Mvc.Infrastructure.SystemTextJsonResultExecutor[1]
      Executing JsonResult, writing value of type 'System.Collections.Generic.List`1[[PhoneBook.Models.Employee, PhoneBook, Version=1.0.0.0, Culture=neutral, PublicKeyToken=null]]'.
info: Microsoft.AspNetCore.Mvc.Infrastructure.ControllerActionInvoker[105]
      Executed action PhoneBook.Controllers.HomeController.GetEmployeesByDepartment (PhoneBook) in 39.4365ms
info: Microsoft.AspNetCore.Routing.EndpointMiddleware[1]
      Executed endpoint 'PhoneBook.Controllers.HomeController.GetEmployeesByDepartment (PhoneBook)'
info: Microsoft.AspNetCore.Hosting.Diagnostics[2]
      Request finished HTTP/2 GET https://localhost:44364/Home/GetEmployeesByDepartment?departmentId=0 - 200 - application/json;+charset=utf-8 56.9246ms
info: Microsoft.AspNetCore.Hosting.Diagnostics[1]
      Request starting HTTP/2 GET https://localhost:44364/Home/GetEmployeesByDepartment?departmentId=0 - application/json -
info: Microsoft.AspNetCore.Routing.EndpointMiddleware[0]
      Executing endpoint 'PhoneBook.Controllers.HomeController.GetEmployeesByDepartment (PhoneBook)'
info: Microsoft.AspNetCore.Mvc.Infrastructure.ControllerActionInvoker[102]
      Route matched with {action = "GetEmployeesByDepartment", controller = "Home"}. Executing controller action with signature System.Threading.Tasks.Task`1[Microsoft.AspNetCore.Mvc.IActionResult] GetEmployeesByDepartment(Int32) on controller PhoneBook.Controllers.HomeController (PhoneBook).
info: System.Net.Http.HttpClient.IApiService.LogicalHandler[100]
      Start processing HTTP request GET http://10.10.3.159:8683/api/Departments/0/employees
info: System.Net.Http.HttpClient.IApiService.ClientHandler[100]
      Sending HTTP request GET http://10.10.3.159:8683/api/Departments/0/employees
info: System.Net.Http.HttpClient.IApiService.ClientHandler[101]
      Received HTTP response headers after 56.7644ms - 200
info: System.Net.Http.HttpClient.IApiService.LogicalHandler[101]
      End processing HTTP request after 62.9125ms - 200
info: Microsoft.AspNetCore.Mvc.Infrastructure.SystemTextJsonResultExecutor[1]
      Executing JsonResult, writing value of type 'System.Collections.Generic.List`1[[PhoneBook.Models.Employee, PhoneBook, Version=1.0.0.0, Culture=neutral, PublicKeyToken=null]]'.
info: Microsoft.AspNetCore.Mvc.Infrastructure.ControllerActionInvoker[105]
      Executed action PhoneBook.Controllers.HomeController.GetEmployeesByDepartment (PhoneBook) in 70.1253ms
info: Microsoft.AspNetCore.Routing.EndpointMiddleware[1]
      Executed endpoint 'PhoneBook.Controllers.HomeController.GetEmployeesByDepartment (PhoneBook)'
info: Microsoft.AspNetCore.Hosting.Diagnostics[2]
      Request finished HTTP/2 GET https://localhost:44364/Home/GetEmployeesByDepartment?departmentId=0 - 200 - application/json;+charset=utf-8 81.7683ms
info: Microsoft.AspNetCore.Hosting.Diagnostics[1]
      Request starting HTTP/2 POST https://localhost:44364/Account/Logout - application/x-www-form-urlencoded 225
info: Microsoft.AspNetCore.Routing.EndpointMiddleware[0]
      Executing endpoint 'PhoneBook.Controllers.AccountController.Logout (PhoneBook)'
info: Microsoft.AspNetCore.Mvc.Infrastructure.ControllerActionInvoker[102]
      Route matched with {action = "Logout", controller = "Account"}. Executing controller action with signature System.Threading.Tasks.Task`1[Microsoft.AspNetCore.Mvc.IActionResult] Logout() on controller PhoneBook.Controllers.AccountController (PhoneBook).
info: Microsoft.AspNetCore.Authentication.Cookies.CookieAuthenticationHandler[11]
      AuthenticationScheme: Cookies signed out.
info: Microsoft.AspNetCore.Mvc.RedirectToActionResult[1]
      Executing RedirectResult, redirecting to /Account/Login.
info: Microsoft.AspNetCore.Mvc.Infrastructure.ControllerActionInvoker[105]
      Executed action PhoneBook.Controllers.AccountController.Logout (PhoneBook) in 4.111ms
info: Microsoft.AspNetCore.Routing.EndpointMiddleware[1]
      Executed endpoint 'PhoneBook.Controllers.AccountController.Logout (PhoneBook)'
info: Microsoft.AspNetCore.Hosting.Diagnostics[2]
      Request finished HTTP/2 POST https://localhost:44364/Account/Logout - 302 - - 16.6193ms
info: Microsoft.AspNetCore.Hosting.Diagnostics[1]
      Request starting HTTP/2 GET https://localhost:44364/Account/Login - - -
info: Microsoft.AspNetCore.Routing.EndpointMiddleware[0]
      Executing endpoint 'PhoneBook.Controllers.AccountController.Login (PhoneBook)'
info: Microsoft.AspNetCore.Mvc.Infrastructure.ControllerActionInvoker[102]
      Route matched with {action = "Login", controller = "Account"}. Executing controller action with signature Microsoft.AspNetCore.Mvc.IActionResult Login(System.String) on controller PhoneBook.Controllers.AccountController (PhoneBook).
info: Microsoft.AspNetCore.Mvc.ViewFeatures.ViewResultExecutor[1]
      Executing ViewResult, running view Login.
info: Microsoft.AspNetCore.Mvc.ViewFeatures.ViewResultExecutor[4]
      Executed ViewResult - view Login executed in 5.6447ms.
info: Microsoft.AspNetCore.Mvc.Infrastructure.ControllerActionInvoker[105]
      Executed action PhoneBook.Controllers.AccountController.Login (PhoneBook) in 7.3704ms
info: Microsoft.AspNetCore.Routing.EndpointMiddleware[1]
      Executed endpoint 'PhoneBook.Controllers.AccountController.Login (PhoneBook)'
info: Microsoft.AspNetCore.Hosting.Diagnostics[2]
      Request finished HTTP/2 GET https://localhost:44364/Account/Login - 200 - text/html;+charset=utf-8 17.7760ms
info: Microsoft.AspNetCore.Hosting.Diagnostics[1]
      Request starting HTTP/2 GET https://localhost:44364/_vs/browserLink - - -
info: Microsoft.AspNetCore.Hosting.Diagnostics[1]
      Request starting HTTP/2 GET https://localhost:44364/_framework/aspnetcore-browser-refresh.js - - -
info: Microsoft.AspNetCore.Hosting.Diagnostics[2]
      Request finished HTTP/2 GET https://localhost:44364/_framework/aspnetcore-browser-refresh.js - 200 16503 application/javascript;+charset=utf-8 5.4032ms
info: Microsoft.AspNetCore.Hosting.Diagnostics[2]
      Request finished HTTP/2 GET https://localhost:44364/_vs/browserLink - 200 - text/javascript;+charset=UTF-8 11.5477ms
info: Microsoft.AspNetCore.Hosting.Diagnostics[1]
      Request starting HTTP/2 POST https://localhost:44364/Account/Login - application/x-www-form-urlencoded 245
info: Microsoft.AspNetCore.Routing.EndpointMiddleware[0]
      Executing endpoint 'PhoneBook.Controllers.AccountController.Login (PhoneBook)'
info: Microsoft.AspNetCore.Mvc.Infrastructure.ControllerActionInvoker[102]
      Route matched with {action = "Login", controller = "Account"}. Executing controller action with signature System.Threading.Tasks.Task`1[Microsoft.AspNetCore.Mvc.IActionResult] Login(PhoneBook.Models.LoginViewModel, System.String) on controller PhoneBook.Controllers.AccountController (PhoneBook).
info: System.Net.Http.HttpClient.IApiService.LogicalHandler[100]
      Start processing HTTP request POST http://10.10.3.159:8683/api/Auth/login
info: System.Net.Http.HttpClient.IApiService.ClientHandler[100]
      Sending HTTP request POST http://10.10.3.159:8683/api/Auth/login
info: System.Net.Http.HttpClient.IApiService.ClientHandler[101]
      Received HTTP response headers after 1.4258ms - 200
info: System.Net.Http.HttpClient.IApiService.LogicalHandler[101]
      End processing HTTP request after 7.0567ms - 200
info: System.Net.Http.HttpClient.IApiService.LogicalHandler[100]
      Start processing HTTP request POST http://10.10.3.159:8683/api/Account/login
info: System.Net.Http.HttpClient.IApiService.ClientHandler[100]
      Sending HTTP request POST http://10.10.3.159:8683/api/Account/login
info: System.Net.Http.HttpClient.IApiService.ClientHandler[101]
      Received HTTP response headers after 36.7578ms - 200
info: System.Net.Http.HttpClient.IApiService.LogicalHandler[101]
      End processing HTTP request after 42.6337ms - 200
info: Microsoft.AspNetCore.Authentication.Cookies.CookieAuthenticationHandler[10]
      AuthenticationScheme: Cookies signed in.
info: Microsoft.AspNetCore.Mvc.RedirectToActionResult[1]
      Executing RedirectResult, redirecting to /.
info: Microsoft.AspNetCore.Mvc.Infrastructure.ControllerActionInvoker[105]
      Executed action PhoneBook.Controllers.AccountController.Login (PhoneBook) in 59.3717ms
info: Microsoft.AspNetCore.Routing.EndpointMiddleware[1]
      Executed endpoint 'PhoneBook.Controllers.AccountController.Login (PhoneBook)'
info: Microsoft.AspNetCore.Hosting.Diagnostics[2]
      Request finished HTTP/2 POST https://localhost:44364/Account/Login - 302 - - 71.1432ms
info: Microsoft.AspNetCore.Hosting.Diagnostics[1]
      Request starting HTTP/2 GET https://localhost:44364/ - - -
info: Microsoft.AspNetCore.Routing.EndpointMiddleware[0]
      Executing endpoint 'PhoneBook.Controllers.HomeController.Index (PhoneBook)'
info: Microsoft.AspNetCore.Mvc.Infrastructure.ControllerActionInvoker[102]
      Route matched with {action = "Index", controller = "Home"}. Executing controller action with signature System.Threading.Tasks.Task`1[Microsoft.AspNetCore.Mvc.IActionResult] Index() on controller PhoneBook.Controllers.HomeController (PhoneBook).
info: System.Net.Http.HttpClient.IApiService.LogicalHandler[100]
      Start processing HTTP request GET http://10.10.3.159:8683/api/Departments
info: System.Net.Http.HttpClient.IApiService.ClientHandler[100]
      Sending HTTP request GET http://10.10.3.159:8683/api/Departments
info: System.Net.Http.HttpClient.IApiService.ClientHandler[101]
      Received HTTP response headers after 3.449ms - 200
info: System.Net.Http.HttpClient.IApiService.LogicalHandler[101]
      End processing HTTP request after 8.8918ms - 200
info: Microsoft.AspNetCore.Mvc.ViewFeatures.ViewResultExecutor[1]
      Executing ViewResult, running view Index.
info: Microsoft.AspNetCore.Mvc.ViewFeatures.ViewResultExecutor[4]
      Executed ViewResult - view Index executed in 5.883ms.
info: Microsoft.AspNetCore.Mvc.Infrastructure.ControllerActionInvoker[105]
      Executed action PhoneBook.Controllers.HomeController.Index (PhoneBook) in 19.1862ms
info: Microsoft.AspNetCore.Routing.EndpointMiddleware[1]
      Executed endpoint 'PhoneBook.Controllers.HomeController.Index (PhoneBook)'
info: Microsoft.AspNetCore.Hosting.Diagnostics[2]
      Request finished HTTP/2 GET https://localhost:44364/ - 200 - text/html;+charset=utf-8 30.8952ms
info: Microsoft.AspNetCore.Hosting.Diagnostics[1]
      Request starting HTTP/2 GET https://localhost:44364/_vs/browserLink - - -
info: Microsoft.AspNetCore.Hosting.Diagnostics[1]
      Request starting HTTP/2 GET https://localhost:44364/_framework/aspnetcore-browser-refresh.js - - -
info: Microsoft.AspNetCore.Hosting.Diagnostics[2]
      Request finished HTTP/2 GET https://localhost:44364/_framework/aspnetcore-browser-refresh.js - 200 16503 application/javascript;+charset=utf-8 4.1482ms
info: Microsoft.AspNetCore.Hosting.Diagnostics[1]
      Request starting HTTP/2 GET https://localhost:44364/Home/GetDepartments - - -
info: Microsoft.AspNetCore.Hosting.Diagnostics[2]
      Request finished HTTP/2 GET https://localhost:44364/_vs/browserLink - 200 - text/javascript;+charset=UTF-8 13.1071ms
info: Microsoft.AspNetCore.Routing.EndpointMiddleware[0]
      Executing endpoint 'PhoneBook.Controllers.HomeController.GetDepartments (PhoneBook)'
info: Microsoft.AspNetCore.Mvc.Infrastructure.ControllerActionInvoker[102]
      Route matched with {action = "GetDepartments", controller = "Home"}. Executing controller action with signature System.Threading.Tasks.Task`1[Microsoft.AspNetCore.Mvc.IActionResult] GetDepartments() on controller PhoneBook.Controllers.HomeController (PhoneBook).
info: System.Net.Http.HttpClient.IApiService.LogicalHandler[100]
      Start processing HTTP request GET http://10.10.3.159:8683/api/Departments
info: System.Net.Http.HttpClient.IApiService.ClientHandler[100]
      Sending HTTP request GET http://10.10.3.159:8683/api/Departments
info: System.Net.Http.HttpClient.IApiService.ClientHandler[101]
      Received HTTP response headers after 2.2236ms - 200
info: Microsoft.AspNetCore.Hosting.Diagnostics[1]
      Request starting HTTP/2 GET https://localhost:44364/Home/GetAllEmployees?sort=&group=&filter= - - -
info: System.Net.Http.HttpClient.IApiService.LogicalHandler[101]
      End processing HTTP request after 7.9877ms - 200
info: Microsoft.AspNetCore.Routing.EndpointMiddleware[0]
      Executing endpoint 'PhoneBook.Controllers.HomeController.GetAllEmployees (PhoneBook)'
info: Microsoft.AspNetCore.Mvc.Infrastructure.SystemTextJsonResultExecutor[1]
      Executing JsonResult, writing value of type 'System.Linq.Enumerable+SelectListIterator`2[[PhoneBook.Models.Department, PhoneBook, Version=1.0.0.0, Culture=neutral, PublicKeyToken=null],[<>f__AnonymousType2`5[[System.Int32, System.Private.CoreLib, Version=8.0.0.0, Culture=neutral, PublicKeyToken=7cec85d7bea7798e],[System.String, System.Private.CoreLib, Version=8.0.0.0, Culture=neutral, PublicKeyToken=7cec85d7bea7798e],[System.Int32, System.Private.CoreLib, Version=8.0.0.0, Culture=neutral, PublicKeyToken=7cec85d7bea7798e],[System.Boolean, System.Private.CoreLib, Version=8.0.0.0, Culture=neutral, PublicKeyToken=7cec85d7bea7798e],[System.Collections.Generic.List`1[[System.Object, System.Private.CoreLib, Version=8.0.0.0, Culture=neutral, PublicKeyToken=7cec85d7bea7798e]], System.Private.CoreLib, Version=8.0.0.0, Culture=neutral, PublicKeyToken=7cec85d7bea7798e]], PhoneBook, Version=1.0.0.0, Culture=neutral, PublicKeyToken=null]]'.
info: Microsoft.AspNetCore.Mvc.Infrastructure.ControllerActionInvoker[102]
      Route matched with {action = "GetAllEmployees", controller = "Home"}. Executing controller action with signature System.Threading.Tasks.Task`1[Microsoft.AspNetCore.Mvc.IActionResult] GetAllEmployees() on controller PhoneBook.Controllers.HomeController (PhoneBook).
info: System.Net.Http.HttpClient.IApiService.LogicalHandler[100]
      Start processing HTTP request GET http://10.10.3.159:8683/api/Employees
info: System.Net.Http.HttpClient.IApiService.ClientHandler[100]
      Sending HTTP request GET http://10.10.3.159:8683/api/Employees
info: Microsoft.AspNetCore.Mvc.Infrastructure.ControllerActionInvoker[105]
      Executed action PhoneBook.Controllers.HomeController.GetDepartments (PhoneBook) in 20.1645ms
info: Microsoft.AspNetCore.Routing.EndpointMiddleware[1]
      Executed endpoint 'PhoneBook.Controllers.HomeController.GetDepartments (PhoneBook)'
info: Microsoft.AspNetCore.Hosting.Diagnostics[2]
      Request finished HTTP/2 GET https://localhost:44364/Home/GetDepartments - 200 - application/json;+charset=utf-8 36.3059ms
info: System.Net.Http.HttpClient.IApiService.ClientHandler[101]
      Received HTTP response headers after 18.57ms - 200
info: System.Net.Http.HttpClient.IApiService.LogicalHandler[101]
      End processing HTTP request after 25.0406ms - 200
info: Microsoft.AspNetCore.Mvc.Infrastructure.SystemTextJsonResultExecutor[1]
      Executing JsonResult, writing value of type 'System.Collections.Generic.List`1[[PhoneBook.Models.Employee, PhoneBook, Version=1.0.0.0, Culture=neutral, PublicKeyToken=null]]'.
info: Microsoft.AspNetCore.Mvc.Infrastructure.ControllerActionInvoker[105]
      Executed action PhoneBook.Controllers.HomeController.GetAllEmployees (PhoneBook) in 31.4003ms
info: Microsoft.AspNetCore.Routing.EndpointMiddleware[1]
      Executed endpoint 'PhoneBook.Controllers.HomeController.GetAllEmployees (PhoneBook)'
info: Microsoft.AspNetCore.Hosting.Diagnostics[2]
      Request finished HTTP/2 GET https://localhost:44364/Home/GetAllEmployees?sort=&group=&filter= - 200 - application/json;+charset=utf-8 46.2233ms
info: Microsoft.AspNetCore.Hosting.Diagnostics[1]
      Request starting HTTP/2 GET https://localhost:44364/Home/GetAllEmployees?sort=&group=&filter= - - -
info: Microsoft.AspNetCore.Hosting.Diagnostics[1]
      Request starting HTTP/2 GET https://localhost:44364/Home/GetEmployeesByDepartment?departmentId=0 - application/json -
info: Microsoft.AspNetCore.Routing.EndpointMiddleware[0]
      Executing endpoint 'PhoneBook.Controllers.HomeController.GetAllEmployees (PhoneBook)'
info: Microsoft.AspNetCore.Routing.EndpointMiddleware[0]
      Executing endpoint 'PhoneBook.Controllers.HomeController.GetEmployeesByDepartment (PhoneBook)'
info: Microsoft.AspNetCore.Mvc.Infrastructure.ControllerActionInvoker[102]
      Route matched with {action = "GetAllEmployees", controller = "Home"}. Executing controller action with signature System.Threading.Tasks.Task`1[Microsoft.AspNetCore.Mvc.IActionResult] GetAllEmployees() on controller PhoneBook.Controllers.HomeController (PhoneBook).
info: Microsoft.AspNetCore.Mvc.Infrastructure.ControllerActionInvoker[102]
      Route matched with {action = "GetEmployeesByDepartment", controller = "Home"}. Executing controller action with signature System.Threading.Tasks.Task`1[Microsoft.AspNetCore.Mvc.IActionResult] GetEmployeesByDepartment(Int32) on controller PhoneBook.Controllers.HomeController (PhoneBook).
info: System.Net.Http.HttpClient.IApiService.LogicalHandler[100]
      Start processing HTTP request GET http://10.10.3.159:8683/api/Employees
info: System.Net.Http.HttpClient.IApiService.LogicalHandler[100]
      Start processing HTTP request GET http://10.10.3.159:8683/api/Departments/0/employees
info: System.Net.Http.HttpClient.IApiService.ClientHandler[100]
      Sending HTTP request GET http://10.10.3.159:8683/api/Employees
info: System.Net.Http.HttpClient.IApiService.ClientHandler[100]
      Sending HTTP request GET http://10.10.3.159:8683/api/Departments/0/employees
info: System.Net.Http.HttpClient.IApiService.ClientHandler[101]
      Received HTTP response headers after 10.1766ms - 200
info: System.Net.Http.HttpClient.IApiService.LogicalHandler[101]
      End processing HTTP request after 19.6432ms - 200
info: Microsoft.AspNetCore.Mvc.Infrastructure.SystemTextJsonResultExecutor[1]
      Executing JsonResult, writing value of type 'System.Collections.Generic.List`1[[PhoneBook.Models.Employee, PhoneBook, Version=1.0.0.0, Culture=neutral, PublicKeyToken=null]]'.
info: Microsoft.AspNetCore.Mvc.Infrastructure.ControllerActionInvoker[105]
      Executed action PhoneBook.Controllers.HomeController.GetAllEmployees (PhoneBook) in 26.7332ms
info: Microsoft.AspNetCore.Routing.EndpointMiddleware[1]
      Executed endpoint 'PhoneBook.Controllers.HomeController.GetAllEmployees (PhoneBook)'
info: Microsoft.AspNetCore.Hosting.Diagnostics[2]
      Request finished HTTP/2 GET https://localhost:44364/Home/GetAllEmployees?sort=&group=&filter= - 200 - application/json;+charset=utf-8 41.7523ms
info: Microsoft.AspNetCore.Hosting.Diagnostics[1]
      Request starting HTTP/2 GET https://localhost:44364/Home/GetAllEmployees?sort=&group=&filter= - - -
info: Microsoft.AspNetCore.Routing.EndpointMiddleware[0]
      Executing endpoint 'PhoneBook.Controllers.HomeController.GetAllEmployees (PhoneBook)'
info: Microsoft.AspNetCore.Mvc.Infrastructure.ControllerActionInvoker[102]
      Route matched with {action = "GetAllEmployees", controller = "Home"}. Executing controller action with signature System.Threading.Tasks.Task`1[Microsoft.AspNetCore.Mvc.IActionResult] GetAllEmployees() on controller PhoneBook.Controllers.HomeController (PhoneBook).
info: System.Net.Http.HttpClient.IApiService.LogicalHandler[100]
      Start processing HTTP request GET http://10.10.3.159:8683/api/Employees
info: System.Net.Http.HttpClient.IApiService.ClientHandler[100]
      Sending HTTP request GET http://10.10.3.159:8683/api/Employees
info: System.Net.Http.HttpClient.IApiService.ClientHandler[101]
      Received HTTP response headers after 34.2406ms - 200
info: System.Net.Http.HttpClient.IApiService.LogicalHandler[101]
      End processing HTTP request after 43.6439ms - 200
info: Microsoft.AspNetCore.Mvc.Infrastructure.SystemTextJsonResultExecutor[1]
      Executing JsonResult, writing value of type 'System.Collections.Generic.List`1[[PhoneBook.Models.Employee, PhoneBook, Version=1.0.0.0, Culture=neutral, PublicKeyToken=null]]'.
info: System.Net.Http.HttpClient.IApiService.ClientHandler[101]
      Received HTTP response headers after 10.0845ms - 200
info: System.Net.Http.HttpClient.IApiService.LogicalHandler[101]
      End processing HTTP request after 15.5612ms - 200
info: Microsoft.AspNetCore.Hosting.Diagnostics[1]
      Request starting HTTP/2 GET https://localhost:44364/Home/GetEmployeesByDepartment?departmentId=0 - application/json -
info: Microsoft.AspNetCore.Mvc.Infrastructure.ControllerActionInvoker[105]
      Executed action PhoneBook.Controllers.HomeController.GetEmployeesByDepartment (PhoneBook) in 58.5823ms
info: Microsoft.AspNetCore.Routing.EndpointMiddleware[1]
      Executed endpoint 'PhoneBook.Controllers.HomeController.GetEmployeesByDepartment (PhoneBook)'
info: Microsoft.AspNetCore.Routing.EndpointMiddleware[0]
      Executing endpoint 'PhoneBook.Controllers.HomeController.GetEmployeesByDepartment (PhoneBook)'
info: Microsoft.AspNetCore.Mvc.Infrastructure.SystemTextJsonResultExecutor[1]
      Executing JsonResult, writing value of type 'System.Collections.Generic.List`1[[PhoneBook.Models.Employee, PhoneBook, Version=1.0.0.0, Culture=neutral, PublicKeyToken=null]]'.
info: Microsoft.AspNetCore.Hosting.Diagnostics[2]
      Request finished HTTP/2 GET https://localhost:44364/Home/GetEmployeesByDepartment?departmentId=0 - 200 - application/json;+charset=utf-8 76.4563ms
info: Microsoft.AspNetCore.Mvc.Infrastructure.ControllerActionInvoker[102]
      Route matched with {action = "GetEmployeesByDepartment", controller = "Home"}. Executing controller action with signature System.Threading.Tasks.Task`1[Microsoft.AspNetCore.Mvc.IActionResult] GetEmployeesByDepartment(Int32) on controller PhoneBook.Controllers.HomeController (PhoneBook).
info: System.Net.Http.HttpClient.IApiService.LogicalHandler[100]
      Start processing HTTP request GET http://10.10.3.159:8683/api/Departments/0/employees
info: System.Net.Http.HttpClient.IApiService.ClientHandler[100]
      Sending HTTP request GET http://10.10.3.159:8683/api/Departments/0/employees
info: Microsoft.AspNetCore.Mvc.Infrastructure.ControllerActionInvoker[105]
      Executed action PhoneBook.Controllers.HomeController.GetAllEmployees (PhoneBook) in 31.3152ms
info: Microsoft.AspNetCore.Routing.EndpointMiddleware[1]
      Executed endpoint 'PhoneBook.Controllers.HomeController.GetAllEmployees (PhoneBook)'
info: Microsoft.AspNetCore.Hosting.Diagnostics[2]
      Request finished HTTP/2 GET https://localhost:44364/Home/GetAllEmployees?sort=&group=&filter= - 200 - application/json;+charset=utf-8 44.5616ms
info: System.Net.Http.HttpClient.IApiService.ClientHandler[101]
      Received HTTP response headers after 27.401ms - 200
info: System.Net.Http.HttpClient.IApiService.LogicalHandler[101]
      End processing HTTP request after 33.3367ms - 200
info: Microsoft.AspNetCore.Mvc.Infrastructure.SystemTextJsonResultExecutor[1]
      Executing JsonResult, writing value of type 'System.Collections.Generic.List`1[[PhoneBook.Models.Employee, PhoneBook, Version=1.0.0.0, Culture=neutral, PublicKeyToken=null]]'