info: Microsoft.AspNetCore.DataProtection.KeyManagement.XmlKeyManager[63]
      User profile is available. Using 'C:\Users\Admin\AppData\Local\ASP.NET\DataProtection-Keys' as key repository and Windows DPAPI to encrypt keys at rest.
info: Microsoft.Hosting.Lifetime[0]
      Application started. Press Ctrl+C to shut down.
info: Microsoft.Hosting.Lifetime[0]
      Hosting environment: Development
info: Microsoft.Hosting.Lifetime[0]
      Content root path: C:\Users\Admin\Documents\GitHub\PhoneBookV2\PhoneBook\PhoneBook
info: Microsoft.AspNetCore.Hosting.Diagnostics[1]
      Request starting HTTP/2 GET https://localhost:44364/ - - -
info: Microsoft.AspNetCore.Routing.EndpointMiddleware[0]
      Executing endpoint 'PhoneBook.Controllers.HomeController.Index (PhoneBook)'
info: Microsoft.AspNetCore.Mvc.Infrastructure.ControllerActionInvoker[102]
      Route matched with {action = "Index", controller = "Home"}. Executing controller action with signature System.Threading.Tasks.Task`1[Microsoft.AspNetCore.Mvc.IActionResult] Index() on controller PhoneBook.Controllers.HomeController (PhoneBook).
info: System.Net.Http.HttpClient.IApiService.LogicalHandler[100]
      Start processing HTTP request GET http://10.10.3.159:8683/api/Departments
info: System.Net.Http.HttpClient.IApiService.ClientHandler[100]
      Sending HTTP request GET http://10.10.3.159:8683/api/Departments
info: System.Net.Http.HttpClient.IApiService.ClientHandler[101]
      Received HTTP response headers after 11.3086ms - 401
info: System.Net.Http.HttpClient.IApiService.LogicalHandler[101]
      End processing HTTP request after 25.0256ms - 401
info: Microsoft.AspNetCore.Mvc.RedirectToActionResult[1]
      Executing RedirectResult, redirecting to /Account/Login.
info: Microsoft.AspNetCore.Mvc.Infrastructure.ControllerActionInvoker[105]
      Executed action PhoneBook.Controllers.HomeController.Index (PhoneBook) in 96.8805ms
info: Microsoft.AspNetCore.Routing.EndpointMiddleware[1]
      Executed endpoint 'PhoneBook.Controllers.HomeController.Index (PhoneBook)'
info: Microsoft.AspNetCore.Hosting.Diagnostics[1]
      Request starting HTTP/2 GET https://localhost:44364/Account/Login - - -
info: Microsoft.AspNetCore.Hosting.Diagnostics[2]
      Request finished HTTP/2 GET https://localhost:44364/ - 302 - - 229.4912ms
info: Microsoft.AspNetCore.Routing.EndpointMiddleware[0]
      Executing endpoint 'PhoneBook.Controllers.AccountController.Login (PhoneBook)'
info: Microsoft.AspNetCore.Mvc.Infrastructure.ControllerActionInvoker[102]
      Route matched with {action = "Login", controller = "Account"}. Executing controller action with signature Microsoft.AspNetCore.Mvc.IActionResult Login(System.String) on controller PhoneBook.Controllers.AccountController (PhoneBook).
info: Microsoft.AspNetCore.Mvc.RedirectToActionResult[1]
      Executing RedirectResult, redirecting to /.
info: Microsoft.AspNetCore.Mvc.Infrastructure.ControllerActionInvoker[105]
      Executed action PhoneBook.Controllers.AccountController.Login (PhoneBook) in 6.0419ms
info: Microsoft.AspNetCore.Routing.EndpointMiddleware[1]
      Executed endpoint 'PhoneBook.Controllers.AccountController.Login (PhoneBook)'
info: Microsoft.AspNetCore.Hosting.Diagnostics[2]
      Request finished HTTP/2 GET https://localhost:44364/Account/Login - 302 - - 43.5297ms
info: Microsoft.AspNetCore.Hosting.Diagnostics[1]
      Request starting HTTP/2 GET https://localhost:44364/ - - -
info: Microsoft.AspNetCore.Routing.EndpointMiddleware[0]
      Executing endpoint 'PhoneBook.Controllers.HomeController.Index (PhoneBook)'
info: Microsoft.AspNetCore.Mvc.Infrastructure.ControllerActionInvoker[102]
      Route matched with {action = "Index", controller = "Home"}. Executing controller action with signature System.Threading.Tasks.Task`1[Microsoft.AspNetCore.Mvc.IActionResult] Index() on controller PhoneBook.Controllers.HomeController (PhoneBook).
info: System.Net.Http.HttpClient.IApiService.LogicalHandler[100]
      Start processing HTTP request GET http://10.10.3.159:8683/api/Departments
info: System.Net.Http.HttpClient.IApiService.ClientHandler[100]
      Sending HTTP request GET http://10.10.3.159:8683/api/Departments
info: System.Net.Http.HttpClient.IApiService.ClientHandler[101]
      Received HTTP response headers after 0.9307ms - 401
info: System.Net.Http.HttpClient.IApiService.LogicalHandler[101]
      End processing HTTP request after 5.695ms - 401
info: Microsoft.AspNetCore.Mvc.RedirectToActionResult[1]
      Executing RedirectResult, redirecting to /Account/Login.
info: Microsoft.AspNetCore.Mvc.Infrastructure.ControllerActionInvoker[105]
      Executed action PhoneBook.Controllers.HomeController.Index (PhoneBook) in 35.4796ms
info: Microsoft.AspNetCore.Routing.EndpointMiddleware[1]
      Executed endpoint 'PhoneBook.Controllers.HomeController.Index (PhoneBook)'
info: Microsoft.AspNetCore.Hosting.Diagnostics[2]
      Request finished HTTP/2 GET https://localhost:44364/ - 302 - - 49.5567ms
info: Microsoft.AspNetCore.Hosting.Diagnostics[1]
      Request starting HTTP/2 GET https://localhost:44364/Account/Login - - -
info: Microsoft.AspNetCore.Routing.EndpointMiddleware[0]
      Executing endpoint 'PhoneBook.Controllers.AccountController.Login (PhoneBook)'
info: Microsoft.AspNetCore.Mvc.Infrastructure.ControllerActionInvoker[102]
      Route matched with {action = "Login", controller = "Account"}. Executing controller action with signature Microsoft.AspNetCore.Mvc.IActionResult Login(System.String) on controller PhoneBook.Controllers.AccountController (PhoneBook).
info: Microsoft.AspNetCore.Mvc.RedirectToActionResult[1]
      Executing RedirectResult, redirecting to /.
info: Microsoft.AspNetCore.Mvc.Infrastructure.ControllerActionInvoker[105]
      Executed action PhoneBook.Controllers.AccountController.Login (PhoneBook) in 1.9611ms
info: Microsoft.AspNetCore.Routing.EndpointMiddleware[1]
      Executed endpoint 'PhoneBook.Controllers.AccountController.Login (PhoneBook)'
info: Microsoft.AspNetCore.Hosting.Diagnostics[2]
      Request finished HTTP/2 GET https://localhost:44364/Account/Login - 302 - - 12.8040ms
info: Microsoft.AspNetCore.Hosting.Diagnostics[1]
      Request starting HTTP/2 GET https://localhost:44364/ - - -
info: Microsoft.AspNetCore.Routing.EndpointMiddleware[0]
      Executing endpoint 'PhoneBook.Controllers.HomeController.Index (PhoneBook)'
info: Microsoft.AspNetCore.Mvc.Infrastructure.ControllerActionInvoker[102]
      Route matched with {action = "Index", controller = "Home"}. Executing controller action with signature System.Threading.Tasks.Task`1[Microsoft.AspNetCore.Mvc.IActionResult] Index() on controller PhoneBook.Controllers.HomeController (PhoneBook).
info: System.Net.Http.HttpClient.IApiService.LogicalHandler[100]
      Start processing HTTP request GET http://10.10.3.159:8683/api/Departments
info: System.Net.Http.HttpClient.IApiService.ClientHandler[100]
      Sending HTTP request GET http://10.10.3.159:8683/api/Departments
info: System.Net.Http.HttpClient.IApiService.ClientHandler[101]
      Received HTTP response headers after 0.8786ms - 401
info: System.Net.Http.HttpClient.IApiService.LogicalHandler[101]
      End processing HTTP request after 5.863ms - 401
info: Microsoft.AspNetCore.Mvc.RedirectToActionResult[1]
      Executing RedirectResult, redirecting to /Account/Login.
info: Microsoft.AspNetCore.Mvc.Infrastructure.ControllerActionInvoker[105]
      Executed action PhoneBook.Controllers.HomeController.Index (PhoneBook) in 38.8724ms
info: Microsoft.AspNetCore.Routing.EndpointMiddleware[1]
      Executed endpoint 'PhoneBook.Controllers.HomeController.Index (PhoneBook)'
info: Microsoft.AspNetCore.Hosting.Diagnostics[2]
      Request finished HTTP/2 GET https://localhost:44364/ - 302 - - 50.2088ms
info: Microsoft.AspNetCore.Hosting.Diagnostics[1]
      Request starting HTTP/2 GET https://localhost:44364/Account/Login - - -
info: Microsoft.AspNetCore.Routing.EndpointMiddleware[0]
      Executing endpoint 'PhoneBook.Controllers.AccountController.Login (PhoneBook)'
info: Microsoft.AspNetCore.Mvc.Infrastructure.ControllerActionInvoker[102]
      Route matched with {action = "Login", controller = "Account"}. Executing controller action with signature Microsoft.AspNetCore.Mvc.IActionResult Login(System.String) on controller PhoneBook.Controllers.AccountController (PhoneBook).
info: Microsoft.AspNetCore.Mvc.RedirectToActionResult[1]
      Executing RedirectResult, redirecting to /.
info: Microsoft.AspNetCore.Mvc.Infrastructure.ControllerActionInvoker[105]
      Executed action PhoneBook.Controllers.AccountController.Login (PhoneBook) in 1.7719ms
info: Microsoft.AspNetCore.Routing.EndpointMiddleware[1]
      Executed endpoint 'PhoneBook.Controllers.AccountController.Login (PhoneBook)'
info: Microsoft.AspNetCore.Hosting.Diagnostics[2]
      Request finished HTTP/2 GET https://localhost:44364/Account/Login - 302 - - 13.3787ms
info: Microsoft.AspNetCore.Hosting.Diagnostics[1]
      Request starting HTTP/2 GET https://localhost:44364/ - - -
info: Microsoft.AspNetCore.Routing.EndpointMiddleware[0]
      Executing endpoint 'PhoneBook.Controllers.HomeController.Index (PhoneBook)'
info: Microsoft.AspNetCore.Mvc.Infrastructure.ControllerActionInvoker[102]
      Route matched with {action = "Index", controller = "Home"}. Executing controller action with signature System.Threading.Tasks.Task`1[Microsoft.AspNetCore.Mvc.IActionResult] Index() on controller PhoneBook.Controllers.HomeController (PhoneBook).
info: System.Net.Http.HttpClient.IApiService.LogicalHandler[100]
      Start processing HTTP request GET http://10.10.3.159:8683/api/Departments
info: System.Net.Http.HttpClient.IApiService.ClientHandler[100]
      Sending HTTP request GET http://10.10.3.159:8683/api/Departments
info: System.Net.Http.HttpClient.IApiService.ClientHandler[101]
      Received HTTP response headers after 0.8151ms - 401
info: System.Net.Http.HttpClient.IApiService.LogicalHandler[101]
      End processing HTTP request after 5.6785ms - 401
info: Microsoft.AspNetCore.Mvc.RedirectToActionResult[1]
      Executing RedirectResult, redirecting to /Account/Login.
info: Microsoft.AspNetCore.Mvc.Infrastructure.ControllerActionInvoker[105]
      Executed action PhoneBook.Controllers.HomeController.Index (PhoneBook) in 36.2404ms
info: Microsoft.AspNetCore.Routing.EndpointMiddleware[1]
      Executed endpoint 'PhoneBook.Controllers.HomeController.Index (PhoneBook)'
info: Microsoft.AspNetCore.Hosting.Diagnostics[2]
      Request finished HTTP/2 GET https://localhost:44364/ - 302 - - 46.7866ms
info: Microsoft.AspNetCore.Hosting.Diagnostics[1]
      Request starting HTTP/2 GET https://localhost:44364/Account/Login - - -
info: Microsoft.AspNetCore.Routing.EndpointMiddleware[0]
      Executing endpoint 'PhoneBook.Controllers.AccountController.Login (PhoneBook)'
info: Microsoft.AspNetCore.Mvc.Infrastructure.ControllerActionInvoker[102]
      Route matched with {action = "Login", controller = "Account"}. Executing controller action with signature Microsoft.AspNetCore.Mvc.IActionResult Login(System.String) on controller PhoneBook.Controllers.AccountController (PhoneBook).
info: Microsoft.AspNetCore.Mvc.RedirectToActionResult[1]
      Executing RedirectResult, redirecting to /.
info: Microsoft.AspNetCore.Mvc.Infrastructure.ControllerActionInvoker[105]
      Executed action PhoneBook.Controllers.AccountController.Login (PhoneBook) in 1.6269ms
info: Microsoft.AspNetCore.Routing.EndpointMiddleware[1]
      Executed endpoint 'PhoneBook.Controllers.AccountController.Login (PhoneBook)'
info: Microsoft.AspNetCore.Hosting.Diagnostics[2]
      Request finished HTTP/2 GET https://localhost:44364/Account/Login - 302 - - 12.0085ms
info: Microsoft.AspNetCore.Hosting.Diagnostics[1]
      Request starting HTTP/2 GET https://localhost:44364/ - - -
info: Microsoft.AspNetCore.Routing.EndpointMiddleware[0]
      Executing endpoint 'PhoneBook.Controllers.HomeController.Index (PhoneBook)'
info: Microsoft.AspNetCore.Mvc.Infrastructure.ControllerActionInvoker[102]
      Route matched with {action = "Index", controller = "Home"}. Executing controller action with signature System.Threading.Tasks.Task`1[Microsoft.AspNetCore.Mvc.IActionResult] Index() on controller PhoneBook.Controllers.HomeController (PhoneBook).
info: System.Net.Http.HttpClient.IApiService.LogicalHandler[100]
      Start processing HTTP request GET http://10.10.3.159:8683/api/Departments
info: System.Net.Http.HttpClient.IApiService.ClientHandler[100]
      Sending HTTP request GET http://10.10.3.159:8683/api/Departments
info: System.Net.Http.HttpClient.IApiService.ClientHandler[101]
      Received HTTP response headers after 0.8471ms - 401
info: System.Net.Http.HttpClient.IApiService.LogicalHandler[101]
      End processing HTTP request after 5.4229ms - 401
info: Microsoft.AspNetCore.Mvc.RedirectToActionResult[1]
      Executing RedirectResult, redirecting to /Account/Login.
info: Microsoft.AspNetCore.Mvc.Infrastructure.ControllerActionInvoker[105]
      Executed action PhoneBook.Controllers.HomeController.Index (PhoneBook) in 38.7746ms
info: Microsoft.AspNetCore.Routing.EndpointMiddleware[1]
      Executed endpoint 'PhoneBook.Controllers.HomeController.Index (PhoneBook)'
info: Microsoft.AspNetCore.Hosting.Diagnostics[2]
      Request finished HTTP/2 GET https://localhost:44364/ - 302 - - 49.8661ms
info: Microsoft.AspNetCore.Hosting.Diagnostics[1]
      Request starting HTTP/2 GET https://localhost:44364/Account/Login - - -
info: Microsoft.AspNetCore.Routing.EndpointMiddleware[0]
      Executing endpoint 'PhoneBook.Controllers.AccountController.Login (PhoneBook)'
info: Microsoft.AspNetCore.Mvc.Infrastructure.ControllerActionInvoker[102]
      Route matched with {action = "Login", controller = "Account"}. Executing controller action with signature Microsoft.AspNetCore.Mvc.IActionResult Login(System.String) on controller PhoneBook.Controllers.AccountController (PhoneBook).
info: Microsoft.AspNetCore.Mvc.RedirectToActionResult[1]
      Executing RedirectResult, redirecting to /.
info: Microsoft.AspNetCore.Mvc.Infrastructure.ControllerActionInvoker[105]
      Executed action PhoneBook.Controllers.AccountController.Login (PhoneBook) in 1.9927ms
info: Microsoft.AspNetCore.Routing.EndpointMiddleware[1]
      Executed endpoint 'PhoneBook.Controllers.AccountController.Login (PhoneBook)'
info: Microsoft.AspNetCore.Hosting.Diagnostics[2]
      Request finished HTTP/2 GET https://localhost:44364/Account/Login - 302 - - 13.9939ms
info: Microsoft.AspNetCore.Hosting.Diagnostics[1]
      Request starting HTTP/2 GET https://localhost:44364/ - - -
info: Microsoft.AspNetCore.Routing.EndpointMiddleware[0]
      Executing endpoint 'PhoneBook.Controllers.HomeController.Index (PhoneBook)'
info: Microsoft.AspNetCore.Mvc.Infrastructure.ControllerActionInvoker[102]
      Route matched with {action = "Index", controller = "Home"}. Executing controller action with signature System.Threading.Tasks.Task`1[Microsoft.AspNetCore.Mvc.IActionResult] Index() on controller PhoneBook.Controllers.HomeController (PhoneBook).
info: System.Net.Http.HttpClient.IApiService.LogicalHandler[100]
      Start processing HTTP request GET http://10.10.3.159:8683/api/Departments
info: System.Net.Http.HttpClient.IApiService.ClientHandler[100]
      Sending HTTP request GET http://10.10.3.159:8683/api/Departments
info: System.Net.Http.HttpClient.IApiService.ClientHandler[101]
      Received HTTP response headers after 1.0985ms - 401
info: System.Net.Http.HttpClient.IApiService.LogicalHandler[101]
      End processing HTTP request after 6.1535ms - 401
info: Microsoft.AspNetCore.Mvc.RedirectToActionResult[1]
      Executing RedirectResult, redirecting to /Account/Login.
info: Microsoft.AspNetCore.Mvc.Infrastructure.ControllerActionInvoker[105]
      Executed action PhoneBook.Controllers.HomeController.Index (PhoneBook) in 36.123ms
info: Microsoft.AspNetCore.Routing.EndpointMiddleware[1]
      Executed endpoint 'PhoneBook.Controllers.HomeController.Index (PhoneBook)'
info: Microsoft.AspNetCore.Hosting.Diagnostics[2]
      Request finished HTTP/2 GET https://localhost:44364/ - 302 - - 48.3829ms
info: Microsoft.AspNetCore.Hosting.Diagnostics[1]
      Request starting HTTP/2 GET https://localhost:44364/Account/Login - - -
info: Microsoft.AspNetCore.Routing.EndpointMiddleware[0]
      Executing endpoint 'PhoneBook.Controllers.AccountController.Login (PhoneBook)'
info: Microsoft.AspNetCore.Mvc.Infrastructure.ControllerActionInvoker[102]
      Route matched with {action = "Login", controller = "Account"}. Executing controller action with signature Microsoft.AspNetCore.Mvc.IActionResult Login(System.String) on controller PhoneBook.Controllers.AccountController (PhoneBook).
info: Microsoft.AspNetCore.Mvc.RedirectToActionResult[1]
      Executing RedirectResult, redirecting to /.
info: Microsoft.AspNetCore.Mvc.Infrastructure.ControllerActionInvoker[105]
      Executed action PhoneBook.Controllers.AccountController.Login (PhoneBook) in 1.7523ms
info: Microsoft.AspNetCore.Routing.EndpointMiddleware[1]
      Executed endpoint 'PhoneBook.Controllers.AccountController.Login (PhoneBook)'
info: Microsoft.AspNetCore.Hosting.Diagnostics[2]
      Request finished HTTP/2 GET https://localhost:44364/Account/Login - 302 - - 13.8161ms
info: Microsoft.AspNetCore.Hosting.Diagnostics[1]
      Request starting HTTP/2 GET https://localhost:44364/ - - -
info: Microsoft.AspNetCore.Routing.EndpointMiddleware[0]
      Executing endpoint 'PhoneBook.Controllers.HomeController.Index (PhoneBook)'
info: Microsoft.AspNetCore.Mvc.Infrastructure.ControllerActionInvoker[102]
      Route matched with {action = "Index", controller = "Home"}. Executing controller action with signature System.Threading.Tasks.Task`1[Microsoft.AspNetCore.Mvc.IActionResult] Index() on controller PhoneBook.Controllers.HomeController (PhoneBook).
info: System.Net.Http.HttpClient.IApiService.LogicalHandler[100]
      Start processing HTTP request GET http://10.10.3.159:8683/api/Departments
info: System.Net.Http.HttpClient.IApiService.ClientHandler[100]
      Sending HTTP request GET http://10.10.3.159:8683/api/Departments
info: System.Net.Http.HttpClient.IApiService.ClientHandler[101]
      Received HTTP response headers after 1.6453ms - 401
info: System.Net.Http.HttpClient.IApiService.LogicalHandler[101]
      End processing HTTP request after 7.2091ms - 401
info: Microsoft.AspNetCore.Mvc.RedirectToActionResult[1]
      Executing RedirectResult, redirecting to /Account/Login.
info: Microsoft.AspNetCore.Mvc.Infrastructure.ControllerActionInvoker[105]
      Executed action PhoneBook.Controllers.HomeController.Index (PhoneBook) in 39.2363ms
info: Microsoft.AspNetCore.Routing.EndpointMiddleware[1]
      Executed endpoint 'PhoneBook.Controllers.HomeController.Index (PhoneBook)'
info: Microsoft.AspNetCore.Hosting.Diagnostics[2]
      Request finished HTTP/2 GET https://localhost:44364/ - 302 - - 51.4747ms
info: Microsoft.AspNetCore.Hosting.Diagnostics[1]
      Request starting HTTP/2 GET https://localhost:44364/Account/Login - - -
info: Microsoft.AspNetCore.Routing.EndpointMiddleware[0]
      Executing endpoint 'PhoneBook.Controllers.AccountController.Login (PhoneBook)'
info: Microsoft.AspNetCore.Mvc.Infrastructure.ControllerActionInvoker[102]
      Route matched with {action = "Login", controller = "Account"}. Executing controller action with signature Microsoft.AspNetCore.Mvc.IActionResult Login(System.String) on controller PhoneBook.Controllers.AccountController (PhoneBook).
info: Microsoft.AspNetCore.Mvc.RedirectToActionResult[1]
      Executing RedirectResult, redirecting to /.
info: Microsoft.AspNetCore.Mvc.Infrastructure.ControllerActionInvoker[105]
      Executed action PhoneBook.Controllers.AccountController.Login (PhoneBook) in 1.7171ms
info: Microsoft.AspNetCore.Routing.EndpointMiddleware[1]
      Executed endpoint 'PhoneBook.Controllers.AccountController.Login (PhoneBook)'
info: Microsoft.AspNetCore.Hosting.Diagnostics[2]
      Request finished HTTP/2 GET https://localhost:44364/Account/Login - 302 - - 12.5188ms
info: Microsoft.AspNetCore.Hosting.Diagnostics[1]
      Request starting HTTP/2 GET https://localhost:44364/ - - -
info: Microsoft.AspNetCore.Routing.EndpointMiddleware[0]
      Executing endpoint 'PhoneBook.Controllers.HomeController.Index (PhoneBook)'
info: Microsoft.AspNetCore.Mvc.Infrastructure.ControllerActionInvoker[102]
      Route matched with {action = "Index", controller = "Home"}. Executing controller action with signature System.Threading.Tasks.Task`1[Microsoft.AspNetCore.Mvc.IActionResult] Index() on controller PhoneBook.Controllers.HomeController (PhoneBook).
info: System.Net.Http.HttpClient.IApiService.LogicalHandler[100]
      Start processing HTTP request GET http://10.10.3.159:8683/api/Departments
info: System.Net.Http.HttpClient.IApiService.ClientHandler[100]
      Sending HTTP request GET http://10.10.3.159:8683/api/Departments
info: System.Net.Http.HttpClient.IApiService.ClientHandler[101]
      Received HTTP response headers after 1.1047ms - 401
info: System.Net.Http.HttpClient.IApiService.LogicalHandler[101]
      End processing HTTP request after 5.8592ms - 401
info: Microsoft.AspNetCore.Mvc.RedirectToActionResult[1]
      Executing RedirectResult, redirecting to /Account/Login.
info: Microsoft.AspNetCore.Mvc.Infrastructure.ControllerActionInvoker[105]
      Executed action PhoneBook.Controllers.HomeController.Index (PhoneBook) in 33.8453ms
info: Microsoft.AspNetCore.Routing.EndpointMiddleware[1]
      Executed endpoint 'PhoneBook.Controllers.HomeController.Index (PhoneBook)'
info: Microsoft.AspNetCore.Hosting.Diagnostics[2]
      Request finished HTTP/2 GET https://localhost:44364/ - 302 - - 45.2248ms
info: Microsoft.AspNetCore.Hosting.Diagnostics[1]
      Request starting HTTP/2 GET https://localhost:44364/Account/Login - - -
info: Microsoft.AspNetCore.Routing.EndpointMiddleware[0]
      Executing endpoint 'PhoneBook.Controllers.AccountController.Login (PhoneBook)'
info: Microsoft.AspNetCore.Mvc.Infrastructure.ControllerActionInvoker[102]
      Route matched with {action = "Login", controller = "Account"}. Executing controller action with signature Microsoft.AspNetCore.Mvc.IActionResult Login(System.String) on controller PhoneBook.Controllers.AccountController (PhoneBook).
info: Microsoft.AspNetCore.Mvc.RedirectToActionResult[1]
      Executing RedirectResult, redirecting to /.
info: Microsoft.AspNetCore.Mvc.Infrastructure.ControllerActionInvoker[105]
      Executed action PhoneBook.Controllers.AccountController.Login (PhoneBook) in 1.8961ms
info: Microsoft.AspNetCore.Routing.EndpointMiddleware[1]
      Executed endpoint 'PhoneBook.Controllers.AccountController.Login (PhoneBook)'
info: Microsoft.AspNetCore.Hosting.Diagnostics[2]
      Request finished HTTP/2 GET https://localhost:44364/Account/Login - 302 - - 12.6288ms
info: Microsoft.AspNetCore.Hosting.Diagnostics[1]
      Request starting HTTP/2 GET https://localhost:44364/ - - -
info: Microsoft.AspNetCore.Routing.EndpointMiddleware[0]
      Executing endpoint 'PhoneBook.Controllers.HomeController.Index (PhoneBook)'
info: Microsoft.AspNetCore.Mvc.Infrastructure.ControllerActionInvoker[102]
      Route matched with {action = "Index", controller = "Home"}. Executing controller action with signature System.Threading.Tasks.Task`1[Microsoft.AspNetCore.Mvc.IActionResult] Index() on controller PhoneBook.Controllers.HomeController (PhoneBook).
info: System.Net.Http.HttpClient.IApiService.LogicalHandler[100]
      Start processing HTTP request GET http://10.10.3.159:8683/api/Departments
info: System.Net.Http.HttpClient.IApiService.ClientHandler[100]
      Sending HTTP request GET http://10.10.3.159:8683/api/Departments
info: System.Net.Http.HttpClient.IApiService.ClientHandler[101]
      Received HTTP response headers after 0.911ms - 401
info: System.Net.Http.HttpClient.IApiService.LogicalHandler[101]
      End processing HTTP request after 6.1255ms - 401
info: Microsoft.AspNetCore.Mvc.RedirectToActionResult[1]
      Executing RedirectResult, redirecting to /Account/Login.
info: Microsoft.AspNetCore.Mvc.Infrastructure.ControllerActionInvoker[105]
      Executed action PhoneBook.Controllers.HomeController.Index (PhoneBook) in 30.9031ms
info: Microsoft.AspNetCore.Routing.EndpointMiddleware[1]
      Executed endpoint 'PhoneBook.Controllers.HomeController.Index (PhoneBook)'
info: Microsoft.AspNetCore.Hosting.Diagnostics[2]
      Request finished HTTP/2 GET https://localhost:44364/ - 302 - - 41.8892ms
info: Microsoft.AspNetCore.Hosting.Diagnostics[1]
      Request starting HTTP/2 GET https://localhost:44364/Account/Login - - -
info: Microsoft.AspNetCore.Routing.EndpointMiddleware[0]
      Executing endpoint 'PhoneBook.Controllers.AccountController.Login (PhoneBook)'
info: Microsoft.AspNetCore.Mvc.Infrastructure.ControllerActionInvoker[102]
      Route matched with {action = "Login", controller = "Account"}. Executing controller action with signature Microsoft.AspNetCore.Mvc.IActionResult Login(System.String) on controller PhoneBook.Controllers.AccountController (PhoneBook).
info: Microsoft.AspNetCore.Mvc.RedirectToActionResult[1]
      Executing RedirectResult, redirecting to /.
info: Microsoft.AspNetCore.Mvc.Infrastructure.ControllerActionInvoker[105]
      Executed action PhoneBook.Controllers.AccountController.Login (PhoneBook) in 1.6939ms
info: Microsoft.AspNetCore.Routing.EndpointMiddleware[1]
      Executed endpoint 'PhoneBook.Controllers.AccountController.Login (PhoneBook)'
info: Microsoft.AspNetCore.Hosting.Diagnostics[2]
      Request finished HTTP/2 GET https://localhost:44364/Account/Login - 302 - - 12.8423ms
info: Microsoft.AspNetCore.Hosting.Diagnostics[1]
      Request starting HTTP/2 GET https://localhost:44364/ - - -
info: Microsoft.AspNetCore.Routing.EndpointMiddleware[0]
      Executing endpoint 'PhoneBook.Controllers.HomeController.Index (PhoneBook)'
info: Microsoft.AspNetCore.Mvc.Infrastructure.ControllerActionInvoker[102]
      Route matched with {action = "Index", controller = "Home"}. Executing controller action with signature System.Threading.Tasks.Task`1[Microsoft.AspNetCore.Mvc.IActionResult] Index() on controller PhoneBook.Controllers.HomeController (PhoneBook).
info: System.Net.Http.HttpClient.IApiService.LogicalHandler[100]
      Start processing HTTP request GET http://10.10.3.159:8683/api/Departments
info: System.Net.Http.HttpClient.IApiService.ClientHandler[100]
      Sending HTTP request GET http://10.10.3.159:8683/api/Departments
info: System.Net.Http.HttpClient.IApiService.ClientHandler[101]
      Received HTTP response headers after 0.7732ms - 401
info: System.Net.Http.HttpClient.IApiService.LogicalHandler[101]
      End processing HTTP request after 5.4291ms - 401
info: Microsoft.AspNetCore.Mvc.RedirectToActionResult[1]
      Executing RedirectResult, redirecting to /Account/Login.
info: Microsoft.AspNetCore.Mvc.Infrastructure.ControllerActionInvoker[105]
      Executed action PhoneBook.Controllers.HomeController.Index (PhoneBook) in 32.7722ms
info: Microsoft.AspNetCore.Routing.EndpointMiddleware[1]
      Executed endpoint 'PhoneBook.Controllers.HomeController.Index (PhoneBook)'
info: Microsoft.AspNetCore.Hosting.Diagnostics[2]
      Request finished HTTP/2 GET https://localhost:44364/ - 302 - - 43.4484ms
info: Microsoft.AspNetCore.Hosting.Diagnostics[1]
      Request starting HTTP/2 GET https://localhost:44364/Account/Login - - -
info: Microsoft.AspNetCore.Routing.EndpointMiddleware[0]
      Executing endpoint 'PhoneBook.Controllers.AccountController.Login (PhoneBook)'
info: Microsoft.AspNetCore.Mvc.Infrastructure.ControllerActionInvoker[102]
      Route matched with {action = "Login", controller = "Account"}. Executing controller action with signature Microsoft.AspNetCore.Mvc.IActionResult Login(System.String) on controller PhoneBook.Controllers.AccountController (PhoneBook).
info: Microsoft.AspNetCore.Mvc.RedirectToActionResult[1]
      Executing RedirectResult, redirecting to /.
info: Microsoft.AspNetCore.Mvc.Infrastructure.ControllerActionInvoker[105]
      Executed action PhoneBook.Controllers.AccountController.Login (PhoneBook) in 1.8775ms
info: Microsoft.AspNetCore.Routing.EndpointMiddleware[1]
      Executed endpoint 'PhoneBook.Controllers.AccountController.Login (PhoneBook)'
info: Microsoft.AspNetCore.Hosting.Diagnostics[2]
      Request finished HTTP/2 GET https://localhost:44364/Account/Login - 302 - - 13.6407ms
info: Microsoft.AspNetCore.Hosting.Diagnostics[1]
      Request starting HTTP/2 GET https://localhost:44364/Account/Login - - -
info: Microsoft.AspNetCore.Routing.EndpointMiddleware[0]
      Executing endpoint 'PhoneBook.Controllers.AccountController.Login (PhoneBook)'
info: Microsoft.AspNetCore.Mvc.Infrastructure.ControllerActionInvoker[102]
      Route matched with {action = "Login", controller = "Account"}. Executing controller action with signature Microsoft.AspNetCore.Mvc.IActionResult Login(System.String) on controller PhoneBook.Controllers.AccountController (PhoneBook).
info: Microsoft.AspNetCore.Mvc.RedirectToActionResult[1]
      Executing RedirectResult, redirecting to /.
info: Microsoft.AspNetCore.Mvc.Infrastructure.ControllerActionInvoker[105]
      Executed action PhoneBook.Controllers.AccountController.Login (PhoneBook) in 1.882ms
info: Microsoft.AspNetCore.Routing.EndpointMiddleware[1]
      Executed endpoint 'PhoneBook.Controllers.AccountController.Login (PhoneBook)'
info: Microsoft.AspNetCore.Hosting.Diagnostics[1]
      Request starting HTTP/2 GET https://localhost:44364/ - - -
info: Microsoft.AspNetCore.Hosting.Diagnostics[2]
      Request finished HTTP/2 GET https://localhost:44364/Account/Login - 302 - - 16.8901ms
info: Microsoft.AspNetCore.Routing.EndpointMiddleware[0]
      Executing endpoint 'PhoneBook.Controllers.HomeController.Index (PhoneBook)'
info: Microsoft.AspNetCore.Mvc.Infrastructure.ControllerActionInvoker[102]
      Route matched with {action = "Index", controller = "Home"}. Executing controller action with signature System.Threading.Tasks.Task`1[Microsoft.AspNetCore.Mvc.IActionResult] Index() on controller PhoneBook.Controllers.HomeController (PhoneBook).
info: System.Net.Http.HttpClient.IApiService.LogicalHandler[100]
      Start processing HTTP request GET http://10.10.3.159:8683/api/Departments
info: System.Net.Http.HttpClient.IApiService.ClientHandler[100]
      Sending HTTP request GET http://10.10.3.159:8683/api/Departments
info: System.Net.Http.HttpClient.IApiService.ClientHandler[101]
      Received HTTP response headers after 1.0518ms - 401
info: System.Net.Http.HttpClient.IApiService.LogicalHandler[101]
      End processing HTTP request after 6.0593ms - 401
info: Microsoft.AspNetCore.Mvc.RedirectToActionResult[1]
      Executing RedirectResult, redirecting to /Account/Login.
info: Microsoft.AspNetCore.Mvc.Infrastructure.ControllerActionInvoker[105]
      Executed action PhoneBook.Controllers.HomeController.Index (PhoneBook) in 40.1069ms
info: Microsoft.AspNetCore.Routing.EndpointMiddleware[1]
      Executed endpoint 'PhoneBook.Controllers.HomeController.Index (PhoneBook)'
info: Microsoft.AspNetCore.Hosting.Diagnostics[2]
      Request finished HTTP/2 GET https://localhost:44364/ - 302 - - 53.3304ms
info: Microsoft.AspNetCore.Hosting.Diagnostics[1]
      Request starting HTTP/2 GET https://localhost:44364/Account/Login - - -
info: Microsoft.AspNetCore.Routing.EndpointMiddleware[0]
      Executing endpoint 'PhoneBook.Controllers.AccountController.Login (PhoneBook)'
info: Microsoft.AspNetCore.Mvc.Infrastructure.ControllerActionInvoker[102]
      Route matched with {action = "Login", controller = "Account"}. Executing controller action with signature Microsoft.AspNetCore.Mvc.IActionResult Login(System.String) on controller PhoneBook.Controllers.AccountController (PhoneBook).
info: Microsoft.AspNetCore.Mvc.RedirectToActionResult[1]
      Executing RedirectResult, redirecting to /.
info: Microsoft.AspNetCore.Mvc.Infrastructure.ControllerActionInvoker[105]
      Executed action PhoneBook.Controllers.AccountController.Login (PhoneBook) in 1.7416ms
info: Microsoft.AspNetCore.Routing.EndpointMiddleware[1]
      Executed endpoint 'PhoneBook.Controllers.AccountController.Login (PhoneBook)'
info: Microsoft.AspNetCore.Hosting.Diagnostics[2]
      Request finished HTTP/2 GET https://localhost:44364/Account/Login - 302 - - 12.6796ms
info: Microsoft.AspNetCore.Hosting.Diagnostics[1]
      Request starting HTTP/2 GET https://localhost:44364/ - - -
info: Microsoft.AspNetCore.Routing.EndpointMiddleware[0]
      Executing endpoint 'PhoneBook.Controllers.HomeController.Index (PhoneBook)'
info: Microsoft.AspNetCore.Mvc.Infrastructure.ControllerActionInvoker[102]
      Route matched with {action = "Index", controller = "Home"}. Executing controller action with signature System.Threading.Tasks.Task`1[Microsoft.AspNetCore.Mvc.IActionResult] Index() on controller PhoneBook.Controllers.HomeController (PhoneBook).
info: System.Net.Http.HttpClient.IApiService.LogicalHandler[100]
      Start processing HTTP request GET http://10.10.3.159:8683/api/Departments
info: System.Net.Http.HttpClient.IApiService.ClientHandler[100]
      Sending HTTP request GET http://10.10.3.159:8683/api/Departments
info: System.Net.Http.HttpClient.IApiService.ClientHandler[101]
      Received HTTP response headers after 1.1951ms - 401
info: System.Net.Http.HttpClient.IApiService.LogicalHandler[101]
      End processing HTTP request after 6.218ms - 401
info: Microsoft.AspNetCore.Mvc.RedirectToActionResult[1]
      Executing RedirectResult, redirecting to /Account/Login.
info: Microsoft.AspNetCore.Mvc.Infrastructure.ControllerActionInvoker[105]
      Executed action PhoneBook.Controllers.HomeController.Index (PhoneBook) in 35.7292ms
info: Microsoft.AspNetCore.Routing.EndpointMiddleware[1]
      Executed endpoint 'PhoneBook.Controllers.HomeController.Index (PhoneBook)'
info: Microsoft.AspNetCore.Hosting.Diagnostics[2]
      Request finished HTTP/2 GET https://localhost:44364/ - 302 - - 46.6097ms
info: Microsoft.AspNetCore.Hosting.Diagnostics[1]
      Request starting HTTP/2 GET https://localhost:44364/Account/Login - - -
info: Microsoft.AspNetCore.Routing.EndpointMiddleware[0]
      Executing endpoint 'PhoneBook.Controllers.AccountController.Login (PhoneBook)'
info: Microsoft.AspNetCore.Mvc.Infrastructure.ControllerActionInvoker[102]
      Route matched with {action = "Login", controller = "Account"}. Executing controller action with signature Microsoft.AspNetCore.Mvc.IActionResult Login(System.String) on controller PhoneBook.Controllers.AccountController (PhoneBook).
info: Microsoft.AspNetCore.Mvc.RedirectToActionResult[1]
      Executing RedirectResult, redirecting to /.
info: Microsoft.AspNetCore.Mvc.Infrastructure.ControllerActionInvoker[105]
      Executed action PhoneBook.Controllers.AccountController.Login (PhoneBook) in 1.6833ms
info: Microsoft.AspNetCore.Routing.EndpointMiddleware[1]
      Executed endpoint 'PhoneBook.Controllers.AccountController.Login (PhoneBook)'
info: Microsoft.AspNetCore.Hosting.Diagnostics[2]
      Request finished HTTP/2 GET https://localhost:44364/Account/Login - 302 - - 14.4168ms
info: Microsoft.AspNetCore.Hosting.Diagnostics[1]
      Request starting HTTP/2 GET https://localhost:44364/ - - -
info: Microsoft.AspNetCore.Routing.EndpointMiddleware[0]
      Executing endpoint 'PhoneBook.Controllers.HomeController.Index (PhoneBook)'
info: Microsoft.AspNetCore.Mvc.Infrastructure.ControllerActionInvoker[102]
      Route matched with {action = "Index", controller = "Home"}. Executing controller action with signature System.Threading.Tasks.Task`1[Microsoft.AspNetCore.Mvc.IActionResult] Index() on controller PhoneBook.Controllers.HomeController (PhoneBook).
info: System.Net.Http.HttpClient.IApiService.LogicalHandler[100]
      Start processing HTTP request GET http://10.10.3.159:8683/api/Departments
info: System.Net.Http.HttpClient.IApiService.ClientHandler[100]
      Sending HTTP request GET http://10.10.3.159:8683/api/Departments
info: System.Net.Http.HttpClient.IApiService.ClientHandler[101]
      Received HTTP response headers after 0.8134ms - 401
info: System.Net.Http.HttpClient.IApiService.LogicalHandler[101]
      End processing HTTP request after 5.4173ms - 401
info: Microsoft.AspNetCore.Mvc.RedirectToActionResult[1]
      Executing RedirectResult, redirecting to /Account/Login.
info: Microsoft.AspNetCore.Mvc.Infrastructure.ControllerActionInvoker[105]
      Executed action PhoneBook.Controllers.HomeController.Index (PhoneBook) in 33.0737ms
info: Microsoft.AspNetCore.Hosting.Diagnostics[1]
      Request starting HTTP/2 GET https://localhost:44364/Account/Login - - -
info: Microsoft.AspNetCore.Routing.EndpointMiddleware[1]
      Executed endpoint 'PhoneBook.Controllers.HomeController.Index (PhoneBook)'
info: Microsoft.AspNetCore.Hosting.Diagnostics[2]
      Request finished HTTP/2 GET https://localhost:44364/ - 499 - - 48.0741ms
info: Microsoft.AspNetCore.Routing.EndpointMiddleware[0]
      Executing endpoint 'PhoneBook.Controllers.AccountController.Login (PhoneBook)'
info: Microsoft.AspNetCore.Mvc.Infrastructure.ControllerActionInvoker[102]
      Route matched with {action = "Login", controller = "Account"}. Executing controller action with signature Microsoft.AspNetCore.Mvc.IActionResult Login(System.String) on controller PhoneBook.Controllers.AccountController (PhoneBook).
info: Microsoft.AspNetCore.Mvc.RedirectToActionResult[1]
      Executing RedirectResult, redirecting to /.
info: Microsoft.AspNetCore.Mvc.Infrastructure.ControllerActionInvoker[105]
      Executed action PhoneBook.Controllers.AccountController.Login (PhoneBook) in 3.5525ms
info: Microsoft.AspNetCore.Routing.EndpointMiddleware[1]
      Executed endpoint 'PhoneBook.Controllers.AccountController.Login (PhoneBook)'
info: Microsoft.AspNetCore.Hosting.Diagnostics[2]
      Request finished HTTP/2 GET https://localhost:44364/Account/Login - 302 - - 17.5067ms
info: Microsoft.AspNetCore.Hosting.Diagnostics[1]
      Request starting HTTP/2 GET https://localhost:44364/ - - -
info: Microsoft.AspNetCore.Routing.EndpointMiddleware[0]
      Executing endpoint 'PhoneBook.Controllers.HomeController.Index (PhoneBook)'
info: Microsoft.AspNetCore.Mvc.Infrastructure.ControllerActionInvoker[102]
      Route matched with {action = "Index", controller = "Home"}. Executing controller action with signature System.Threading.Tasks.Task`1[Microsoft.AspNetCore.Mvc.IActionResult] Index() on controller PhoneBook.Controllers.HomeController (PhoneBook).
info: System.Net.Http.HttpClient.IApiService.LogicalHandler[100]
      Start processing HTTP request GET http://10.10.3.159:8683/api/Departments
info: System.Net.Http.HttpClient.IApiService.ClientHandler[100]
      Sending HTTP request GET http://10.10.3.159:8683/api/Departments
info: System.Net.Http.HttpClient.IApiService.ClientHandler[101]
      Received HTTP response headers after 0.9192ms - 401
info: System.Net.Http.HttpClient.IApiService.LogicalHandler[101]
      End processing HTTP request after 5.4442ms - 401
info: Microsoft.AspNetCore.Mvc.RedirectToActionResult[1]
      Executing RedirectResult, redirecting to /Account/Login.
info: Microsoft.AspNetCore.Mvc.Infrastructure.ControllerActionInvoker[105]
      Executed action PhoneBook.Controllers.HomeController.Index (PhoneBook) in 32.7417ms
info: Microsoft.AspNetCore.Routing.EndpointMiddleware[1]
      Executed endpoint 'PhoneBook.Controllers.HomeController.Index (PhoneBook)'
info: Microsoft.AspNetCore.Hosting.Diagnostics[2]
      Request finished HTTP/2 GET https://localhost:44364/ - 302 - - 43.6082ms
info: Microsoft.AspNetCore.Hosting.Diagnostics[1]
      Request starting HTTP/2 GET https://localhost:44364/Account/Login - - -
info: Microsoft.AspNetCore.Routing.EndpointMiddleware[0]
      Executing endpoint 'PhoneBook.Controllers.AccountController.Login (PhoneBook)'
info: Microsoft.AspNetCore.Mvc.Infrastructure.ControllerActionInvoker[102]
      Route matched with {action = "Login", controller = "Account"}. Executing controller action with signature Microsoft.AspNetCore.Mvc.IActionResult Login(System.String) on controller PhoneBook.Controllers.AccountController (PhoneBook).
info: Microsoft.AspNetCore.Mvc.RedirectToActionResult[1]
      Executing RedirectResult, redirecting to /.
info: Microsoft.AspNetCore.Mvc.Infrastructure.ControllerActionInvoker[105]
      Executed action PhoneBook.Controllers.AccountController.Login (PhoneBook) in 1.9611ms
info: Microsoft.AspNetCore.Routing.EndpointMiddleware[1]
      Executed endpoint 'PhoneBook.Controllers.AccountController.Login (PhoneBook)'
info: Microsoft.AspNetCore.Hosting.Diagnostics[2]
      Request finished HTTP/2 GET https://localhost:44364/Account/Login - 302 - - 13.4121ms
info: Microsoft.AspNetCore.Hosting.Diagnostics[1]
      Request starting HTTP/2 GET https://localhost:44364/ - - -
info: Microsoft.AspNetCore.Routing.EndpointMiddleware[0]
      Executing endpoint 'PhoneBook.Controllers.HomeController.Index (PhoneBook)'
info: Microsoft.AspNetCore.Mvc.Infrastructure.ControllerActionInvoker[102]
      Route matched with {action = "Index", controller = "Home"}. Executing controller action with signature System.Threading.Tasks.Task`1[Microsoft.AspNetCore.Mvc.IActionResult] Index() on controller PhoneBook.Controllers.HomeController (PhoneBook).
info: System.Net.Http.HttpClient.IApiService.LogicalHandler[100]
      Start processing HTTP request GET http://10.10.3.159:8683/api/Departments
info: System.Net.Http.HttpClient.IApiService.ClientHandler[100]
      Sending HTTP request GET http://10.10.3.159:8683/api/Departments
info: System.Net.Http.HttpClient.IApiService.ClientHandler[101]
      Received HTTP response headers after 1.0028ms - 401
info: System.Net.Http.HttpClient.IApiService.LogicalHandler[101]
      End processing HTTP request after 6.194ms - 401
info: Microsoft.AspNetCore.Mvc.RedirectToActionResult[1]
      Executing RedirectResult, redirecting to /Account/Login.
info: Microsoft.AspNetCore.Mvc.Infrastructure.ControllerActionInvoker[105]
      Executed action PhoneBook.Controllers.HomeController.Index (PhoneBook) in 33.5804ms
info: Microsoft.AspNetCore.Routing.EndpointMiddleware[1]
      Executed endpoint 'PhoneBook.Controllers.HomeController.Index (PhoneBook)'
info: Microsoft.AspNetCore.Hosting.Diagnostics[2]
      Request finished HTTP/2 GET https://localhost:44364/ - 302 - - 44.3313ms
info: Microsoft.AspNetCore.Hosting.Diagnostics[1]
      Request starting HTTP/2 GET https://localhost:44364/Account/Login - - -
info: Microsoft.AspNetCore.Routing.EndpointMiddleware[0]
      Executing endpoint 'PhoneBook.Controllers.AccountController.Login (PhoneBook)'
info: Microsoft.AspNetCore.Mvc.Infrastructure.ControllerActionInvoker[102]
      Route matched with {action = "Login", controller = "Account"}. Executing controller action with signature Microsoft.AspNetCore.Mvc.IActionResult Login(System.String) on controller PhoneBook.Controllers.AccountController (PhoneBook).
info: Microsoft.AspNetCore.Mvc.RedirectToActionResult[1]
      Executing RedirectResult, redirecting to /.
info: Microsoft.AspNetCore.Mvc.Infrastructure.ControllerActionInvoker[105]
      Executed action PhoneBook.Controllers.AccountController.Login (PhoneBook) in 1.6044ms
info: Microsoft.AspNetCore.Routing.EndpointMiddleware[1]
      Executed endpoint 'PhoneBook.Controllers.AccountController.Login (PhoneBook)'
info: Microsoft.AspNetCore.Hosting.Diagnostics[2]
      Request finished HTTP/2 GET https://localhost:44364/Account/Login - 302 - - 12.2933ms
info: Microsoft.AspNetCore.Hosting.Diagnostics[1]
      Request starting HTTP/2 GET https://localhost:44364/ - - -
info: Microsoft.AspNetCore.Routing.EndpointMiddleware[0]
      Executing endpoint 'PhoneBook.Controllers.HomeController.Index (PhoneBook)'
info: Microsoft.AspNetCore.Mvc.Infrastructure.ControllerActionInvoker[102]
      Route matched with {action = "Index", controller = "Home"}. Executing controller action with signature System.Threading.Tasks.Task`1[Microsoft.AspNetCore.Mvc.IActionResult] Index() on controller PhoneBook.Controllers.HomeController (PhoneBook).
info: System.Net.Http.HttpClient.IApiService.LogicalHandler[100]
      Start processing HTTP request GET http://10.10.3.159:8683/api/Departments
info: System.Net.Http.HttpClient.IApiService.ClientHandler[100]
      Sending HTTP request GET http://10.10.3.159:8683/api/Departments
info: System.Net.Http.HttpClient.IApiService.ClientHandler[101]
      Received HTTP response headers after 0.7592ms - 401
info: System.Net.Http.HttpClient.IApiService.LogicalHandler[101]
      End processing HTTP request after 5.5989ms - 401
info: Microsoft.AspNetCore.Mvc.RedirectToActionResult[1]
      Executing RedirectResult, redirecting to /Account/Login.
info: Microsoft.AspNetCore.Mvc.Infrastructure.ControllerActionInvoker[105]
      Executed action PhoneBook.Controllers.HomeController.Index (PhoneBook) in 33.4049ms
info: Microsoft.AspNetCore.Routing.EndpointMiddleware[1]
      Executed endpoint 'PhoneBook.Controllers.HomeController.Index (PhoneBook)'
info: Microsoft.AspNetCore.Hosting.Diagnostics[2]
      Request finished HTTP/2 GET https://localhost:44364/ - 302 - - 43.7354ms
info: Microsoft.AspNetCore.Hosting.Diagnostics[1]
      Request starting HTTP/2 GET https://localhost:44364/Account/Login - - -
info: Microsoft.AspNetCore.Routing.EndpointMiddleware[0]
      Executing endpoint 'PhoneBook.Controllers.AccountController.Login (PhoneBook)'
info: Microsoft.AspNetCore.Mvc.Infrastructure.ControllerActionInvoker[102]
      Route matched with {action = "Login", controller = "Account"}. Executing controller action with signature Microsoft.AspNetCore.Mvc.IActionResult Login(System.String) on controller PhoneBook.Controllers.AccountController (PhoneBook).
info: Microsoft.AspNetCore.Mvc.RedirectToActionResult[1]
      Executing RedirectResult, redirecting to /.
info: Microsoft.AspNetCore.Mvc.Infrastructure.ControllerActionInvoker[105]
      Executed action PhoneBook.Controllers.AccountController.Login (PhoneBook) in 1.6647ms
info: Microsoft.AspNetCore.Routing.EndpointMiddleware[1]
      Executed endpoint 'PhoneBook.Controllers.AccountController.Login (PhoneBook)'
info: Microsoft.AspNetCore.Hosting.Diagnostics[2]
      Request finished HTTP/2 GET https://localhost:44364/Account/Login - 302 - - 12.1480ms
info: Microsoft.AspNetCore.Hosting.Diagnostics[1]
      Request starting HTTP/2 GET https://localhost:44364/ - - -
info: Microsoft.AspNetCore.Routing.EndpointMiddleware[0]
      Executing endpoint 'PhoneBook.Controllers.HomeController.Index (PhoneBook)'
info: Microsoft.AspNetCore.Mvc.Infrastructure.ControllerActionInvoker[102]
      Route matched with {action = "Index", controller = "Home"}. Executing controller action with signature System.Threading.Tasks.Task`1[Microsoft.AspNetCore.Mvc.IActionResult] Index() on controller PhoneBook.Controllers.HomeController (PhoneBook).
info: System.Net.Http.HttpClient.IApiService.LogicalHandler[100]
      Start processing HTTP request GET http://10.10.3.159:8683/api/Departments
info: System.Net.Http.HttpClient.IApiService.ClientHandler[100]
      Sending HTTP request GET http://10.10.3.159:8683/api/Departments
info: System.Net.Http.HttpClient.IApiService.ClientHandler[101]
      Received HTTP response headers after 1.0557ms - 401
info: System.Net.Http.HttpClient.IApiService.LogicalHandler[101]
      End processing HTTP request after 5.7852ms - 401
info: Microsoft.AspNetCore.Mvc.RedirectToActionResult[1]
      Executing RedirectResult, redirecting to /Account/Login.
info: Microsoft.AspNetCore.Mvc.Infrastructure.ControllerActionInvoker[105]
      Executed action PhoneBook.Controllers.HomeController.Index (PhoneBook) in 36.2544ms
info: Microsoft.AspNetCore.Routing.EndpointMiddleware[1]
      Executed endpoint 'PhoneBook.Controllers.HomeController.Index (PhoneBook)'
info: Microsoft.AspNetCore.Hosting.Diagnostics[2]
      Request finished HTTP/2 GET https://localhost:44364/ - 302 - - 45.8654ms
info: Microsoft.AspNetCore.Hosting.Diagnostics[1]
      Request starting HTTP/2 GET https://localhost:44364/Account/Login - - -
info: Microsoft.AspNetCore.Routing.EndpointMiddleware[0]
      Executing endpoint 'PhoneBook.Controllers.AccountController.Login (PhoneBook)'
info: Microsoft.AspNetCore.Mvc.Infrastructure.ControllerActionInvoker[102]
      Route matched with {action = "Login", controller = "Account"}. Executing controller action with signature Microsoft.AspNetCore.Mvc.IActionResult Login(System.String) on controller PhoneBook.Controllers.AccountController (PhoneBook).
info: Microsoft.AspNetCore.Mvc.RedirectToActionResult[1]
      Executing RedirectResult, redirecting to /.
info: Microsoft.AspNetCore.Mvc.Infrastructure.ControllerActionInvoker[105]
      Executed action PhoneBook.Controllers.AccountController.Login (PhoneBook) in 1.6948ms
info: Microsoft.AspNetCore.Routing.EndpointMiddleware[1]
      Executed endpoint 'PhoneBook.Controllers.AccountController.Login (PhoneBook)'
info: Microsoft.AspNetCore.Hosting.Diagnostics[2]
      Request finished HTTP/2 GET https://localhost:44364/Account/Login - 302 - - 12.2673ms
info: Microsoft.AspNetCore.Hosting.Diagnostics[1]
      Request starting HTTP/2 GET https://localhost:44364/ - - -
info: Microsoft.AspNetCore.Routing.EndpointMiddleware[0]
      Executing endpoint 'PhoneBook.Controllers.HomeController.Index (PhoneBook)'
info: Microsoft.AspNetCore.Mvc.Infrastructure.ControllerActionInvoker[102]
      Route matched with {action = "Index", controller = "Home"}. Executing controller action with signature System.Threading.Tasks.Task`1[Microsoft.AspNetCore.Mvc.IActionResult] Index() on controller PhoneBook.Controllers.HomeController (PhoneBook).
info: System.Net.Http.HttpClient.IApiService.LogicalHandler[100]
      Start processing HTTP request GET http://10.10.3.159:8683/api/Departments
info: System.Net.Http.HttpClient.IApiService.ClientHandler[100]
      Sending HTTP request GET http://10.10.3.159:8683/api/Departments
info: System.Net.Http.HttpClient.IApiService.ClientHandler[101]
      Received HTTP response headers after 0.7577ms - 401
info: System.Net.Http.HttpClient.IApiService.LogicalHandler[101]
      End processing HTTP request after 5.2863ms - 401
info: Microsoft.AspNetCore.Mvc.RedirectToActionResult[1]
      Executing RedirectResult, redirecting to /Account/Login.
info: Microsoft.AspNetCore.Mvc.Infrastructure.ControllerActionInvoker[105]
      Executed action PhoneBook.Controllers.HomeController.Index (PhoneBook) in 34.076ms
info: Microsoft.AspNetCore.Routing.EndpointMiddleware[1]
      Executed endpoint 'PhoneBook.Controllers.HomeController.Index (PhoneBook)'
info: Microsoft.AspNetCore.Hosting.Diagnostics[2]
      Request finished HTTP/2 GET https://localhost:44364/ - 302 - - 44.8057ms
info: Microsoft.AspNetCore.Hosting.Diagnostics[1]
      Request starting HTTP/2 GET https://localhost:44364/Account/Login - - -
info: Microsoft.AspNetCore.Routing.EndpointMiddleware[0]
      Executing endpoint 'PhoneBook.Controllers.AccountController.Login (PhoneBook)'
info: Microsoft.AspNetCore.Mvc.Infrastructure.ControllerActionInvoker[102]
      Route matched with {action = "Login", controller = "Account"}. Executing controller action with signature Microsoft.AspNetCore.Mvc.IActionResult Login(System.String) on controller PhoneBook.Controllers.AccountController (PhoneBook).
info: Microsoft.AspNetCore.Mvc.RedirectToActionResult[1]
      Executing RedirectResult, redirecting to /.
info: Microsoft.AspNetCore.Mvc.Infrastructure.ControllerActionInvoker[105]
      Executed action PhoneBook.Controllers.AccountController.Login (PhoneBook) in 1.6079ms
info: Microsoft.AspNetCore.Routing.EndpointMiddleware[1]
      Executed endpoint 'PhoneBook.Controllers.AccountController.Login (PhoneBook)'
info: Microsoft.AspNetCore.Hosting.Diagnostics[2]
      Request finished HTTP/2 GET https://localhost:44364/Account/Login - 302 - - 11.9460ms
info: Microsoft.AspNetCore.Hosting.Diagnostics[1]
      Request starting HTTP/2 GET https://localhost:44364/ - - -
info: Microsoft.AspNetCore.Routing.EndpointMiddleware[0]
      Executing endpoint 'PhoneBook.Controllers.HomeController.Index (PhoneBook)'
info: Microsoft.AspNetCore.Mvc.Infrastructure.ControllerActionInvoker[102]
      Route matched with {action = "Index", controller = "Home"}. Executing controller action with signature System.Threading.Tasks.Task`1[Microsoft.AspNetCore.Mvc.IActionResult] Index() on controller PhoneBook.Controllers.HomeController (PhoneBook).
info: System.Net.Http.HttpClient.IApiService.LogicalHandler[100]
      Start processing HTTP request GET http://10.10.3.159:8683/api/Departments
info: System.Net.Http.HttpClient.IApiService.ClientHandler[100]
      Sending HTTP request GET http://10.10.3.159:8683/api/Departments
info: System.Net.Http.HttpClient.IApiService.ClientHandler[101]
      Received HTTP response headers after 0.8478ms - 401
info: System.Net.Http.HttpClient.IApiService.LogicalHandler[101]
      End processing HTTP request after 5.2284ms - 401
info: Microsoft.AspNetCore.Mvc.RedirectToActionResult[1]
      Executing RedirectResult, redirecting to /Account/Login.
info: Microsoft.AspNetCore.Mvc.Infrastructure.ControllerActionInvoker[105]
      Executed action PhoneBook.Controllers.HomeController.Index (PhoneBook) in 28.4864ms
info: Microsoft.AspNetCore.Routing.EndpointMiddleware[1]
      Executed endpoint 'PhoneBook.Controllers.HomeController.Index (PhoneBook)'
info: Microsoft.AspNetCore.Hosting.Diagnostics[2]
      Request finished HTTP/2 GET https://localhost:44364/ - 302 - - 38.8465ms
info: Microsoft.AspNetCore.Hosting.Diagnostics[1]
      Request starting HTTP/2 GET https://localhost:44364/Account/Login - - -
info: Microsoft.AspNetCore.Routing.EndpointMiddleware[0]
      Executing endpoint 'PhoneBook.Controllers.AccountController.Login (PhoneBook)'
info: Microsoft.AspNetCore.Mvc.Infrastructure.ControllerActionInvoker[102]
      Route matched with {action = "Login", controller = "Account"}. Executing controller action with signature Microsoft.AspNetCore.Mvc.IActionResult Login(System.String) on controller PhoneBook.Controllers.AccountController (PhoneBook).
info: Microsoft.AspNetCore.Mvc.RedirectToActionResult[1]
      Executing RedirectResult, redirecting to /.
info: Microsoft.AspNetCore.Mvc.Infrastructure.ControllerActionInvoker[105]
      Executed action PhoneBook.Controllers.AccountController.Login (PhoneBook) in 1.7328ms
info: Microsoft.AspNetCore.Routing.EndpointMiddleware[1]
      Executed endpoint 'PhoneBook.Controllers.AccountController.Login (PhoneBook)'
info: Microsoft.AspNetCore.Hosting.Diagnostics[2]
      Request finished HTTP/2 GET https://localhost:44364/Account/Login - 302 - - 12.4439ms
info: Microsoft.AspNetCore.Hosting.Diagnostics[1]
      Request starting HTTP/2 GET https://localhost:44364/ - - -
info: Microsoft.AspNetCore.Routing.EndpointMiddleware[0]
      Executing endpoint 'PhoneBook.Controllers.HomeController.Index (PhoneBook)'
info: Microsoft.AspNetCore.Mvc.Infrastructure.ControllerActionInvoker[102]
      Route matched with {action = "Index", controller = "Home"}. Executing controller action with signature System.Threading.Tasks.Task`1[Microsoft.AspNetCore.Mvc.IActionResult] Index() on controller PhoneBook.Controllers.HomeController (PhoneBook).
info: System.Net.Http.HttpClient.IApiService.LogicalHandler[100]
      Start processing HTTP request GET http://10.10.3.159:8683/api/Departments
info: System.Net.Http.HttpClient.IApiService.ClientHandler[100]
      Sending HTTP request GET http://10.10.3.159:8683/api/Departments
info: System.Net.Http.HttpClient.IApiService.ClientHandler[101]
      Received HTTP response headers after 0.9772ms - 401
info: System.Net.Http.HttpClient.IApiService.LogicalHandler[101]
      End processing HTTP request after 5.6221ms - 401
info: Microsoft.AspNetCore.Mvc.RedirectToActionResult[1]
      Executing RedirectResult, redirecting to /Account/Login.
info: Microsoft.AspNetCore.Mvc.Infrastructure.ControllerActionInvoker[105]
      Executed action PhoneBook.Controllers.HomeController.Index (PhoneBook) in 39.4238ms
info: Microsoft.AspNetCore.Routing.EndpointMiddleware[1]
      Executed endpoint 'PhoneBook.Controllers.HomeController.Index (PhoneBook)'
info: Microsoft.AspNetCore.Hosting.Diagnostics[2]
      Request finished HTTP/2 GET https://localhost:44364/ - 302 - - 50.3542ms
info: Microsoft.AspNetCore.Hosting.Diagnostics[1]
      Request starting HTTP/2 GET https://localhost:44364/Account/Login - - -
info: Microsoft.AspNetCore.Routing.EndpointMiddleware[0]
      Executing endpoint 'PhoneBook.Controllers.AccountController.Login (PhoneBook)'
info: Microsoft.AspNetCore.Mvc.Infrastructure.ControllerActionInvoker[102]
      Route matched with {action = "Login", controller = "Account"}. Executing controller action with signature Microsoft.AspNetCore.Mvc.IActionResult Login(System.String) on controller PhoneBook.Controllers.AccountController (PhoneBook).
info: Microsoft.AspNetCore.Mvc.RedirectToActionResult[1]
      Executing RedirectResult, redirecting to /.
info: Microsoft.AspNetCore.Mvc.Infrastructure.ControllerActionInvoker[105]
      Executed action PhoneBook.Controllers.AccountController.Login (PhoneBook) in 1.7044ms
info: Microsoft.AspNetCore.Routing.EndpointMiddleware[1]
      Executed endpoint 'PhoneBook.Controllers.AccountController.Login (PhoneBook)'
info: Microsoft.AspNetCore.Hosting.Diagnostics[2]
      Request finished HTTP/2 GET https://localhost:44364/Account/Login - 302 - - 12.4450ms
info: Microsoft.AspNetCore.Hosting.Diagnostics[1]
      Request starting HTTP/2 GET https://localhost:44364/ - - -
info: Microsoft.AspNetCore.Routing.EndpointMiddleware[0]
      Executing endpoint 'PhoneBook.Controllers.HomeController.Index (PhoneBook)'
info: Microsoft.AspNetCore.Mvc.Infrastructure.ControllerActionInvoker[102]
      Route matched with {action = "Index", controller = "Home"}. Executing controller action with signature System.Threading.Tasks.Task`1[Microsoft.AspNetCore.Mvc.IActionResult] Index() on controller PhoneBook.Controllers.HomeController (PhoneBook).
info: System.Net.Http.HttpClient.IApiService.LogicalHandler[100]
      Start processing HTTP request GET http://10.10.3.159:8683/api/Departments
info: System.Net.Http.HttpClient.IApiService.ClientHandler[100]
      Sending HTTP request GET http://10.10.3.159:8683/api/Departments
info: System.Net.Http.HttpClient.IApiService.ClientHandler[101]
      Received HTTP response headers after 0.8519ms - 401
info: System.Net.Http.HttpClient.IApiService.LogicalHandler[101]
      End processing HTTP request after 5.2738ms - 401
info: Microsoft.AspNetCore.Mvc.RedirectToActionResult[1]
      Executing RedirectResult, redirecting to /Account/Login.
info: Microsoft.AspNetCore.Mvc.Infrastructure.ControllerActionInvoker[105]
      Executed action PhoneBook.Controllers.HomeController.Index (PhoneBook) in 32.1662ms
info: Microsoft.AspNetCore.Routing.EndpointMiddleware[1]
      Executed endpoint 'PhoneBook.Controllers.HomeController.Index (PhoneBook)'
info: Microsoft.AspNetCore.Hosting.Diagnostics[2]
      Request finished HTTP/2 GET https://localhost:44364/ - 302 - - 42.7741ms
info: Microsoft.AspNetCore.Hosting.Diagnostics[1]
      Request starting HTTP/2 GET https://localhost:44364/Account/Login - - -
info: Microsoft.AspNetCore.Routing.EndpointMiddleware[0]
      Executing endpoint 'PhoneBook.Controllers.AccountController.Login (PhoneBook)'
info: Microsoft.AspNetCore.Mvc.Infrastructure.ControllerActionInvoker[102]
      Route matched with {action = "Login", controller = "Account"}. Executing controller action with signature Microsoft.AspNetCore.Mvc.IActionResult Login(System.String) on controller PhoneBook.Controllers.AccountController (PhoneBook).
info: Microsoft.AspNetCore.Mvc.RedirectToActionResult[1]
      Executing RedirectResult, redirecting to /.
info: Microsoft.AspNetCore.Mvc.Infrastructure.ControllerActionInvoker[105]
      Executed action PhoneBook.Controllers.AccountController.Login (PhoneBook) in 1.9202ms
info: Microsoft.AspNetCore.Routing.EndpointMiddleware[1]
      Executed endpoint 'PhoneBook.Controllers.AccountController.Login (PhoneBook)'
info: Microsoft.AspNetCore.Hosting.Diagnostics[2]
      Request finished HTTP/2 GET https://localhost:44364/Account/Login - 302 - - 13.1737ms
info: Microsoft.AspNetCore.Hosting.Diagnostics[1]
      Request starting HTTP/2 GET https://localhost:44364/ - - -
info: Microsoft.AspNetCore.Routing.EndpointMiddleware[0]
      Executing endpoint 'PhoneBook.Controllers.HomeController.Index (PhoneBook)'
info: Microsoft.AspNetCore.Mvc.Infrastructure.ControllerActionInvoker[102]
      Route matched with {action = "Index", controller = "Home"}. Executing controller action with signature System.Threading.Tasks.Task`1[Microsoft.AspNetCore.Mvc.IActionResult] Index() on controller PhoneBook.Controllers.HomeController (PhoneBook).
info: System.Net.Http.HttpClient.IApiService.LogicalHandler[100]
      Start processing HTTP request GET http://10.10.3.159:8683/api/Departments
info: System.Net.Http.HttpClient.IApiService.ClientHandler[100]
      Sending HTTP request GET http://10.10.3.159:8683/api/Departments
info: System.Net.Http.HttpClient.IApiService.ClientHandler[101]
      Received HTTP response headers after 1.003ms - 401
info: System.Net.Http.HttpClient.IApiService.LogicalHandler[101]
      End processing HTTP request after 5.7075ms - 401
info: Microsoft.AspNetCore.Mvc.RedirectToActionResult[1]
      Executing RedirectResult, redirecting to /Account/Login.
info: Microsoft.AspNetCore.Mvc.Infrastructure.ControllerActionInvoker[105]
      Executed action PhoneBook.Controllers.HomeController.Index (PhoneBook) in 33.0663ms
info: Microsoft.AspNetCore.Routing.EndpointMiddleware[1]
      Executed endpoint 'PhoneBook.Controllers.HomeController.Index (PhoneBook)'
info: Microsoft.AspNetCore.Hosting.Diagnostics[2]
      Request finished HTTP/2 GET https://localhost:44364/ - 302 - - 43.6027ms
info: Microsoft.AspNetCore.Hosting.Diagnostics[1]
      Request starting HTTP/2 GET https://localhost:44364/Account/Login - - -
info: Microsoft.AspNetCore.Routing.EndpointMiddleware[0]
      Executing endpoint 'PhoneBook.Controllers.AccountController.Login (PhoneBook)'
info: Microsoft.AspNetCore.Mvc.Infrastructure.ControllerActionInvoker[102]
      Route matched with {action = "Login", controller = "Account"}. Executing controller action with signature Microsoft.AspNetCore.Mvc.IActionResult Login(System.String) on controller PhoneBook.Controllers.AccountController (PhoneBook).
info: Microsoft.AspNetCore.Mvc.RedirectToActionResult[1]
      Executing RedirectResult, redirecting to /.
info: Microsoft.AspNetCore.Mvc.Infrastructure.ControllerActionInvoker[105]
      Executed action PhoneBook.Controllers.AccountController.Login (PhoneBook) in 1.7001ms
info: Microsoft.AspNetCore.Routing.EndpointMiddleware[1]
      Executed endpoint 'PhoneBook.Controllers.AccountController.Login (PhoneBook)'
info: Microsoft.AspNetCore.Hosting.Diagnostics[2]
      Request finished HTTP/2 GET https://localhost:44364/Account/Login - 302 - - 12.0662ms
info: Microsoft.AspNetCore.Hosting.Diagnostics[1]
      Request starting HTTP/2 GET https://localhost:44364/ - - -
info: Microsoft.AspNetCore.Routing.EndpointMiddleware[0]
      Executing endpoint 'PhoneBook.Controllers.HomeController.Index (PhoneBook)'
info: Microsoft.AspNetCore.Mvc.Infrastructure.ControllerActionInvoker[102]
      Route matched with {action = "Index", controller = "Home"}. Executing controller action with signature System.Threading.Tasks.Task`1[Microsoft.AspNetCore.Mvc.IActionResult] Index() on controller PhoneBook.Controllers.HomeController (PhoneBook).
info: System.Net.Http.HttpClient.IApiService.LogicalHandler[100]
      Start processing HTTP request GET http://10.10.3.159:8683/api/Departments
info: System.Net.Http.HttpClient.IApiService.ClientHandler[100]
      Sending HTTP request GET http://10.10.3.159:8683/api/Departments
info: System.Net.Http.HttpClient.IApiService.ClientHandler[101]
      Received HTTP response headers after 0.7835ms - 401
info: System.Net.Http.HttpClient.IApiService.LogicalHandler[101]
      End processing HTTP request after 5.1927ms - 401
info: Microsoft.AspNetCore.Mvc.RedirectToActionResult[1]
      Executing RedirectResult, redirecting to /Account/Login.
info: Microsoft.AspNetCore.Mvc.Infrastructure.ControllerActionInvoker[105]
      Executed action PhoneBook.Controllers.HomeController.Index (PhoneBook) in 29.7053ms
info: Microsoft.AspNetCore.Routing.EndpointMiddleware[1]
      Executed endpoint 'PhoneBook.Controllers.HomeController.Index (PhoneBook)'
info: Microsoft.AspNetCore.Hosting.Diagnostics[2]
      Request finished HTTP/2 GET https://localhost:44364/ - 302 - - 40.1321ms
info: Microsoft.AspNetCore.Hosting.Diagnostics[1]
      Request starting HTTP/2 GET https://localhost:44364/ - - -
info: Microsoft.AspNetCore.Routing.EndpointMiddleware[0]
      Executing endpoint 'PhoneBook.Controllers.HomeController.Index (PhoneBook)'
info: Microsoft.AspNetCore.Mvc.Infrastructure.ControllerActionInvoker[102]
      Route matched with {action = "Index", controller = "Home"}. Executing controller action with signature System.Threading.Tasks.Task`1[Microsoft.AspNetCore.Mvc.IActionResult] Index() on controller PhoneBook.Controllers.HomeController (PhoneBook).
info: System.Net.Http.HttpClient.IApiService.LogicalHandler[100]
      Start processing HTTP request GET http://10.10.3.159:8683/api/Departments
info: System.Net.Http.HttpClient.IApiService.ClientHandler[100]
      Sending HTTP request GET http://10.10.3.159:8683/api/Departments
info: System.Net.Http.HttpClient.IApiService.ClientHandler[101]
      Received HTTP response headers after 0.857ms - 401
info: System.Net.Http.HttpClient.IApiService.LogicalHandler[101]
      End processing HTTP request after 4.6658ms - 401
info: Microsoft.AspNetCore.Mvc.RedirectToActionResult[1]
      Executing RedirectResult, redirecting to /Account/Login.
info: Microsoft.AspNetCore.Mvc.Infrastructure.ControllerActionInvoker[105]
      Executed action PhoneBook.Controllers.HomeController.Index (PhoneBook) in 44.2ms
info: Microsoft.AspNetCore.Routing.EndpointMiddleware[1]
      Executed endpoint 'PhoneBook.Controllers.HomeController.Index (PhoneBook)'
info: Microsoft.AspNetCore.Hosting.Diagnostics[2]
      Request finished HTTP/2 GET https://localhost:44364/ - 302 - - 55.4704ms
info: Microsoft.AspNetCore.Hosting.Diagnostics[1]
      Request starting HTTP/2 GET https://localhost:44364/Account/Login - - -
info: Microsoft.AspNetCore.Routing.EndpointMiddleware[0]
      Executing endpoint 'PhoneBook.Controllers.AccountController.Login (PhoneBook)'
info: Microsoft.AspNetCore.Mvc.Infrastructure.ControllerActionInvoker[102]
      Route matched with {action = "Login", controller = "Account"}. Executing controller action with signature Microsoft.AspNetCore.Mvc.IActionResult Login(System.String) on controller PhoneBook.Controllers.AccountController (PhoneBook).
info: Microsoft.AspNetCore.Mvc.RedirectToActionResult[1]
      Executing RedirectResult, redirecting to /.
info: Microsoft.AspNetCore.Mvc.Infrastructure.ControllerActionInvoker[105]
      Executed action PhoneBook.Controllers.AccountController.Login (PhoneBook) in 1.3637ms
info: Microsoft.AspNetCore.Routing.EndpointMiddleware[1]
      Executed endpoint 'PhoneBook.Controllers.AccountController.Login (PhoneBook)'
info: Microsoft.AspNetCore.Hosting.Diagnostics[2]
      Request finished HTTP/2 GET https://localhost:44364/Account/Login - 302 - - 10.5693ms
info: Microsoft.AspNetCore.Hosting.Diagnostics[1]
      Request starting HTTP/2 GET https://localhost:44364/ - - -
info: Microsoft.AspNetCore.Routing.EndpointMiddleware[0]
      Executing endpoint 'PhoneBook.Controllers.HomeController.Index (PhoneBook)'
info: Microsoft.AspNetCore.Mvc.Infrastructure.ControllerActionInvoker[102]
      Route matched with {action = "Index", controller = "Home"}. Executing controller action with signature System.Threading.Tasks.Task`1[Microsoft.AspNetCore.Mvc.IActionResult] Index() on controller PhoneBook.Controllers.HomeController (PhoneBook).
info: System.Net.Http.HttpClient.IApiService.LogicalHandler[100]
      Start processing HTTP request GET http://10.10.3.159:8683/api/Departments
info: System.Net.Http.HttpClient.IApiService.ClientHandler[100]
      Sending HTTP request GET http://10.10.3.159:8683/api/Departments
info: System.Net.Http.HttpClient.IApiService.ClientHandler[101]
      Received HTTP response headers after 0.8025ms - 401
info: System.Net.Http.HttpClient.IApiService.LogicalHandler[101]
      End processing HTTP request after 5.3116ms - 401
info: Microsoft.AspNetCore.Mvc.RedirectToActionResult[1]
      Executing RedirectResult, redirecting to /Account/Login.
info: Microsoft.AspNetCore.Mvc.Infrastructure.ControllerActionInvoker[105]
      Executed action PhoneBook.Controllers.HomeController.Index (PhoneBook) in 29.9327ms
info: Microsoft.AspNetCore.Routing.EndpointMiddleware[1]
      Executed endpoint 'PhoneBook.Controllers.HomeController.Index (PhoneBook)'
info: Microsoft.AspNetCore.Hosting.Diagnostics[2]
      Request finished HTTP/2 GET https://localhost:44364/ - 302 - - 39.3030ms
info: Microsoft.AspNetCore.Hosting.Diagnostics[1]
      Request starting HTTP/2 GET https://localhost:44364/Account/Login - - -
info: Microsoft.AspNetCore.Routing.EndpointMiddleware[0]
      Executing endpoint 'PhoneBook.Controllers.AccountController.Login (PhoneBook)'
info: Microsoft.AspNetCore.Mvc.Infrastructure.ControllerActionInvoker[102]
      Route matched with {action = "Login", controller = "Account"}. Executing controller action with signature Microsoft.AspNetCore.Mvc.IActionResult Login(System.String) on controller PhoneBook.Controllers.AccountController (PhoneBook).
info: Microsoft.AspNetCore.Mvc.RedirectToActionResult[1]
      Executing RedirectResult, redirecting to /.
info: Microsoft.AspNetCore.Mvc.Infrastructure.ControllerActionInvoker[105]
      Executed action PhoneBook.Controllers.AccountController.Login (PhoneBook) in 1.5609ms
info: Microsoft.AspNetCore.Routing.EndpointMiddleware[1]
      Executed endpoint 'PhoneBook.Controllers.AccountController.Login (PhoneBook)'
info: Microsoft.AspNetCore.Hosting.Diagnostics[2]
      Request finished HTTP/2 GET https://localhost:44364/Account/Login - 302 - - 11.1243ms
info: Microsoft.AspNetCore.Hosting.Diagnostics[1]
      Request starting HTTP/2 GET https://localhost:44364/ - - -
info: Microsoft.AspNetCore.Routing.EndpointMiddleware[0]
      Executing endpoint 'PhoneBook.Controllers.HomeController.Index (PhoneBook)'
info: Microsoft.AspNetCore.Mvc.Infrastructure.ControllerActionInvoker[102]
      Route matched with {action = "Index", controller = "Home"}. Executing controller action with signature System.Threading.Tasks.Task`1[Microsoft.AspNetCore.Mvc.IActionResult] Index() on controller PhoneBook.Controllers.HomeController (PhoneBook).
info: System.Net.Http.HttpClient.IApiService.LogicalHandler[100]
      Start processing HTTP request GET http://10.10.3.159:8683/api/Departments
info: System.Net.Http.HttpClient.IApiService.ClientHandler[100]
      Sending HTTP request GET http://10.10.3.159:8683/api/Departments
info: System.Net.Http.HttpClient.IApiService.ClientHandler[101]
      Received HTTP response headers after 0.973ms - 401
info: System.Net.Http.HttpClient.IApiService.LogicalHandler[101]
      End processing HTTP request after 5.3675ms - 401
info: Microsoft.AspNetCore.Mvc.RedirectToActionResult[1]
      Executing RedirectResult, redirecting to /Account/Login.
info: Microsoft.AspNetCore.Mvc.Infrastructure.ControllerActionInvoker[105]
      Executed action PhoneBook.Controllers.HomeController.Index (PhoneBook) in 26.6477ms
info: Microsoft.AspNetCore.Routing.EndpointMiddleware[1]
      Executed endpoint 'PhoneBook.Controllers.HomeController.Index (PhoneBook)'
info: Microsoft.AspNetCore.Hosting.Diagnostics[2]
      Request finished HTTP/2 GET https://localhost:44364/ - 302 - - 36.0390ms
info: Microsoft.AspNetCore.Hosting.Diagnostics[1]
      Request starting HTTP/2 GET https://localhost:44364/Account/Login - - -
info: Microsoft.AspNetCore.Routing.EndpointMiddleware[0]
      Executing endpoint 'PhoneBook.Controllers.AccountController.Login (PhoneBook)'
info: Microsoft.AspNetCore.Mvc.Infrastructure.ControllerActionInvoker[102]
      Route matched with {action = "Login", controller = "Account"}. Executing controller action with signature Microsoft.AspNetCore.Mvc.IActionResult Login(System.String) on controller PhoneBook.Controllers.AccountController (PhoneBook).
info: Microsoft.AspNetCore.Mvc.RedirectToActionResult[1]
      Executing RedirectResult, redirecting to /.
info: Microsoft.AspNetCore.Mvc.Infrastructure.ControllerActionInvoker[105]
      Executed action PhoneBook.Controllers.AccountController.Login (PhoneBook) in 1.4521ms
info: Microsoft.AspNetCore.Routing.EndpointMiddleware[1]
      Executed endpoint 'PhoneBook.Controllers.AccountController.Login (PhoneBook)'
info: Microsoft.AspNetCore.Hosting.Diagnostics[2]
      Request finished HTTP/2 GET https://localhost:44364/Account/Login - 302 - - 10.5816ms
info: Microsoft.AspNetCore.Hosting.Diagnostics[1]
      Request starting HTTP/2 GET https://localhost:44364/ - - -
info: Microsoft.AspNetCore.Routing.EndpointMiddleware[0]
      Executing endpoint 'PhoneBook.Controllers.HomeController.Index (PhoneBook)'
info: Microsoft.AspNetCore.Mvc.Infrastructure.ControllerActionInvoker[102]
      Route matched with {action = "Index", controller = "Home"}. Executing controller action with signature System.Threading.Tasks.Task`1[Microsoft.AspNetCore.Mvc.IActionResult] Index() on controller PhoneBook.Controllers.HomeController (PhoneBook).
info: System.Net.Http.HttpClient.IApiService.LogicalHandler[100]
      Start processing HTTP request GET http://10.10.3.159:8683/api/Departments
info: System.Net.Http.HttpClient.IApiService.ClientHandler[100]
      Sending HTTP request GET http://10.10.3.159:8683/api/Departments
info: System.Net.Http.HttpClient.IApiService.ClientHandler[101]
      Received HTTP response headers after 0.8089ms - 401
info: System.Net.Http.HttpClient.IApiService.LogicalHandler[101]
      End processing HTTP request after 4.7048ms - 401
info: Microsoft.AspNetCore.Mvc.RedirectToActionResult[1]
      Executing RedirectResult, redirecting to /Account/Login.
info: Microsoft.AspNetCore.Mvc.Infrastructure.ControllerActionInvoker[105]
      Executed action PhoneBook.Controllers.HomeController.Index (PhoneBook) in 24.7981ms
info: Microsoft.AspNetCore.Routing.EndpointMiddleware[1]
      Executed endpoint 'PhoneBook.Controllers.HomeController.Index (PhoneBook)'
info: Microsoft.AspNetCore.Hosting.Diagnostics[2]
      Request finished HTTP/2 GET https://localhost:44364/ - 302 - - 33.3389ms
info: Microsoft.AspNetCore.Hosting.Diagnostics[1]
      Request starting HTTP/2 GET https://localhost:44364/Account/Login - - -
info: Microsoft.AspNetCore.Routing.EndpointMiddleware[0]
      Executing endpoint 'PhoneBook.Controllers.AccountController.Login (PhoneBook)'
info: Microsoft.AspNetCore.Mvc.Infrastructure.ControllerActionInvoker[102]
      Route matched with {action = "Login", controller = "Account"}. Executing controller action with signature Microsoft.AspNetCore.Mvc.IActionResult Login(System.String) on controller PhoneBook.Controllers.AccountController (PhoneBook).
info: Microsoft.AspNetCore.Mvc.RedirectToActionResult[1]
      Executing RedirectResult, redirecting to /.
info: Microsoft.AspNetCore.Mvc.Infrastructure.ControllerActionInvoker[105]
      Executed action PhoneBook.Controllers.AccountController.Login (PhoneBook) in 1.3639ms
info: Microsoft.AspNetCore.Routing.EndpointMiddleware[1]
      Executed endpoint 'PhoneBook.Controllers.AccountController.Login (PhoneBook)'
info: Microsoft.AspNetCore.Hosting.Diagnostics[2]
      Request finished HTTP/2 GET https://localhost:44364/Account/Login - 302 - - 10.9626ms
info: Microsoft.AspNetCore.Hosting.Diagnostics[1]
      Request starting HTTP/2 GET https://localhost:44364/ - - -
info: Microsoft.AspNetCore.Routing.EndpointMiddleware[0]
      Executing endpoint 'PhoneBook.Controllers.HomeController.Index (PhoneBook)'
info: Microsoft.AspNetCore.Mvc.Infrastructure.ControllerActionInvoker[102]
      Route matched with {action = "Index", controller = "Home"}. Executing controller action with signature System.Threading.Tasks.Task`1[Microsoft.AspNetCore.Mvc.IActionResult] Index() on controller PhoneBook.Controllers.HomeController (PhoneBook).
info: System.Net.Http.HttpClient.IApiService.LogicalHandler[100]
      Start processing HTTP request GET http://10.10.3.159:8683/api/Departments
info: System.Net.Http.HttpClient.IApiService.ClientHandler[100]
      Sending HTTP request GET http://10.10.3.159:8683/api/Departments
info: System.Net.Http.HttpClient.IApiService.ClientHandler[101]
      Received HTTP response headers after 1.0639ms - 401
info: System.Net.Http.HttpClient.IApiService.LogicalHandler[101]
      End processing HTTP request after 6.2372ms - 401
info: Microsoft.AspNetCore.Mvc.RedirectToActionResult[1]
      Executing RedirectResult, redirecting to /Account/Login.
info: Microsoft.AspNetCore.Mvc.Infrastructure.ControllerActionInvoker[105]
      Executed action PhoneBook.Controllers.HomeController.Index (PhoneBook) in 39.501ms
info: Microsoft.AspNetCore.Routing.EndpointMiddleware[1]
      Executed endpoint 'PhoneBook.Controllers.HomeController.Index (PhoneBook)'
info: Microsoft.AspNetCore.Hosting.Diagnostics[2]
      Request finished HTTP/2 GET https://localhost:44364/ - 302 - - 50.0794ms
info: Microsoft.AspNetCore.Hosting.Diagnostics[1]
      Request starting HTTP/2 GET https://localhost:44364/Account/Login - - -
info: Microsoft.AspNetCore.Routing.EndpointMiddleware[0]
      Executing endpoint 'PhoneBook.Controllers.AccountController.Login (PhoneBook)'
info: Microsoft.AspNetCore.Mvc.Infrastructure.ControllerActionInvoker[102]
      Route matched with {action = "Login", controller = "Account"}. Executing controller action with signature Microsoft.AspNetCore.Mvc.IActionResult Login(System.String) on controller PhoneBook.Controllers.AccountController (PhoneBook).
info: Microsoft.AspNetCore.Mvc.RedirectToActionResult[1]
      Executing RedirectResult, redirecting to /.
info: Microsoft.AspNetCore.Mvc.Infrastructure.ControllerActionInvoker[105]
      Executed action PhoneBook.Controllers.AccountController.Login (PhoneBook) in 1.9831ms
info: Microsoft.AspNetCore.Routing.EndpointMiddleware[1]
      Executed endpoint 'PhoneBook.Controllers.AccountController.Login (PhoneBook)'
info: Microsoft.AspNetCore.Hosting.Diagnostics[2]
      Request finished HTTP/2 GET https://localhost:44364/Account/Login - 302 - - 13.3622ms
info: Microsoft.AspNetCore.Hosting.Diagnostics[1]
      Request starting HTTP/2 GET https://localhost:44364/ - - -
info: Microsoft.AspNetCore.Routing.EndpointMiddleware[0]
      Executing endpoint 'PhoneBook.Controllers.HomeController.Index (PhoneBook)'
info: Microsoft.AspNetCore.Mvc.Infrastructure.ControllerActionInvoker[102]
      Route matched with {action = "Index", controller = "Home"}. Executing controller action with signature System.Threading.Tasks.Task`1[Microsoft.AspNetCore.Mvc.IActionResult] Index() on controller PhoneBook.Controllers.HomeController (PhoneBook).
info: System.Net.Http.HttpClient.IApiService.LogicalHandler[100]
      Start processing HTTP request GET http://10.10.3.159:8683/api/Departments
info: System.Net.Http.HttpClient.IApiService.ClientHandler[100]
      Sending HTTP request GET http://10.10.3.159:8683/api/Departments
info: System.Net.Http.HttpClient.IApiService.ClientHandler[101]
      Received HTTP response headers after 0.7333ms - 401
info: System.Net.Http.HttpClient.IApiService.LogicalHandler[101]
      End processing HTTP request after 6.0543ms - 401
info: Microsoft.AspNetCore.Mvc.RedirectToActionResult[1]
      Executing RedirectResult, redirecting to /Account/Login.
info: Microsoft.AspNetCore.Mvc.Infrastructure.ControllerActionInvoker[105]
      Executed action PhoneBook.Controllers.HomeController.Index (PhoneBook) in 47.329ms
info: Microsoft.AspNetCore.Routing.EndpointMiddleware[1]
      Executed endpoint 'PhoneBook.Controllers.HomeController.Index (PhoneBook)'
info: Microsoft.AspNetCore.Hosting.Diagnostics[2]
      Request finished HTTP/2 GET https://localhost:44364/ - 302 - - 59.1765ms
info: Microsoft.AspNetCore.Hosting.Diagnostics[1]
      Request starting HTTP/2 GET https://localhost:44364/Account/Login - - -
info: Microsoft.AspNetCore.Routing.EndpointMiddleware[0]
      Executing endpoint 'PhoneBook.Controllers.AccountController.Login (PhoneBook)'
info: Microsoft.AspNetCore.Mvc.Infrastructure.ControllerActionInvoker[102]
      Route matched with {action = "Login", controller = "Account"}. Executing controller action with signature Microsoft.AspNetCore.Mvc.IActionResult Login(System.String) on controller PhoneBook.Controllers.AccountController (PhoneBook).
info: Microsoft.AspNetCore.Mvc.RedirectToActionResult[1]
      Executing RedirectResult, redirecting to /.
info: Microsoft.AspNetCore.Mvc.Infrastructure.ControllerActionInvoker[105]
      Executed action PhoneBook.Controllers.AccountController.Login (PhoneBook) in 1.7259ms
info: Microsoft.AspNetCore.Routing.EndpointMiddleware[1]
      Executed endpoint 'PhoneBook.Controllers.AccountController.Login (PhoneBook)'
info: Microsoft.AspNetCore.Hosting.Diagnostics[2]
      Request finished HTTP/2 GET https://localhost:44364/Account/Login - 302 - - 12.4724ms
info: Microsoft.AspNetCore.Hosting.Diagnostics[1]
      Request starting HTTP/2 GET https://localhost:44364/ - - -
info: Microsoft.AspNetCore.Routing.EndpointMiddleware[0]
      Executing endpoint 'PhoneBook.Controllers.HomeController.Index (PhoneBook)'
info: Microsoft.AspNetCore.Mvc.Infrastructure.ControllerActionInvoker[102]
      Route matched with {action = "Index", controller = "Home"}. Executing controller action with signature System.Threading.Tasks.Task`1[Microsoft.AspNetCore.Mvc.IActionResult] Index() on controller PhoneBook.Controllers.HomeController (PhoneBook).
info: System.Net.Http.HttpClient.IApiService.LogicalHandler[100]
      Start processing HTTP request GET http://10.10.3.159:8683/api/Departments
info: System.Net.Http.HttpClient.IApiService.ClientHandler[100]
      Sending HTTP request GET http://10.10.3.159:8683/api/Departments
info: System.Net.Http.HttpClient.IApiService.ClientHandler[101]
      Received HTTP response headers after 0.9537ms - 401
info: System.Net.Http.HttpClient.IApiService.LogicalHandler[101]
      End processing HTTP request after 5.4304ms - 401
info: Microsoft.AspNetCore.Mvc.RedirectToActionResult[1]
      Executing RedirectResult, redirecting to /Account/Login.
info: Microsoft.AspNetCore.Mvc.Infrastructure.ControllerActionInvoker[105]
      Executed action PhoneBook.Controllers.HomeController.Index (PhoneBook) in 36.2858ms
info: Microsoft.AspNetCore.Routing.EndpointMiddleware[1]
      Executed endpoint 'PhoneBook.Controllers.HomeController.Index (PhoneBook)'
info: Microsoft.AspNetCore.Hosting.Diagnostics[2]
      Request finished HTTP/2 GET https://localhost:44364/ - 302 - - 48.3066ms
info: Microsoft.AspNetCore.Hosting.Diagnostics[1]
      Request starting HTTP/2 GET https://localhost:44364/Account/Login - - -
info: Microsoft.AspNetCore.Routing.EndpointMiddleware[0]
      Executing endpoint 'PhoneBook.Controllers.AccountController.Login (PhoneBook)'
info: Microsoft.AspNetCore.Mvc.Infrastructure.ControllerActionInvoker[102]
      Route matched with {action = "Login", controller = "Account"}. Executing controller action with signature Microsoft.AspNetCore.Mvc.IActionResult Login(System.String) on controller PhoneBook.Controllers.AccountController (PhoneBook).
info: Microsoft.AspNetCore.Mvc.RedirectToActionResult[1]
      Executing RedirectResult, redirecting to /.
info: Microsoft.AspNetCore.Mvc.Infrastructure.ControllerActionInvoker[105]
      Executed action PhoneBook.Controllers.AccountController.Login (PhoneBook) in 1.9691ms
info: Microsoft.AspNetCore.Routing.EndpointMiddleware[1]
      Executed endpoint 'PhoneBook.Controllers.AccountController.Login (PhoneBook)'
info: Microsoft.AspNetCore.Hosting.Diagnostics[2]
      Request finished HTTP/2 GET https://localhost:44364/Account/Login - 302 - - 13.3006ms
info: Microsoft.AspNetCore.Hosting.Diagnostics[1]
      Request starting HTTP/2 GET https://localhost:44364/ - - -
info: Microsoft.AspNetCore.Routing.EndpointMiddleware[0]
      Executing endpoint 'PhoneBook.Controllers.HomeController.Index (PhoneBook)'
info: Microsoft.AspNetCore.Mvc.Infrastructure.ControllerActionInvoker[102]
      Route matched with {action = "Index", controller = "Home"}. Executing controller action with signature System.Threading.Tasks.Task`1[Microsoft.AspNetCore.Mvc.IActionResult] Index() on controller PhoneBook.Controllers.HomeController (PhoneBook).
info: System.Net.Http.HttpClient.IApiService.LogicalHandler[100]
      Start processing HTTP request GET http://10.10.3.159:8683/api/Departments
info: System.Net.Http.HttpClient.IApiService.ClientHandler[100]
      Sending HTTP request GET http://10.10.3.159:8683/api/Departments
info: System.Net.Http.HttpClient.IApiService.ClientHandler[101]
      Received HTTP response headers after 0.8084ms - 401
info: System.Net.Http.HttpClient.IApiService.LogicalHandler[101]
      End processing HTTP request after 5.7926ms - 401
info: Microsoft.AspNetCore.Mvc.RedirectToActionResult[1]
      Executing RedirectResult, redirecting to /Account/Login.
info: Microsoft.AspNetCore.Mvc.Infrastructure.ControllerActionInvoker[105]
      Executed action PhoneBook.Controllers.HomeController.Index (PhoneBook) in 31.4422ms
info: Microsoft.AspNetCore.Routing.EndpointMiddleware[1]
      Executed endpoint 'PhoneBook.Controllers.HomeController.Index (PhoneBook)'
info: Microsoft.AspNetCore.Hosting.Diagnostics[2]
      Request finished HTTP/2 GET https://localhost:44364/ - 302 - - 42.0309ms
info: Microsoft.AspNetCore.Hosting.Diagnostics[1]
      Request starting HTTP/2 GET https://localhost:44364/Account/Login - - -
info: Microsoft.AspNetCore.Routing.EndpointMiddleware[0]
      Executing endpoint 'PhoneBook.Controllers.AccountController.Login (PhoneBook)'
info: Microsoft.AspNetCore.Mvc.Infrastructure.ControllerActionInvoker[102]
      Route matched with {action = "Login", controller = "Account"}. Executing controller action with signature Microsoft.AspNetCore.Mvc.IActionResult Login(System.String) on controller PhoneBook.Controllers.AccountController (PhoneBook).
info: Microsoft.AspNetCore.Mvc.RedirectToActionResult[1]
      Executing RedirectResult, redirecting to /.
info: Microsoft.AspNetCore.Mvc.Infrastructure.ControllerActionInvoker[105]
      Executed action PhoneBook.Controllers.AccountController.Login (PhoneBook) in 1.7849ms
info: Microsoft.AspNetCore.Routing.EndpointMiddleware[1]
      Executed endpoint 'PhoneBook.Controllers.AccountController.Login (PhoneBook)'
info: Microsoft.AspNetCore.Hosting.Diagnostics[2]
      Request finished HTTP/2 GET https://localhost:44364/Account/Login - 302 - - 12.8759ms
info: Microsoft.AspNetCore.Hosting.Diagnostics[1]
      Request starting HTTP/2 GET https://localhost:44364/ - - -
info: Microsoft.AspNetCore.Routing.EndpointMiddleware[0]
      Executing endpoint 'PhoneBook.Controllers.HomeController.Index (PhoneBook)'
info: Microsoft.AspNetCore.Mvc.Infrastructure.ControllerActionInvoker[102]
      Route matched with {action = "Index", controller = "Home"}. Executing controller action with signature System.Threading.Tasks.Task`1[Microsoft.AspNetCore.Mvc.IActionResult] Index() on controller PhoneBook.Controllers.HomeController (PhoneBook).
info: System.Net.Http.HttpClient.IApiService.LogicalHandler[100]
      Start processing HTTP request GET http://10.10.3.159:8683/api/Departments
info: System.Net.Http.HttpClient.IApiService.ClientHandler[100]
      Sending HTTP request GET http://10.10.3.159:8683/api/Departments
info: System.Net.Http.HttpClient.IApiService.ClientHandler[101]
      Received HTTP response headers after 0.7951ms - 401
info: System.Net.Http.HttpClient.IApiService.LogicalHandler[101]
      End processing HTTP request after 5.6112ms - 401
info: Microsoft.AspNetCore.Mvc.RedirectToActionResult[1]
      Executing RedirectResult, redirecting to /Account/Login.
info: Microsoft.AspNetCore.Mvc.Infrastructure.ControllerActionInvoker[105]
      Executed action PhoneBook.Controllers.HomeController.Index (PhoneBook) in 33.9228ms
info: Microsoft.AspNetCore.Routing.EndpointMiddleware[1]
      Executed endpoint 'PhoneBook.Controllers.HomeController.Index (PhoneBook)'
info: Microsoft.AspNetCore.Hosting.Diagnostics[2]
      Request finished HTTP/2 GET https://localhost:44364/ - 302 - - 44.7416ms
info: Microsoft.AspNetCore.Hosting.Diagnostics[1]
      Request starting HTTP/2 GET https://localhost:44364/Account/Login - - -
info: Microsoft.AspNetCore.Routing.EndpointMiddleware[0]
      Executing endpoint 'PhoneBook.Controllers.AccountController.Login (PhoneBook)'
info: Microsoft.AspNetCore.Mvc.Infrastructure.ControllerActionInvoker[102]
      Route matched with {action = "Login", controller = "Account"}. Executing controller action with signature Microsoft.AspNetCore.Mvc.IActionResult Login(System.String) on controller PhoneBook.Controllers.AccountController (PhoneBook).
info: Microsoft.AspNetCore.Mvc.RedirectToActionResult[1]
      Executing RedirectResult, redirecting to /.
info: Microsoft.AspNetCore.Mvc.Infrastructure.ControllerActionInvoker[105]
      Executed action PhoneBook.Controllers.AccountController.Login (PhoneBook) in 1.7737ms
info: Microsoft.AspNetCore.Routing.EndpointMiddleware[1]
      Executed endpoint 'PhoneBook.Controllers.AccountController.Login (PhoneBook)'
info: Microsoft.AspNetCore.Hosting.Diagnostics[2]
      Request finished HTTP/2 GET https://localhost:44364/Account/Login - 302 - - 12.0020ms
info: Microsoft.AspNetCore.Hosting.Diagnostics[1]
      Request starting HTTP/2 GET https://localhost:44364/ - - -
info: Microsoft.AspNetCore.Routing.EndpointMiddleware[0]
      Executing endpoint 'PhoneBook.Controllers.HomeController.Index (PhoneBook)'
info: Microsoft.AspNetCore.Mvc.Infrastructure.ControllerActionInvoker[102]
      Route matched with {action = "Index", controller = "Home"}. Executing controller action with signature System.Threading.Tasks.Task`1[Microsoft.AspNetCore.Mvc.IActionResult] Index() on controller PhoneBook.Controllers.HomeController (PhoneBook).
info: System.Net.Http.HttpClient.IApiService.LogicalHandler[100]
      Start processing HTTP request GET http://10.10.3.159:8683/api/Departments
info: System.Net.Http.HttpClient.IApiService.ClientHandler[100]
      Sending HTTP request GET http://10.10.3.159:8683/api/Departments
info: System.Net.Http.HttpClient.IApiService.ClientHandler[101]
      Received HTTP response headers after 1.0552ms - 401
info: System.Net.Http.HttpClient.IApiService.LogicalHandler[101]
      End processing HTTP request after 6.0985ms - 401
info: Microsoft.AspNetCore.Mvc.RedirectToActionResult[1]
      Executing RedirectResult, redirecting to /Account/Login.
info: Microsoft.AspNetCore.Mvc.Infrastructure.ControllerActionInvoker[105]
      Executed action PhoneBook.Controllers.HomeController.Index (PhoneBook) in 32.3446ms
info: Microsoft.AspNetCore.Routing.EndpointMiddleware[1]
      Executed endpoint 'PhoneBook.Controllers.HomeController.Index (PhoneBook)'
info: Microsoft.AspNetCore.Hosting.Diagnostics[2]
      Request finished HTTP/2 GET https://localhost:44364/ - 302 - - 42.8318ms
info: Microsoft.AspNetCore.Hosting.Diagnostics[1]
      Request starting HTTP/2 GET https://localhost:44364/Account/Login - - -
info: Microsoft.AspNetCore.Routing.EndpointMiddleware[0]
      Executing endpoint 'PhoneBook.Controllers.AccountController.Login (PhoneBook)'
info: Microsoft.AspNetCore.Mvc.Infrastructure.ControllerActionInvoker[102]
      Route matched with {action = "Login", controller = "Account"}. Executing controller action with signature Microsoft.AspNetCore.Mvc.IActionResult Login(System.String) on controller PhoneBook.Controllers.AccountController (PhoneBook).
info: Microsoft.AspNetCore.Mvc.RedirectToActionResult[1]
      Executing RedirectResult, redirecting to /.
info: Microsoft.AspNetCore.Mvc.Infrastructure.ControllerActionInvoker[105]
      Executed action PhoneBook.Controllers.AccountController.Login (PhoneBook) in 1.7056ms
info: Microsoft.AspNetCore.Routing.EndpointMiddleware[1]
      Executed endpoint 'PhoneBook.Controllers.AccountController.Login (PhoneBook)'
info: Microsoft.AspNetCore.Hosting.Diagnostics[2]
      Request finished HTTP/2 GET https://localhost:44364/Account/Login - 302 - - 12.4049ms
info: Microsoft.AspNetCore.Hosting.Diagnostics[1]
      Request starting HTTP/2 GET https://localhost:44364/Account/Login - - -
info: Microsoft.AspNetCore.Routing.EndpointMiddleware[0]
      Executing endpoint 'PhoneBook.Controllers.AccountController.Login (PhoneBook)'
info: Microsoft.AspNetCore.Mvc.Infrastructure.ControllerActionInvoker[102]
      Route matched with {action = "Login", controller = "Account"}. Executing controller action with signature Microsoft.AspNetCore.Mvc.IActionResult Login(System.String) on controller PhoneBook.Controllers.AccountController (PhoneBook).
info: Microsoft.AspNetCore.Mvc.RedirectToActionResult[1]
      Executing RedirectResult, redirecting to /.
info: Microsoft.AspNetCore.Mvc.Infrastructure.ControllerActionInvoker[105]
      Executed action PhoneBook.Controllers.AccountController.Login (PhoneBook) in 1.7729ms
info: Microsoft.AspNetCore.Routing.EndpointMiddleware[1]
      Executed endpoint 'PhoneBook.Controllers.AccountController.Login (PhoneBook)'
info: Microsoft.AspNetCore.Hosting.Diagnostics[2]
      Request finished HTTP/2 GET https://localhost:44364/Account/Login - 302 - - 14.2279ms
info: Microsoft.AspNetCore.Hosting.Diagnostics[1]
      Request starting HTTP/2 GET https://localhost:44364/ - - -
info: Microsoft.AspNetCore.Routing.EndpointMiddleware[0]
      Executing endpoint 'PhoneBook.Controllers.HomeController.Index (PhoneBook)'
info: Microsoft.AspNetCore.Mvc.Infrastructure.ControllerActionInvoker[102]
      Route matched with {action = "Index", controller = "Home"}. Executing controller action with signature System.Threading.Tasks.Task`1[Microsoft.AspNetCore.Mvc.IActionResult] Index() on controller PhoneBook.Controllers.HomeController (PhoneBook).
info: System.Net.Http.HttpClient.IApiService.LogicalHandler[100]
      Start processing HTTP request GET http://10.10.3.159:8683/api/Departments
info: System.Net.Http.HttpClient.IApiService.ClientHandler[100]
      Sending HTTP request GET http://10.10.3.159:8683/api/Departments
info: System.Net.Http.HttpClient.IApiService.ClientHandler[101]
      Received HTTP response headers after 1.3613ms - 401
info: System.Net.Http.HttpClient.IApiService.LogicalHandler[101]
      End processing HTTP request after 7.0209ms - 401
info: Microsoft.AspNetCore.Mvc.RedirectToActionResult[1]
      Executing RedirectResult, redirecting to /Account/Login.
info: Microsoft.AspNetCore.Mvc.Infrastructure.ControllerActionInvoker[105]
      Executed action PhoneBook.Controllers.HomeController.Index (PhoneBook) in 38.6778ms
info: Microsoft.AspNetCore.Routing.EndpointMiddleware[1]
      Executed endpoint 'PhoneBook.Controllers.HomeController.Index (PhoneBook)'
info: Microsoft.AspNetCore.Hosting.Diagnostics[2]
      Request finished HTTP/2 GET https://localhost:44364/ - 302 - - 49.6547ms
info: Microsoft.AspNetCore.Hosting.Diagnostics[1]
      Request starting HTTP/2 GET https://localhost:44364/Account/Login - - -
info: Microsoft.AspNetCore.Routing.EndpointMiddleware[0]
      Executing endpoint 'PhoneBook.Controllers.AccountController.Login (PhoneBook)'
info: Microsoft.AspNetCore.Mvc.Infrastructure.ControllerActionInvoker[102]
      Route matched with {action = "Login", controller = "Account"}. Executing controller action with signature Microsoft.AspNetCore.Mvc.IActionResult Login(System.String) on controller PhoneBook.Controllers.AccountController (PhoneBook).
info: Microsoft.AspNetCore.Mvc.RedirectToActionResult[1]
      Executing RedirectResult, redirecting to /.
info: Microsoft.AspNetCore.Mvc.Infrastructure.ControllerActionInvoker[105]
      Executed action PhoneBook.Controllers.AccountController.Login (PhoneBook) in 1.7257ms
info: Microsoft.AspNetCore.Routing.EndpointMiddleware[1]
      Executed endpoint 'PhoneBook.Controllers.AccountController.Login (PhoneBook)'
info: Microsoft.AspNetCore.Hosting.Diagnostics[2]
      Request finished HTTP/2 GET https://localhost:44364/Account/Login - 302 - - 12.9650ms
info: Microsoft.AspNetCore.Hosting.Diagnostics[1]
      Request starting HTTP/2 GET https://localhost:44364/ - - -
info: Microsoft.AspNetCore.Routing.EndpointMiddleware[0]
      Executing endpoint 'PhoneBook.Controllers.HomeController.Index (PhoneBook)'
info: Microsoft.AspNetCore.Mvc.Infrastructure.ControllerActionInvoker[102]
      Route matched with {action = "Index", controller = "Home"}. Executing controller action with signature System.Threading.Tasks.Task`1[Microsoft.AspNetCore.Mvc.IActionResult] Index() on controller PhoneBook.Controllers.HomeController (PhoneBook).
info: System.Net.Http.HttpClient.IApiService.LogicalHandler[100]
      Start processing HTTP request GET http://10.10.3.159:8683/api/Departments
info: System.Net.Http.HttpClient.IApiService.ClientHandler[100]
      Sending HTTP request GET http://10.10.3.159:8683/api/Departments
info: System.Net.Http.HttpClient.IApiService.ClientHandler[101]
      Received HTTP response headers after 0.7879ms - 401
info: System.Net.Http.HttpClient.IApiService.LogicalHandler[101]
      End processing HTTP request after 5.9117ms - 401
info: Microsoft.AspNetCore.Mvc.RedirectToActionResult[1]
      Executing RedirectResult, redirecting to /Account/Login.
info: Microsoft.AspNetCore.Mvc.Infrastructure.ControllerActionInvoker[105]
      Executed action PhoneBook.Controllers.HomeController.Index (PhoneBook) in 29.7989ms
info: Microsoft.AspNetCore.Routing.EndpointMiddleware[1]
      Executed endpoint 'PhoneBook.Controllers.HomeController.Index (PhoneBook)'
info: Microsoft.AspNetCore.Hosting.Diagnostics[2]
      Request finished HTTP/2 GET https://localhost:44364/ - 302 - - 39.9568ms
info: Microsoft.AspNetCore.Hosting.Diagnostics[1]
      Request starting HTTP/2 GET https://localhost:44364/Account/Login - - -
info: Microsoft.AspNetCore.Routing.EndpointMiddleware[0]
      Executing endpoint 'PhoneBook.Controllers.AccountController.Login (PhoneBook)'
info: Microsoft.AspNetCore.Mvc.Infrastructure.ControllerActionInvoker[102]
      Route matched with {action = "Login", controller = "Account"}. Executing controller action with signature Microsoft.AspNetCore.Mvc.IActionResult Login(System.String) on controller PhoneBook.Controllers.AccountController (PhoneBook).
info: Microsoft.AspNetCore.Mvc.RedirectToActionResult[1]
      Executing RedirectResult, redirecting to /.
info: Microsoft.AspNetCore.Mvc.Infrastructure.ControllerActionInvoker[105]
      Executed action PhoneBook.Controllers.AccountController.Login (PhoneBook) in 1.6246ms
info: Microsoft.AspNetCore.Routing.EndpointMiddleware[1]
      Executed endpoint 'PhoneBook.Controllers.AccountController.Login (PhoneBook)'
info: Microsoft.AspNetCore.Hosting.Diagnostics[2]
      Request finished HTTP/2 GET https://localhost:44364/Account/Login - 302 - - 11.7871ms
info: Microsoft.AspNetCore.Hosting.Diagnostics[1]
      Request starting HTTP/2 GET https://localhost:44364/ - - -
info: Microsoft.AspNetCore.Routing.EndpointMiddleware[0]
      Executing endpoint 'PhoneBook.Controllers.HomeController.Index (PhoneBook)'
info: Microsoft.AspNetCore.Mvc.Infrastructure.ControllerActionInvoker[102]
      Route matched with {action = "Index", controller = "Home"}. Executing controller action with signature System.Threading.Tasks.Task`1[Microsoft.AspNetCore.Mvc.IActionResult] Index() on controller PhoneBook.Controllers.HomeController (PhoneBook).
info: System.Net.Http.HttpClient.IApiService.LogicalHandler[100]
      Start processing HTTP request GET http://10.10.3.159:8683/api/Departments
info: System.Net.Http.HttpClient.IApiService.ClientHandler[100]
      Sending HTTP request GET http://10.10.3.159:8683/api/Departments
info: System.Net.Http.HttpClient.IApiService.ClientHandler[101]
      Received HTTP response headers after 0.7869ms - 401
info: System.Net.Http.HttpClient.IApiService.LogicalHandler[101]
      End processing HTTP request after 5.5318ms - 401
info: Microsoft.AspNetCore.Mvc.RedirectToActionResult[1]
      Executing RedirectResult, redirecting to /Account/Login.
info: Microsoft.AspNetCore.Mvc.Infrastructure.ControllerActionInvoker[105]
      Executed action PhoneBook.Controllers.HomeController.Index (PhoneBook) in 30.1761ms
info: Microsoft.AspNetCore.Routing.EndpointMiddleware[1]
      Executed endpoint 'PhoneBook.Controllers.HomeController.Index (PhoneBook)'
info: Microsoft.AspNetCore.Hosting.Diagnostics[2]
      Request finished HTTP/2 GET https://localhost:44364/ - 302 - - 39.8838ms
info: Microsoft.AspNetCore.Hosting.Diagnostics[1]
      Request starting HTTP/2 GET https://localhost:44364/Account/Login - - -
info: Microsoft.AspNetCore.Routing.EndpointMiddleware[0]
      Executing endpoint 'PhoneBook.Controllers.AccountController.Login (PhoneBook)'
info: Microsoft.AspNetCore.Mvc.Infrastructure.ControllerActionInvoker[102]
      Route matched with {action = "Login", controller = "Account"}. Executing controller action with signature Microsoft.AspNetCore.Mvc.IActionResult Login(System.String) on controller PhoneBook.Controllers.AccountController (PhoneBook).
info: Microsoft.AspNetCore.Mvc.RedirectToActionResult[1]
      Executing RedirectResult, redirecting to /.
info: Microsoft.AspNetCore.Mvc.Infrastructure.ControllerActionInvoker[105]
      Executed action PhoneBook.Controllers.AccountController.Login (PhoneBook) in 1.6834ms
info: Microsoft.AspNetCore.Routing.EndpointMiddleware[1]
      Executed endpoint 'PhoneBook.Controllers.AccountController.Login (PhoneBook)'
info: Microsoft.AspNetCore.Hosting.Diagnostics[2]
      Request finished HTTP/2 GET https://localhost:44364/Account/Login - 302 - - 11.8278ms
info: Microsoft.AspNetCore.Hosting.Diagnostics[1]
      Request starting HTTP/2 GET https://localhost:44364/ - - -
info: Microsoft.AspNetCore.Routing.EndpointMiddleware[0]
      Executing endpoint 'PhoneBook.Controllers.HomeController.Index (PhoneBook)'
info: Microsoft.AspNetCore.Mvc.Infrastructure.ControllerActionInvoker[102]
      Route matched with {action = "Index", controller = "Home"}. Executing controller action with signature System.Threading.Tasks.Task`1[Microsoft.AspNetCore.Mvc.IActionResult] Index() on controller PhoneBook.Controllers.HomeController (PhoneBook).
info: System.Net.Http.HttpClient.IApiService.LogicalHandler[100]
      Start processing HTTP request GET http://10.10.3.159:8683/api/Departments
info: System.Net.Http.HttpClient.IApiService.ClientHandler[100]
      Sending HTTP request GET http://10.10.3.159:8683/api/Departments
info: System.Net.Http.HttpClient.IApiService.ClientHandler[101]
      Received HTTP response headers after 0.7643ms - 401
info: System.Net.Http.HttpClient.IApiService.LogicalHandler[101]
      End processing HTTP request after 5.5817ms - 401
info: Microsoft.AspNetCore.Mvc.RedirectToActionResult[1]
      Executing RedirectResult, redirecting to /Account/Login.
info: Microsoft.AspNetCore.Mvc.Infrastructure.ControllerActionInvoker[105]
      Executed action PhoneBook.Controllers.HomeController.Index (PhoneBook) in 35.4452ms
info: Microsoft.AspNetCore.Routing.EndpointMiddleware[1]
      Executed endpoint 'PhoneBook.Controllers.HomeController.Index (PhoneBook)'
info: Microsoft.AspNetCore.Hosting.Diagnostics[2]
      Request finished HTTP/2 GET https://localhost:44364/ - 302 - - 45.9510ms
info: Microsoft.AspNetCore.Hosting.Diagnostics[1]
      Request starting HTTP/2 GET https://localhost:44364/Account/Login - - -
info: Microsoft.AspNetCore.Routing.EndpointMiddleware[0]
      Executing endpoint 'PhoneBook.Controllers.AccountController.Login (PhoneBook)'
info: Microsoft.AspNetCore.Mvc.Infrastructure.ControllerActionInvoker[102]
      Route matched with {action = "Login", controller = "Account"}. Executing controller action with signature Microsoft.AspNetCore.Mvc.IActionResult Login(System.String) on controller PhoneBook.Controllers.AccountController (PhoneBook).
info: Microsoft.AspNetCore.Mvc.RedirectToActionResult[1]
      Executing RedirectResult, redirecting to /.
info: Microsoft.AspNetCore.Mvc.Infrastructure.ControllerActionInvoker[105]
      Executed action PhoneBook.Controllers.AccountController.Login (PhoneBook) in 1.5889ms
info: Microsoft.AspNetCore.Routing.EndpointMiddleware[1]
      Executed endpoint 'PhoneBook.Controllers.AccountController.Login (PhoneBook)'
info: Microsoft.AspNetCore.Hosting.Diagnostics[2]
      Request finished HTTP/2 GET https://localhost:44364/Account/Login - 302 - - 12.2922ms
info: Microsoft.AspNetCore.Hosting.Diagnostics[1]
      Request starting HTTP/2 GET https://localhost:44364/ - - -
info: Microsoft.AspNetCore.Routing.EndpointMiddleware[0]
      Executing endpoint 'PhoneBook.Controllers.HomeController.Index (PhoneBook)'
info: Microsoft.AspNetCore.Mvc.Infrastructure.ControllerActionInvoker[102]
      Route matched with {action = "Index", controller = "Home"}. Executing controller action with signature System.Threading.Tasks.Task`1[Microsoft.AspNetCore.Mvc.IActionResult] Index() on controller PhoneBook.Controllers.HomeController (PhoneBook).
info: System.Net.Http.HttpClient.IApiService.LogicalHandler[100]
      Start processing HTTP request GET http://10.10.3.159:8683/api/Departments
info: System.Net.Http.HttpClient.IApiService.ClientHandler[100]
      Sending HTTP request GET http://10.10.3.159:8683/api/Departments
info: System.Net.Http.HttpClient.IApiService.ClientHandler[101]
      Received HTTP response headers after 0.821ms - 401
info: System.Net.Http.HttpClient.IApiService.LogicalHandler[101]
      End processing HTTP request after 5.9462ms - 401
info: Microsoft.AspNetCore.Mvc.RedirectToActionResult[1]
      Executing RedirectResult, redirecting to /Account/Login.
info: Microsoft.AspNetCore.Mvc.Infrastructure.ControllerActionInvoker[105]
      Executed action PhoneBook.Controllers.HomeController.Index (PhoneBook) in 30.1758ms
info: Microsoft.AspNetCore.Routing.EndpointMiddleware[1]
      Executed endpoint 'PhoneBook.Controllers.HomeController.Index (PhoneBook)'
info: Microsoft.AspNetCore.Hosting.Diagnostics[2]
      Request finished HTTP/2 GET https://localhost:44364/ - 302 - - 41.9095ms
info: Microsoft.AspNetCore.Hosting.Diagnostics[1]
      Request starting HTTP/2 GET https://localhost:44364/Account/Login - - -
info: Microsoft.AspNetCore.Routing.EndpointMiddleware[0]
      Executing endpoint 'PhoneBook.Controllers.AccountController.Login (PhoneBook)'
info: Microsoft.AspNetCore.Mvc.Infrastructure.ControllerActionInvoker[102]
      Route matched with {action = "Login", controller = "Account"}. Executing controller action with signature Microsoft.AspNetCore.Mvc.IActionResult Login(System.String) on controller PhoneBook.Controllers.AccountController (PhoneBook).
info: Microsoft.AspNetCore.Mvc.RedirectToActionResult[1]
      Executing RedirectResult, redirecting to /.
info: Microsoft.AspNetCore.Mvc.Infrastructure.ControllerActionInvoker[105]
      Executed action PhoneBook.Controllers.AccountController.Login (PhoneBook) in 1.792ms
info: Microsoft.AspNetCore.Routing.EndpointMiddleware[1]
      Executed endpoint 'PhoneBook.Controllers.AccountController.Login (PhoneBook)'
info: Microsoft.AspNetCore.Hosting.Diagnostics[2]
      Request finished HTTP/2 GET https://localhost:44364/Account/Login - 302 - - 12.6906ms
info: Microsoft.AspNetCore.Hosting.Diagnostics[1]
      Request starting HTTP/2 GET https://localhost:44364/ - - -
info: Microsoft.AspNetCore.Routing.EndpointMiddleware[0]
      Executing endpoint 'PhoneBook.Controllers.HomeController.Index (PhoneBook)'
info: Microsoft.AspNetCore.Mvc.Infrastructure.ControllerActionInvoker[102]
      Route matched with {action = "Index", controller = "Home"}. Executing controller action with signature System.Threading.Tasks.Task`1[Microsoft.AspNetCore.Mvc.IActionResult] Index() on controller PhoneBook.Controllers.HomeController (PhoneBook).
info: System.Net.Http.HttpClient.IApiService.LogicalHandler[100]
      Start processing HTTP request GET http://10.10.3.159:8683/api/Departments
info: System.Net.Http.HttpClient.IApiService.ClientHandler[100]
      Sending HTTP request GET http://10.10.3.159:8683/api/Departments
info: System.Net.Http.HttpClient.IApiService.ClientHandler[101]
      Received HTTP response headers after 0.7899ms - 401
info: System.Net.Http.HttpClient.IApiService.LogicalHandler[101]
      End processing HTTP request after 6.0365ms - 401
info: Microsoft.AspNetCore.Mvc.RedirectToActionResult[1]
      Executing RedirectResult, redirecting to /Account/Login.
info: Microsoft.AspNetCore.Mvc.Infrastructure.ControllerActionInvoker[105]
      Executed action PhoneBook.Controllers.HomeController.Index (PhoneBook) in 34.6651ms
info: Microsoft.AspNetCore.Routing.EndpointMiddleware[1]
      Executed endpoint 'PhoneBook.Controllers.HomeController.Index (PhoneBook)'
info: Microsoft.AspNetCore.Hosting.Diagnostics[2]
      Request finished HTTP/2 GET https://localhost:44364/ - 302 - - 45.9208ms
info: Microsoft.AspNetCore.Hosting.Diagnostics[1]
      Request starting HTTP/2 GET https://localhost:44364/Account/Login - - -
info: Microsoft.AspNetCore.Routing.EndpointMiddleware[0]
      Executing endpoint 'PhoneBook.Controllers.AccountController.Login (PhoneBook)'
info: Microsoft.AspNetCore.Mvc.Infrastructure.ControllerActionInvoker[102]
      Route matched with {action = "Login", controller = "Account"}. Executing controller action with signature Microsoft.AspNetCore.Mvc.IActionResult Login(System.String) on controller PhoneBook.Controllers.AccountController (PhoneBook).
info: Microsoft.AspNetCore.Mvc.RedirectToActionResult[1]
      Executing RedirectResult, redirecting to /.
info: Microsoft.AspNetCore.Mvc.Infrastructure.ControllerActionInvoker[105]
      Executed action PhoneBook.Controllers.AccountController.Login (PhoneBook) in 1.76ms
info: Microsoft.AspNetCore.Routing.EndpointMiddleware[1]
      Executed endpoint 'PhoneBook.Controllers.AccountController.Login (PhoneBook)'
info: Microsoft.AspNetCore.Hosting.Diagnostics[2]
      Request finished HTTP/2 GET https://localhost:44364/Account/Login - 302 - - 12.6651ms
info: Microsoft.AspNetCore.Hosting.Diagnostics[1]
      Request starting HTTP/2 GET https://localhost:44364/ - - -
info: Microsoft.AspNetCore.Routing.EndpointMiddleware[0]
      Executing endpoint 'PhoneBook.Controllers.HomeController.Index (PhoneBook)'
info: Microsoft.AspNetCore.Mvc.Infrastructure.ControllerActionInvoker[102]
      Route matched with {action = "Index", controller = "Home"}. Executing controller action with signature System.Threading.Tasks.Task`1[Microsoft.AspNetCore.Mvc.IActionResult] Index() on controller PhoneBook.Controllers.HomeController (PhoneBook).
info: System.Net.Http.HttpClient.IApiService.LogicalHandler[100]
      Start processing HTTP request GET http://10.10.3.159:8683/api/Departments
info: System.Net.Http.HttpClient.IApiService.ClientHandler[100]
      Sending HTTP request GET http://10.10.3.159:8683/api/Departments
info: System.Net.Http.HttpClient.IApiService.ClientHandler[101]
      Received HTTP response headers after 0.7902ms - 401
info: System.Net.Http.HttpClient.IApiService.LogicalHandler[101]
      End processing HTTP request after 6.4025ms - 401
info: Microsoft.AspNetCore.Mvc.RedirectToActionResult[1]
      Executing RedirectResult, redirecting to /Account/Login.
info: Microsoft.AspNetCore.Mvc.Infrastructure.ControllerActionInvoker[105]
      Executed action PhoneBook.Controllers.HomeController.Index (PhoneBook) in 32.2858ms
info: Microsoft.AspNetCore.Routing.EndpointMiddleware[1]
      Executed endpoint 'PhoneBook.Controllers.HomeController.Index (PhoneBook)'
info: Microsoft.AspNetCore.Hosting.Diagnostics[2]
      Request finished HTTP/2 GET https://localhost:44364/ - 302 - - 43.4493ms
info: Microsoft.AspNetCore.Hosting.Diagnostics[1]
      Request starting HTTP/2 GET https://localhost:44364/Account/Login - - -
info: Microsoft.AspNetCore.Routing.EndpointMiddleware[0]
      Executing endpoint 'PhoneBook.Controllers.AccountController.Login (PhoneBook)'
info: Microsoft.AspNetCore.Mvc.Infrastructure.ControllerActionInvoker[102]
      Route matched with {action = "Login", controller = "Account"}. Executing controller action with signature Microsoft.AspNetCore.Mvc.IActionResult Login(System.String) on controller PhoneBook.Controllers.AccountController (PhoneBook).
info: Microsoft.AspNetCore.Mvc.RedirectToActionResult[1]
      Executing RedirectResult, redirecting to /.
info: Microsoft.AspNetCore.Mvc.Infrastructure.ControllerActionInvoker[105]
      Executed action PhoneBook.Controllers.AccountController.Login (PhoneBook) in 1.7293ms
info: Microsoft.AspNetCore.Routing.EndpointMiddleware[1]
      Executed endpoint 'PhoneBook.Controllers.AccountController.Login (PhoneBook)'
info: Microsoft.AspNetCore.Hosting.Diagnostics[2]
      Request finished HTTP/2 GET https://localhost:44364/Account/Login - 302 - - 12.8137ms
info: Microsoft.AspNetCore.Hosting.Diagnostics[1]
      Request starting HTTP/2 GET https://localhost:44364/ - - -
info: Microsoft.AspNetCore.Routing.EndpointMiddleware[0]
      Executing endpoint 'PhoneBook.Controllers.HomeController.Index (PhoneBook)'
info: Microsoft.AspNetCore.Mvc.Infrastructure.ControllerActionInvoker[102]
      Route matched with {action = "Index", controller = "Home"}. Executing controller action with signature System.Threading.Tasks.Task`1[Microsoft.AspNetCore.Mvc.IActionResult] Index() on controller PhoneBook.Controllers.HomeController (PhoneBook).
info: System.Net.Http.HttpClient.IApiService.LogicalHandler[100]
      Start processing HTTP request GET http://10.10.3.159:8683/api/Departments
info: System.Net.Http.HttpClient.IApiService.ClientHandler[100]
      Sending HTTP request GET http://10.10.3.159:8683/api/Departments
info: System.Net.Http.HttpClient.IApiService.ClientHandler[101]
      Received HTTP response headers after 0.8211ms - 401
info: System.Net.Http.HttpClient.IApiService.LogicalHandler[101]
      End processing HTTP request after 6.2348ms - 401
info: Microsoft.AspNetCore.Mvc.RedirectToActionResult[1]
      Executing RedirectResult, redirecting to /Account/Login.
info: Microsoft.AspNetCore.Mvc.Infrastructure.ControllerActionInvoker[105]
      Executed action PhoneBook.Controllers.HomeController.Index (PhoneBook) in 39.8985ms
info: Microsoft.AspNetCore.Routing.EndpointMiddleware[1]
      Executed endpoint 'PhoneBook.Controllers.HomeController.Index (PhoneBook)'
info: Microsoft.AspNetCore.Hosting.Diagnostics[2]
      Request finished HTTP/2 GET https://localhost:44364/ - 302 - - 51.1898ms
info: Microsoft.AspNetCore.Hosting.Diagnostics[1]
      Request starting HTTP/2 GET https://localhost:44364/Account/Login - - -
info: Microsoft.AspNetCore.Routing.EndpointMiddleware[0]
      Executing endpoint 'PhoneBook.Controllers.AccountController.Login (PhoneBook)'
info: Microsoft.AspNetCore.Mvc.Infrastructure.ControllerActionInvoker[102]
      Route matched with {action = "Login", controller = "Account"}. Executing controller action with signature Microsoft.AspNetCore.Mvc.IActionResult Login(System.String) on controller PhoneBook.Controllers.AccountController (PhoneBook).
info: Microsoft.AspNetCore.Mvc.RedirectToActionResult[1]
      Executing RedirectResult, redirecting to /.
info: Microsoft.AspNetCore.Mvc.Infrastructure.ControllerActionInvoker[105]
      Executed action PhoneBook.Controllers.AccountController.Login (PhoneBook) in 1.556ms
info: Microsoft.AspNetCore.Routing.EndpointMiddleware[1]
      Executed endpoint 'PhoneBook.Controllers.AccountController.Login (PhoneBook)'
info: Microsoft.AspNetCore.Hosting.Diagnostics[2]
      Request finished HTTP/2 GET https://localhost:44364/Account/Login - 302 - - 12.6391ms
info: Microsoft.AspNetCore.Hosting.Diagnostics[1]
      Request starting HTTP/2 GET https://localhost:44364/ - - -
info: Microsoft.AspNetCore.Routing.EndpointMiddleware[0]
      Executing endpoint 'PhoneBook.Controllers.HomeController.Index (PhoneBook)'
info: Microsoft.AspNetCore.Mvc.Infrastructure.ControllerActionInvoker[102]
      Route matched with {action = "Index", controller = "Home"}. Executing controller action with signature System.Threading.Tasks.Task`1[Microsoft.AspNetCore.Mvc.IActionResult] Index() on controller PhoneBook.Controllers.HomeController (PhoneBook).
info: System.Net.Http.HttpClient.IApiService.LogicalHandler[100]
      Start processing HTTP request GET http://10.10.3.159:8683/api/Departments
info: System.Net.Http.HttpClient.IApiService.ClientHandler[100]
      Sending HTTP request GET http://10.10.3.159:8683/api/Departments
info: System.Net.Http.HttpClient.IApiService.ClientHandler[101]
      Received HTTP response headers after 0.887ms - 401
info: System.Net.Http.HttpClient.IApiService.LogicalHandler[101]
      End processing HTTP request after 5.7229ms - 401
info: Microsoft.AspNetCore.Mvc.RedirectToActionResult[1]
      Executing RedirectResult, redirecting to /Account/Login.
info: Microsoft.AspNetCore.Mvc.Infrastructure.ControllerActionInvoker[105]
      Executed action PhoneBook.Controllers.HomeController.Index (PhoneBook) in 33.1389ms
info: Microsoft.AspNetCore.Routing.EndpointMiddleware[1]
      Executed endpoint 'PhoneBook.Controllers.HomeController.Index (PhoneBook)'
info: Microsoft.AspNetCore.Hosting.Diagnostics[2]
      Request finished HTTP/2 GET https://localhost:44364/ - 302 - - 43.6325ms
info: Microsoft.AspNetCore.Hosting.Diagnostics[1]
      Request starting HTTP/2 GET https://localhost:44364/Account/Login - - -
info: Microsoft.AspNetCore.Routing.EndpointMiddleware[0]
      Executing endpoint 'PhoneBook.Controllers.AccountController.Login (PhoneBook)'
info: Microsoft.AspNetCore.Mvc.Infrastructure.ControllerActionInvoker[102]
      Route matched with {action = "Login", controller = "Account"}. Executing controller action with signature Microsoft.AspNetCore.Mvc.IActionResult Login(System.String) on controller PhoneBook.Controllers.AccountController (PhoneBook).
info: Microsoft.AspNetCore.Mvc.RedirectToActionResult[1]
      Executing RedirectResult, redirecting to /.
info: Microsoft.AspNetCore.Mvc.Infrastructure.ControllerActionInvoker[105]
      Executed action PhoneBook.Controllers.AccountController.Login (PhoneBook) in 1.6551ms
info: Microsoft.AspNetCore.Routing.EndpointMiddleware[1]
      Executed endpoint 'PhoneBook.Controllers.AccountController.Login (PhoneBook)'
info: Microsoft.AspNetCore.Hosting.Diagnostics[2]
      Request finished HTTP/2 GET https://localhost:44364/Account/Login - 302 - - 11.7238ms
info: Microsoft.AspNetCore.Hosting.Diagnostics[1]
      Request starting HTTP/2 GET https://localhost:44364/ - - -
info: Microsoft.AspNetCore.Routing.EndpointMiddleware[0]
      Executing endpoint 'PhoneBook.Controllers.HomeController.Index (PhoneBook)'
info: Microsoft.AspNetCore.Mvc.Infrastructure.ControllerActionInvoker[102]
      Route matched with {action = "Index", controller = "Home"}. Executing controller action with signature System.Threading.Tasks.Task`1[Microsoft.AspNetCore.Mvc.IActionResult] Index() on controller PhoneBook.Controllers.HomeController (PhoneBook).
info: System.Net.Http.HttpClient.IApiService.LogicalHandler[100]
      Start processing HTTP request GET http://10.10.3.159:8683/api/Departments
info: System.Net.Http.HttpClient.IApiService.ClientHandler[100]
      Sending HTTP request GET http://10.10.3.159:8683/api/Departments
info: System.Net.Http.HttpClient.IApiService.ClientHandler[101]
      Received HTTP response headers after 0.8116ms - 401
info: System.Net.Http.HttpClient.IApiService.LogicalHandler[101]
      End processing HTTP request after 5.8102ms - 401
info: Microsoft.AspNetCore.Mvc.RedirectToActionResult[1]
      Executing RedirectResult, redirecting to /Account/Login.
info: Microsoft.AspNetCore.Mvc.Infrastructure.ControllerActionInvoker[105]
      Executed action PhoneBook.Controllers.HomeController.Index (PhoneBook) in 34.3317ms
info: Microsoft.AspNetCore.Routing.EndpointMiddleware[1]
      Executed endpoint 'PhoneBook.Controllers.HomeController.Index (PhoneBook)'
info: Microsoft.AspNetCore.Hosting.Diagnostics[2]
      Request finished HTTP/2 GET https://localhost:44364/ - 302 - - 47.4072ms
info: Microsoft.AspNetCore.Hosting.Diagnostics[1]
      Request starting HTTP/2 GET https://localhost:44364/ - - -
info: Microsoft.AspNetCore.Routing.EndpointMiddleware[0]
      Executing endpoint 'PhoneBook.Controllers.HomeController.Index (PhoneBook)'
info: Microsoft.AspNetCore.Mvc.Infrastructure.ControllerActionInvoker[102]
      Route matched with {action = "Index", controller = "Home"}. Executing controller action with signature System.Threading.Tasks.Task`1[Microsoft.AspNetCore.Mvc.IActionResult] Index() on controller PhoneBook.Controllers.HomeController (PhoneBook).
info: System.Net.Http.HttpClient.IApiService.LogicalHandler[100]
      Start processing HTTP request GET http://10.10.3.159:8683/api/Departments
info: System.Net.Http.HttpClient.IApiService.ClientHandler[100]
      Sending HTTP request GET http://10.10.3.159:8683/api/Departments
info: System.Net.Http.HttpClient.IApiService.ClientHandler[101]
      Received HTTP response headers after 1.8071ms - 401
info: System.Net.Http.HttpClient.IApiService.LogicalHandler[101]
      End processing HTTP request after 7.0845ms - 401
info: Microsoft.AspNetCore.Mvc.RedirectToActionResult[1]
      Executing RedirectResult, redirecting to /Account/Login.
info: Microsoft.AspNetCore.Mvc.Infrastructure.ControllerActionInvoker[105]
      Executed action PhoneBook.Controllers.HomeController.Index (PhoneBook) in 37.13ms
info: Microsoft.AspNetCore.Routing.EndpointMiddleware[1]
      Executed endpoint 'PhoneBook.Controllers.HomeController.Index (PhoneBook)'
info: Microsoft.AspNetCore.Hosting.Diagnostics[2]
      Request finished HTTP/2 GET https://localhost:44364/ - 302 - - 53.6077ms
info: Microsoft.AspNetCore.Hosting.Diagnostics[1]
      Request starting HTTP/2 GET https://localhost:44364/Account/Login - - -
info: Microsoft.AspNetCore.Routing.EndpointMiddleware[0]
      Executing endpoint 'PhoneBook.Controllers.AccountController.Login (PhoneBook)'
info: Microsoft.AspNetCore.Mvc.Infrastructure.ControllerActionInvoker[102]
      Route matched with {action = "Login", controller = "Account"}. Executing controller action with signature Microsoft.AspNetCore.Mvc.IActionResult Login(System.String) on controller PhoneBook.Controllers.AccountController (PhoneBook).
info: Microsoft.AspNetCore.Mvc.RedirectToActionResult[1]
      Executing RedirectResult, redirecting to /.
info: Microsoft.AspNetCore.Mvc.Infrastructure.ControllerActionInvoker[105]
      Executed action PhoneBook.Controllers.AccountController.Login (PhoneBook) in 2.1065ms
info: Microsoft.AspNetCore.Routing.EndpointMiddleware[1]
      Executed endpoint 'PhoneBook.Controllers.AccountController.Login (PhoneBook)'
info: Microsoft.AspNetCore.Hosting.Diagnostics[2]
      Request finished HTTP/2 GET https://localhost:44364/Account/Login - 302 - - 12.1813ms
info: Microsoft.AspNetCore.Hosting.Diagnostics[1]
      Request starting HTTP/2 GET https://localhost:44364/ - - -
info: Microsoft.AspNetCore.Routing.EndpointMiddleware[0]
      Executing endpoint 'PhoneBook.Controllers.HomeController.Index (PhoneBook)'
info: Microsoft.AspNetCore.Mvc.Infrastructure.ControllerActionInvoker[102]
      Route matched with {action = "Index", controller = "Home"}. Executing controller action with signature System.Threading.Tasks.Task`1[Microsoft.AspNetCore.Mvc.IActionResult] Index() on controller PhoneBook.Controllers.HomeController (PhoneBook).
info: System.Net.Http.HttpClient.IApiService.LogicalHandler[100]
      Start processing HTTP request GET http://10.10.3.159:8683/api/Departments
info: System.Net.Http.HttpClient.IApiService.ClientHandler[100]
      Sending HTTP request GET http://10.10.3.159:8683/api/Departments
info: System.Net.Http.HttpClient.IApiService.ClientHandler[101]
      Received HTTP response headers after 0.8182ms - 401
info: System.Net.Http.HttpClient.IApiService.LogicalHandler[101]
      End processing HTTP request after 5.7449ms - 401
info: Microsoft.AspNetCore.Mvc.RedirectToActionResult[1]
      Executing RedirectResult, redirecting to /Account/Login.
info: Microsoft.AspNetCore.Mvc.Infrastructure.ControllerActionInvoker[105]
      Executed action PhoneBook.Controllers.HomeController.Index (PhoneBook) in 32.1078ms
info: Microsoft.AspNetCore.Routing.EndpointMiddleware[1]
      Executed endpoint 'PhoneBook.Controllers.HomeController.Index (PhoneBook)'
info: Microsoft.AspNetCore.Hosting.Diagnostics[2]
      Request finished HTTP/2 GET https://localhost:44364/ - 302 - - 42.1723ms
info: Microsoft.AspNetCore.Hosting.Diagnostics[1]
      Request starting HTTP/2 GET https://localhost:44364/Account/Login - - -
info: Microsoft.AspNetCore.Routing.EndpointMiddleware[0]
      Executing endpoint 'PhoneBook.Controllers.AccountController.Login (PhoneBook)'
info: Microsoft.AspNetCore.Mvc.Infrastructure.ControllerActionInvoker[102]
      Route matched with {action = "Login", controller = "Account"}. Executing controller action with signature Microsoft.AspNetCore.Mvc.IActionResult Login(System.String) on controller PhoneBook.Controllers.AccountController (PhoneBook).
info: Microsoft.AspNetCore.Mvc.RedirectToActionResult[1]
      Executing RedirectResult, redirecting to /.
info: Microsoft.AspNetCore.Mvc.Infrastructure.ControllerActionInvoker[105]
      Executed action PhoneBook.Controllers.AccountController.Login (PhoneBook) in 1.6193ms
info: Microsoft.AspNetCore.Routing.EndpointMiddleware[1]
      Executed endpoint 'PhoneBook.Controllers.AccountController.Login (PhoneBook)'
info: Microsoft.AspNetCore.Hosting.Diagnostics[2]
      Request finished HTTP/2 GET https://localhost:44364/Account/Login - 302 - - 11.4724ms
info: Microsoft.AspNetCore.Hosting.Diagnostics[1]
      Request starting HTTP/2 GET https://localhost:44364/ - - -
info: Microsoft.AspNetCore.Routing.EndpointMiddleware[0]
      Executing endpoint 'PhoneBook.Controllers.HomeController.Index (PhoneBook)'
info: Microsoft.AspNetCore.Mvc.Infrastructure.ControllerActionInvoker[102]
      Route matched with {action = "Index", controller = "Home"}. Executing controller action with signature System.Threading.Tasks.Task`1[Microsoft.AspNetCore.Mvc.IActionResult] Index() on controller PhoneBook.Controllers.HomeController (PhoneBook).
info: System.Net.Http.HttpClient.IApiService.LogicalHandler[100]
      Start processing HTTP request GET http://10.10.3.159:8683/api/Departments
info: System.Net.Http.HttpClient.IApiService.ClientHandler[100]
      Sending HTTP request GET http://10.10.3.159:8683/api/Departments
info: System.Net.Http.HttpClient.IApiService.ClientHandler[101]
      Received HTTP response headers after 1.0201ms - 401
info: System.Net.Http.HttpClient.IApiService.LogicalHandler[101]
      End processing HTTP request after 5.6296ms - 401
info: Microsoft.AspNetCore.Mvc.RedirectToActionResult[1]
      Executing RedirectResult, redirecting to /Account/Login.
info: Microsoft.AspNetCore.Mvc.Infrastructure.ControllerActionInvoker[105]
      Executed action PhoneBook.Controllers.HomeController.Index (PhoneBook) in 33.3648ms
info: Microsoft.AspNetCore.Routing.EndpointMiddleware[1]
      Executed endpoint 'PhoneBook.Controllers.HomeController.Index (PhoneBook)'
info: Microsoft.AspNetCore.Hosting.Diagnostics[2]
      Request finished HTTP/2 GET https://localhost:44364/ - 302 - - 43.2242ms
info: Microsoft.AspNetCore.Hosting.Diagnostics[1]
      Request starting HTTP/2 GET https://localhost:44364/Account/Login - - -
info: Microsoft.AspNetCore.Routing.EndpointMiddleware[0]
      Executing endpoint 'PhoneBook.Controllers.AccountController.Login (PhoneBook)'
info: Microsoft.AspNetCore.Mvc.Infrastructure.ControllerActionInvoker[102]
      Route matched with {action = "Login", controller = "Account"}. Executing controller action with signature Microsoft.AspNetCore.Mvc.IActionResult Login(System.String) on controller PhoneBook.Controllers.AccountController (PhoneBook).
info: Microsoft.AspNetCore.Mvc.RedirectToActionResult[1]
      Executing RedirectResult, redirecting to /.
info: Microsoft.AspNetCore.Mvc.Infrastructure.ControllerActionInvoker[105]
      Executed action PhoneBook.Controllers.AccountController.Login (PhoneBook) in 1.6935ms
info: Microsoft.AspNetCore.Routing.EndpointMiddleware[1]
      Executed endpoint 'PhoneBook.Controllers.AccountController.Login (PhoneBook)'
info: Microsoft.AspNetCore.Hosting.Diagnostics[2]
      Request finished HTTP/2 GET https://localhost:44364/Account/Login - 302 - - 11.0442ms
info: Microsoft.AspNetCore.Hosting.Diagnostics[1]
      Request starting HTTP/2 GET https://localhost:44364/ - - -
info: Microsoft.AspNetCore.Routing.EndpointMiddleware[0]
      Executing endpoint 'PhoneBook.Controllers.HomeController.Index (PhoneBook)'
info: Microsoft.AspNetCore.Mvc.Infrastructure.ControllerActionInvoker[102]
      Route matched with {action = "Index", controller = "Home"}. Executing controller action with signature System.Threading.Tasks.Task`1[Microsoft.AspNetCore.Mvc.IActionResult] Index() on controller PhoneBook.Controllers.HomeController (PhoneBook).
info: System.Net.Http.HttpClient.IApiService.LogicalHandler[100]
      Start processing HTTP request GET http://10.10.3.159:8683/api/Departments
info: System.Net.Http.HttpClient.IApiService.ClientHandler[100]
      Sending HTTP request GET http://10.10.3.159:8683/api/Departments
info: System.Net.Http.HttpClient.IApiService.ClientHandler[101]
      Received HTTP response headers after 0.891ms - 401
info: System.Net.Http.HttpClient.IApiService.LogicalHandler[101]
      End processing HTTP request after 5.5281ms - 401
info: Microsoft.AspNetCore.Mvc.RedirectToActionResult[1]
      Executing RedirectResult, redirecting to /Account/Login.
info: Microsoft.AspNetCore.Mvc.Infrastructure.ControllerActionInvoker[105]
      Executed action PhoneBook.Controllers.HomeController.Index (PhoneBook) in 31.2915ms
info: Microsoft.AspNetCore.Routing.EndpointMiddleware[1]
      Executed endpoint 'PhoneBook.Controllers.HomeController.Index (PhoneBook)'
info: Microsoft.AspNetCore.Hosting.Diagnostics[2]
      Request finished HTTP/2 GET https://localhost:44364/ - 302 - - 40.6034ms
info: Microsoft.AspNetCore.Hosting.Diagnostics[1]
      Request starting HTTP/2 GET https://localhost:44364/Account/Login - - -
info: Microsoft.AspNetCore.Routing.EndpointMiddleware[0]
      Executing endpoint 'PhoneBook.Controllers.AccountController.Login (PhoneBook)'
info: Microsoft.AspNetCore.Mvc.Infrastructure.ControllerActionInvoker[102]
      Route matched with {action = "Login", controller = "Account"}. Executing controller action with signature Microsoft.AspNetCore.Mvc.IActionResult Login(System.String) on controller PhoneBook.Controllers.AccountController (PhoneBook).
info: Microsoft.AspNetCore.Mvc.RedirectToActionResult[1]
      Executing RedirectResult, redirecting to /.
info: Microsoft.AspNetCore.Mvc.Infrastructure.ControllerActionInvoker[105]
      Executed action PhoneBook.Controllers.AccountController.Login (PhoneBook) in 1.6464ms
info: Microsoft.AspNetCore.Routing.EndpointMiddleware[1]
      Executed endpoint 'PhoneBook.Controllers.AccountController.Login (PhoneBook)'
info: Microsoft.AspNetCore.Hosting.Diagnostics[2]
      Request finished HTTP/2 GET https://localhost:44364/Account/Login - 302 - - 11.6244ms
info: Microsoft.AspNetCore.Hosting.Diagnostics[1]
      Request starting HTTP/2 GET https://localhost:44364/ - - -
info: Microsoft.AspNetCore.Routing.EndpointMiddleware[0]
      Executing endpoint 'PhoneBook.Controllers.HomeController.Index (PhoneBook)'
info: Microsoft.AspNetCore.Mvc.Infrastructure.ControllerActionInvoker[102]
      Route matched with {action = "Index", controller = "Home"}. Executing controller action with signature System.Threading.Tasks.Task`1[Microsoft.AspNetCore.Mvc.IActionResult] Index() on controller PhoneBook.Controllers.HomeController (PhoneBook).
info: System.Net.Http.HttpClient.IApiService.LogicalHandler[100]
      Start processing HTTP request GET http://10.10.3.159:8683/api/Departments
info: System.Net.Http.HttpClient.IApiService.ClientHandler[100]
      Sending HTTP request GET http://10.10.3.159:8683/api/Departments
info: System.Net.Http.HttpClient.IApiService.ClientHandler[101]
      Received HTTP response headers after 0.8907ms - 401
info: System.Net.Http.HttpClient.IApiService.LogicalHandler[101]
      End processing HTTP request after 5.6219ms - 401
info: Microsoft.AspNetCore.Mvc.RedirectToActionResult[1]
      Executing RedirectResult, redirecting to /Account/Login.
info: Microsoft.AspNetCore.Mvc.Infrastructure.ControllerActionInvoker[105]
      Executed action PhoneBook.Controllers.HomeController.Index (PhoneBook) in 32.4845ms
info: Microsoft.AspNetCore.Routing.EndpointMiddleware[1]
      Executed endpoint 'PhoneBook.Controllers.HomeController.Index (PhoneBook)'
info: Microsoft.AspNetCore.Hosting.Diagnostics[2]
      Request finished HTTP/2 GET https://localhost:44364/ - 302 - - 42.7093ms
info: Microsoft.AspNetCore.Hosting.Diagnostics[1]
      Request starting HTTP/2 GET https://localhost:44364/Account/Login - - -
info: Microsoft.AspNetCore.Routing.EndpointMiddleware[0]
      Executing endpoint 'PhoneBook.Controllers.AccountController.Login (PhoneBook)'
info: Microsoft.AspNetCore.Mvc.Infrastructure.ControllerActionInvoker[102]
      Route matched with {action = "Login", controller = "Account"}. Executing controller action with signature Microsoft.AspNetCore.Mvc.IActionResult Login(System.String) on controller PhoneBook.Controllers.AccountController (PhoneBook).
info: Microsoft.AspNetCore.Mvc.RedirectToActionResult[1]
      Executing RedirectResult, redirecting to /.
info: Microsoft.AspNetCore.Mvc.Infrastructure.ControllerActionInvoker[105]
      Executed action PhoneBook.Controllers.AccountController.Login (PhoneBook) in 1.3881ms
info: Microsoft.AspNetCore.Routing.EndpointMiddleware[1]
      Executed endpoint 'PhoneBook.Controllers.AccountController.Login (PhoneBook)'
info: Microsoft.AspNetCore.Hosting.Diagnostics[2]
      Request finished HTTP/2 GET https://localhost:44364/Account/Login - 302 - - 10.1906ms
info: Microsoft.AspNetCore.Hosting.Diagnostics[1]
      Request starting HTTP/2 GET https://localhost:44364/ - - -
info: Microsoft.AspNetCore.Routing.EndpointMiddleware[0]
      Executing endpoint 'PhoneBook.Controllers.HomeController.Index (PhoneBook)'
info: Microsoft.AspNetCore.Mvc.Infrastructure.ControllerActionInvoker[102]
      Route matched with {action = "Index", controller = "Home"}. Executing controller action with signature System.Threading.Tasks.Task`1[Microsoft.AspNetCore.Mvc.IActionResult] Index() on controller PhoneBook.Controllers.HomeController (PhoneBook).
info: System.Net.Http.HttpClient.IApiService.LogicalHandler[100]
      Start processing HTTP request GET http://10.10.3.159:8683/api/Departments
info: System.Net.Http.HttpClient.IApiService.ClientHandler[100]
      Sending HTTP request GET http://10.10.3.159:8683/api/Departments
info: System.Net.Http.HttpClient.IApiService.ClientHandler[101]
      Received HTTP response headers after 0.9684ms - 401
info: System.Net.Http.HttpClient.IApiService.LogicalHandler[101]
      End processing HTTP request after 5.5529ms - 401
info: Microsoft.AspNetCore.Mvc.RedirectToActionResult[1]
      Executing RedirectResult, redirecting to /Account/Login.
info: Microsoft.AspNetCore.Mvc.Infrastructure.ControllerActionInvoker[105]
      Executed action PhoneBook.Controllers.HomeController.Index (PhoneBook) in 32.5653ms
info: Microsoft.AspNetCore.Routing.EndpointMiddleware[1]
      Executed endpoint 'PhoneBook.Controllers.HomeController.Index (PhoneBook)'
info: Microsoft.AspNetCore.Hosting.Diagnostics[2]
      Request finished HTTP/2 GET https://localhost:44364/ - 302 - - 42.4558ms
info: Microsoft.AspNetCore.Hosting.Diagnostics[1]
      Request starting HTTP/2 GET https://localhost:44364/Account/Login - - -
info: Microsoft.AspNetCore.Routing.EndpointMiddleware[0]
      Executing endpoint 'PhoneBook.Controllers.AccountController.Login (PhoneBook)'
info: Microsoft.AspNetCore.Mvc.Infrastructure.ControllerActionInvoker[102]
      Route matched with {action = "Login", controller = "Account"}. Executing controller action with signature Microsoft.AspNetCore.Mvc.IActionResult Login(System.String) on controller PhoneBook.Controllers.AccountController (PhoneBook).
info: Microsoft.AspNetCore.Mvc.RedirectToActionResult[1]
      Executing RedirectResult, redirecting to /.
info: Microsoft.AspNetCore.Mvc.Infrastructure.ControllerActionInvoker[105]
      Executed action PhoneBook.Controllers.AccountController.Login (PhoneBook) in 1.628ms
info: Microsoft.AspNetCore.Routing.EndpointMiddleware[1]
      Executed endpoint 'PhoneBook.Controllers.AccountController.Login (PhoneBook)'
info: Microsoft.AspNetCore.Hosting.Diagnostics[2]
      Request finished HTTP/2 GET https://localhost:44364/Account/Login - 302 - - 12.0938ms
info: Microsoft.AspNetCore.Hosting.Diagnostics[1]
      Request starting HTTP/2 GET https://localhost:44364/ - - -
info: Microsoft.AspNetCore.Routing.EndpointMiddleware[0]
      Executing endpoint 'PhoneBook.Controllers.HomeController.Index (PhoneBook)'
info: Microsoft.AspNetCore.Mvc.Infrastructure.ControllerActionInvoker[102]
      Route matched with {action = "Index", controller = "Home"}. Executing controller action with signature System.Threading.Tasks.Task`1[Microsoft.AspNetCore.Mvc.IActionResult] Index() on controller PhoneBook.Controllers.HomeController (PhoneBook).
info: System.Net.Http.HttpClient.IApiService.LogicalHandler[100]
      Start processing HTTP request GET http://10.10.3.159:8683/api/Departments
info: System.Net.Http.HttpClient.IApiService.ClientHandler[100]
      Sending HTTP request GET http://10.10.3.159:8683/api/Departments
info: System.Net.Http.HttpClient.IApiService.ClientHandler[101]
      Received HTTP response headers after 1.1141ms - 401
info: System.Net.Http.HttpClient.IApiService.LogicalHandler[101]
      End processing HTTP request after 5.8477ms - 401
info: Microsoft.AspNetCore.Mvc.RedirectToActionResult[1]
      Executing RedirectResult, redirecting to /Account/Login.
info: Microsoft.AspNetCore.Mvc.Infrastructure.ControllerActionInvoker[105]
      Executed action PhoneBook.Controllers.HomeController.Index (PhoneBook) in 33.7054ms
info: Microsoft.AspNetCore.Routing.EndpointMiddleware[1]
      Executed endpoint 'PhoneBook.Controllers.HomeController.Index (PhoneBook)'
info: Microsoft.AspNetCore.Hosting.Diagnostics[2]
      Request finished HTTP/2 GET https://localhost:44364/ - 302 - - 44.5158ms
info: Microsoft.AspNetCore.Hosting.Diagnostics[1]
      Request starting HTTP/2 GET https://localhost:44364/Account/Login - - -
info: Microsoft.AspNetCore.Routing.EndpointMiddleware[0]
      Executing endpoint 'PhoneBook.Controllers.AccountController.Login (PhoneBook)'
info: Microsoft.AspNetCore.Mvc.Infrastructure.ControllerActionInvoker[102]
      Route matched with {action = "Login", controller = "Account"}. Executing controller action with signature Microsoft.AspNetCore.Mvc.IActionResult Login(System.String) on controller PhoneBook.Controllers.AccountController (PhoneBook).
info: Microsoft.AspNetCore.Mvc.RedirectToActionResult[1]
      Executing RedirectResult, redirecting to /.
info: Microsoft.AspNetCore.Mvc.Infrastructure.ControllerActionInvoker[105]
      Executed action PhoneBook.Controllers.AccountController.Login (PhoneBook) in 1.5903ms
info: Microsoft.AspNetCore.Routing.EndpointMiddleware[1]
      Executed endpoint 'PhoneBook.Controllers.AccountController.Login (PhoneBook)'
info: Microsoft.AspNetCore.Hosting.Diagnostics[2]
      Request finished HTTP/2 GET https://localhost:44364/Account/Login - 302 - - 13.9837ms
info: Microsoft.AspNetCore.Hosting.Diagnostics[1]
      Request starting HTTP/2 GET https://localhost:44364/ - - -
info: Microsoft.AspNetCore.Routing.EndpointMiddleware[0]
      Executing endpoint 'PhoneBook.Controllers.HomeController.Index (PhoneBook)'
info: Microsoft.AspNetCore.Mvc.Infrastructure.ControllerActionInvoker[102]
      Route matched with {action = "Index", controller = "Home"}. Executing controller action with signature System.Threading.Tasks.Task`1[Microsoft.AspNetCore.Mvc.IActionResult] Index() on controller PhoneBook.Controllers.HomeController (PhoneBook).
info: System.Net.Http.HttpClient.IApiService.LogicalHandler[100]
      Start processing HTTP request GET http://10.10.3.159:8683/api/Departments
info: System.Net.Http.HttpClient.IApiService.ClientHandler[100]
      Sending HTTP request GET http://10.10.3.159:8683/api/Departments
info: System.Net.Http.HttpClient.IApiService.ClientHandler[101]
      Received HTTP response headers after 0.6662ms - 401
info: System.Net.Http.HttpClient.IApiService.LogicalHandler[101]
      End processing HTTP request after 5.3351ms - 401
info: Microsoft.AspNetCore.Mvc.RedirectToActionResult[1]
      Executing RedirectResult, redirecting to /Account/Login.
info: Microsoft.AspNetCore.Mvc.Infrastructure.ControllerActionInvoker[105]
      Executed action PhoneBook.Controllers.HomeController.Index (PhoneBook) in 32.4885ms
info: Microsoft.AspNetCore.Routing.EndpointMiddleware[1]
      Executed endpoint 'PhoneBook.Controllers.HomeController.Index (PhoneBook)'
info: Microsoft.AspNetCore.Hosting.Diagnostics[2]
      Request finished HTTP/2 GET https://localhost:44364/ - 302 - - 44.1073ms
info: Microsoft.AspNetCore.Hosting.Diagnostics[1]
      Request starting HTTP/2 GET https://localhost:44364/Account/Login - - -
info: Microsoft.AspNetCore.Routing.EndpointMiddleware[0]
      Executing endpoint 'PhoneBook.Controllers.AccountController.Login (PhoneBook)'
info: Microsoft.AspNetCore.Mvc.Infrastructure.ControllerActionInvoker[102]
      Route matched with {action = "Login", controller = "Account"}. Executing controller action with signature Microsoft.AspNetCore.Mvc.IActionResult Login(System.String) on controller PhoneBook.Controllers.AccountController (PhoneBook).
info: Microsoft.AspNetCore.Mvc.RedirectToActionResult[1]
      Executing RedirectResult, redirecting to /.
info: Microsoft.AspNetCore.Mvc.Infrastructure.ControllerActionInvoker[105]
      Executed action PhoneBook.Controllers.AccountController.Login (PhoneBook) in 1.599ms
info: Microsoft.AspNetCore.Routing.EndpointMiddleware[1]
      Executed endpoint 'PhoneBook.Controllers.AccountController.Login (PhoneBook)'
info: Microsoft.AspNetCore.Hosting.Diagnostics[2]
      Request finished HTTP/2 GET https://localhost:44364/Account/Login - 302 - - 11.7130ms
info: Microsoft.AspNetCore.Hosting.Diagnostics[1]
      Request starting HTTP/2 GET https://localhost:44364/ - - -
info: Microsoft.AspNetCore.Routing.EndpointMiddleware[0]
      Executing endpoint 'PhoneBook.Controllers.HomeController.Index (PhoneBook)'
info: Microsoft.AspNetCore.Mvc.Infrastructure.ControllerActionInvoker[102]
      Route matched with {action = "Index", controller = "Home"}. Executing controller action with signature System.Threading.Tasks.Task`1[Microsoft.AspNetCore.Mvc.IActionResult] Index() on controller PhoneBook.Controllers.HomeController (PhoneBook).
info: System.Net.Http.HttpClient.IApiService.LogicalHandler[100]
      Start processing HTTP request GET http://10.10.3.159:8683/api/Departments
info: System.Net.Http.HttpClient.IApiService.ClientHandler[100]
      Sending HTTP request GET http://10.10.3.159:8683/api/Departments
info: System.Net.Http.HttpClient.IApiService.ClientHandler[101]
      Received HTTP response headers after 0.9604ms - 401
info: System.Net.Http.HttpClient.IApiService.LogicalHandler[101]
      End processing HTTP request after 5.9327ms - 401
info: Microsoft.AspNetCore.Mvc.RedirectToActionResult[1]
      Executing RedirectResult, redirecting to /Account/Login.
info: Microsoft.AspNetCore.Mvc.Infrastructure.ControllerActionInvoker[105]
      Executed action PhoneBook.Controllers.HomeController.Index (PhoneBook) in 32.3651ms
info: Microsoft.AspNetCore.Routing.EndpointMiddleware[1]
      Executed endpoint 'PhoneBook.Controllers.HomeController.Index (PhoneBook)'
info: Microsoft.AspNetCore.Hosting.Diagnostics[2]
      Request finished HTTP/2 GET https://localhost:44364/ - 302 - - 43.1749ms
info: Microsoft.AspNetCore.Hosting.Diagnostics[1]
      Request starting HTTP/2 GET https://localhost:44364/Account/Login - - -
info: Microsoft.AspNetCore.Routing.EndpointMiddleware[0]
      Executing endpoint 'PhoneBook.Controllers.AccountController.Login (PhoneBook)'
info: Microsoft.AspNetCore.Mvc.Infrastructure.ControllerActionInvoker[102]
      Route matched with {action = "Login", controller = "Account"}. Executing controller action with signature Microsoft.AspNetCore.Mvc.IActionResult Login(System.String) on controller PhoneBook.Controllers.AccountController (PhoneBook).
info: Microsoft.AspNetCore.Mvc.RedirectToActionResult[1]
      Executing RedirectResult, redirecting to /.
info: Microsoft.AspNetCore.Mvc.Infrastructure.ControllerActionInvoker[105]
      Executed action PhoneBook.Controllers.AccountController.Login (PhoneBook) in 1.6017ms
info: Microsoft.AspNetCore.Routing.EndpointMiddleware[1]
      Executed endpoint 'PhoneBook.Controllers.AccountController.Login (PhoneBook)'
info: Microsoft.AspNetCore.Hosting.Diagnostics[2]
      Request finished HTTP/2 GET https://localhost:44364/Account/Login - 302 - - 11.8447ms
info: Microsoft.AspNetCore.Hosting.Diagnostics[1]
      Request starting HTTP/2 GET https://localhost:44364/ - - -
info: Microsoft.AspNetCore.Routing.EndpointMiddleware[0]
      Executing endpoint 'PhoneBook.Controllers.HomeController.Index (PhoneBook)'
info: Microsoft.AspNetCore.Mvc.Infrastructure.ControllerActionInvoker[102]
      Route matched with {action = "Index", controller = "Home"}. Executing controller action with signature System.Threading.Tasks.Task`1[Microsoft.AspNetCore.Mvc.IActionResult] Index() on controller PhoneBook.Controllers.HomeController (PhoneBook).
info: System.Net.Http.HttpClient.IApiService.LogicalHandler[100]
      Start processing HTTP request GET http://10.10.3.159:8683/api/Departments
info: System.Net.Http.HttpClient.IApiService.ClientHandler[100]
      Sending HTTP request GET http://10.10.3.159:8683/api/Departments
info: System.Net.Http.HttpClient.IApiService.ClientHandler[101]
      Received HTTP response headers after 0.9478ms - 401
info: System.Net.Http.HttpClient.IApiService.LogicalHandler[101]
      End processing HTTP request after 5.8303ms - 401
info: Microsoft.AspNetCore.Mvc.RedirectToActionResult[1]
      Executing RedirectResult, redirecting to /Account/Login.
info: Microsoft.AspNetCore.Mvc.Infrastructure.ControllerActionInvoker[105]
      Executed action PhoneBook.Controllers.HomeController.Index (PhoneBook) in 35.2201ms
info: Microsoft.AspNetCore.Routing.EndpointMiddleware[1]
      Executed endpoint 'PhoneBook.Controllers.HomeController.Index (PhoneBook)'
info: Microsoft.AspNetCore.Hosting.Diagnostics[2]
      Request finished HTTP/2 GET https://localhost:44364/ - 302 - - 45.8141ms
info: Microsoft.AspNetCore.Hosting.Diagnostics[1]
      Request starting HTTP/2 GET https://localhost:44364/Account/Login - - -
info: Microsoft.AspNetCore.Routing.EndpointMiddleware[0]
      Executing endpoint 'PhoneBook.Controllers.AccountController.Login (PhoneBook)'
info: Microsoft.AspNetCore.Mvc.Infrastructure.ControllerActionInvoker[102]
      Route matched with {action = "Login", controller = "Account"}. Executing controller action with signature Microsoft.AspNetCore.Mvc.IActionResult Login(System.String) on controller PhoneBook.Controllers.AccountController (PhoneBook).
info: Microsoft.AspNetCore.Mvc.RedirectToActionResult[1]
      Executing RedirectResult, redirecting to /.
info: Microsoft.AspNetCore.Mvc.Infrastructure.ControllerActionInvoker[105]
      Executed action PhoneBook.Controllers.AccountController.Login (PhoneBook) in 1.5132ms
info: Microsoft.AspNetCore.Routing.EndpointMiddleware[1]
      Executed endpoint 'PhoneBook.Controllers.AccountController.Login (PhoneBook)'
info: Microsoft.AspNetCore.Hosting.Diagnostics[2]
      Request finished HTTP/2 GET https://localhost:44364/Account/Login - 302 - - 11.1985ms
info: Microsoft.AspNetCore.Hosting.Diagnostics[1]
      Request starting HTTP/2 GET https://localhost:44364/Account/Login - - -
info: Microsoft.AspNetCore.Routing.EndpointMiddleware[0]
      Executing endpoint 'PhoneBook.Controllers.AccountController.Login (PhoneBook)'
info: Microsoft.AspNetCore.Mvc.Infrastructure.ControllerActionInvoker[102]
      Route matched with {action = "Login", controller = "Account"}. Executing controller action with signature Microsoft.AspNetCore.Mvc.IActionResult Login(System.String) on controller PhoneBook.Controllers.AccountController (PhoneBook).
info: Microsoft.AspNetCore.Mvc.RedirectToActionResult[1]
      Executing RedirectResult, redirecting to /.
info: Microsoft.AspNetCore.Mvc.Infrastructure.ControllerActionInvoker[105]
      Executed action PhoneBook.Controllers.AccountController.Login (PhoneBook) in 1.3785ms
info: Microsoft.AspNetCore.Routing.EndpointMiddleware[1]
      Executed endpoint 'PhoneBook.Controllers.AccountController.Login (PhoneBook)'
info: Microsoft.AspNetCore.Hosting.Diagnostics[2]
      Request finished HTTP/2 GET https://localhost:44364/Account/Login - 302 - - 13.9674ms
info: Microsoft.AspNetCore.Hosting.Diagnostics[1]
      Request starting HTTP/2 GET https://localhost:44364/ - - -
info: Microsoft.AspNetCore.Routing.EndpointMiddleware[0]
      Executing endpoint 'PhoneBook.Controllers.HomeController.Index (PhoneBook)'
info: Microsoft.AspNetCore.Mvc.Infrastructure.ControllerActionInvoker[102]
      Route matched with {action = "Index", controller = "Home"}. Executing controller action with signature System.Threading.Tasks.Task`1[Microsoft.AspNetCore.Mvc.IActionResult] Index() on controller PhoneBook.Controllers.HomeController (PhoneBook).
info: System.Net.Http.HttpClient.IApiService.LogicalHandler[100]
      Start processing HTTP request GET http://10.10.3.159:8683/api/Departments
info: System.Net.Http.HttpClient.IApiService.ClientHandler[100]
      Sending HTTP request GET http://10.10.3.159:8683/api/Departments
info: System.Net.Http.HttpClient.IApiService.ClientHandler[101]
      Received HTTP response headers after 1.8179ms - 401
info: System.Net.Http.HttpClient.IApiService.LogicalHandler[101]
      End processing HTTP request after 5.8911ms - 401
info: Microsoft.AspNetCore.Mvc.RedirectToActionResult[1]
      Executing RedirectResult, redirecting to /Account/Login.
info: Microsoft.AspNetCore.Mvc.Infrastructure.ControllerActionInvoker[105]
      Executed action PhoneBook.Controllers.HomeController.Index (PhoneBook) in 34.0717ms
info: Microsoft.AspNetCore.Routing.EndpointMiddleware[1]
      Executed endpoint 'PhoneBook.Controllers.HomeController.Index (PhoneBook)'
info: Microsoft.AspNetCore.Hosting.Diagnostics[2]
      Request finished HTTP/2 GET https://localhost:44364/ - 302 - - 46.0890ms
info: Microsoft.AspNetCore.Hosting.Diagnostics[1]
      Request starting HTTP/2 GET https://localhost:44364/Account/Login - - -
info: Microsoft.AspNetCore.Routing.EndpointMiddleware[0]
      Executing endpoint 'PhoneBook.Controllers.AccountController.Login (PhoneBook)'
info: Microsoft.AspNetCore.Mvc.Infrastructure.ControllerActionInvoker[102]
      Route matched with {action = "Login", controller = "Account"}. Executing controller action with signature Microsoft.AspNetCore.Mvc.IActionResult Login(System.String) on controller PhoneBook.Controllers.AccountController (PhoneBook).
info: Microsoft.AspNetCore.Mvc.RedirectToActionResult[1]
      Executing RedirectResult, redirecting to /.
info: Microsoft.AspNetCore.Mvc.Infrastructure.ControllerActionInvoker[105]
      Executed action PhoneBook.Controllers.AccountController.Login (PhoneBook) in 1.234ms
info: Microsoft.AspNetCore.Routing.EndpointMiddleware[1]
      Executed endpoint 'PhoneBook.Controllers.AccountController.Login (PhoneBook)'
info: Microsoft.AspNetCore.Hosting.Diagnostics[2]
      Request finished HTTP/2 GET https://localhost:44364/Account/Login - 302 - - 9.8161ms
info: Microsoft.AspNetCore.Hosting.Diagnostics[1]
      Request starting HTTP/2 GET https://localhost:44364/ - - -
info: Microsoft.AspNetCore.Routing.EndpointMiddleware[0]
      Executing endpoint 'PhoneBook.Controllers.HomeController.Index (PhoneBook)'
info: Microsoft.AspNetCore.Mvc.Infrastructure.ControllerActionInvoker[102]
      Route matched with {action = "Index", controller = "Home"}. Executing controller action with signature System.Threading.Tasks.Task`1[Microsoft.AspNetCore.Mvc.IActionResult] Index() on controller PhoneBook.Controllers.HomeController (PhoneBook).
info: System.Net.Http.HttpClient.IApiService.LogicalHandler[100]
      Start processing HTTP request GET http://10.10.3.159:8683/api/Departments
info: System.Net.Http.HttpClient.IApiService.ClientHandler[100]
      Sending HTTP request GET http://10.10.3.159:8683/api/Departments
info: System.Net.Http.HttpClient.IApiService.ClientHandler[101]
      Received HTTP response headers after 0.9255ms - 401
info: System.Net.Http.HttpClient.IApiService.LogicalHandler[101]
      End processing HTTP request after 4.9071ms - 401
info: Microsoft.AspNetCore.Mvc.RedirectToActionResult[1]
      Executing RedirectResult, redirecting to /Account/Login.
info: Microsoft.AspNetCore.Mvc.Infrastructure.ControllerActionInvoker[105]
      Executed action PhoneBook.Controllers.HomeController.Index (PhoneBook) in 31.6451ms
info: Microsoft.AspNetCore.Routing.EndpointMiddleware[1]
      Executed endpoint 'PhoneBook.Controllers.HomeController.Index (PhoneBook)'
info: Microsoft.AspNetCore.Hosting.Diagnostics[2]
      Request finished HTTP/2 GET https://localhost:44364/ - 302 - - 40.3594ms
info: Microsoft.AspNetCore.Hosting.Diagnostics[1]
      Request starting HTTP/2 GET https://localhost:44364/Account/Login - - -
info: Microsoft.AspNetCore.Routing.EndpointMiddleware[0]
      Executing endpoint 'PhoneBook.Controllers.AccountController.Login (PhoneBook)'
info: Microsoft.AspNetCore.Mvc.Infrastructure.ControllerActionInvoker[102]
      Route matched with {action = "Login", controller = "Account"}. Executing controller action with signature Microsoft.AspNetCore.Mvc.IActionResult Login(System.String) on controller PhoneBook.Controllers.AccountController (PhoneBook).
info: Microsoft.AspNetCore.Mvc.RedirectToActionResult[1]
      Executing RedirectResult, redirecting to /.
info: Microsoft.AspNetCore.Mvc.Infrastructure.ControllerActionInvoker[105]
      Executed action PhoneBook.Controllers.AccountController.Login (PhoneBook) in 1.19ms
info: Microsoft.AspNetCore.Routing.EndpointMiddleware[1]
      Executed endpoint 'PhoneBook.Controllers.AccountController.Login (PhoneBook)'
info: Microsoft.AspNetCore.Hosting.Diagnostics[2]
      Request finished HTTP/2 GET https://localhost:44364/Account/Login - 302 - - 9.9148ms
info: Microsoft.AspNetCore.Hosting.Diagnostics[1]
      Request starting HTTP/2 GET https://localhost:44364/ - - -
info: Microsoft.AspNetCore.Routing.EndpointMiddleware[0]
      Executing endpoint 'PhoneBook.Controllers.HomeController.Index (PhoneBook)'
info: Microsoft.AspNetCore.Mvc.Infrastructure.ControllerActionInvoker[102]
      Route matched with {action = "Index", controller = "Home"}. Executing controller action with signature System.Threading.Tasks.Task`1[Microsoft.AspNetCore.Mvc.IActionResult] Index() on controller PhoneBook.Controllers.HomeController (PhoneBook).
info: System.Net.Http.HttpClient.IApiService.LogicalHandler[100]
      Start processing HTTP request GET http://10.10.3.159:8683/api/Departments
info: System.Net.Http.HttpClient.IApiService.ClientHandler[100]
      Sending HTTP request GET http://10.10.3.159:8683/api/Departments
info: System.Net.Http.HttpClient.IApiService.ClientHandler[101]
      Received HTTP response headers after 0.8546ms - 401
info: System.Net.Http.HttpClient.IApiService.LogicalHandler[101]
      End processing HTTP request after 5.136ms - 401
info: Microsoft.AspNetCore.Mvc.RedirectToActionResult[1]
      Executing RedirectResult, redirecting to /Account/Login.
info: Microsoft.AspNetCore.Mvc.Infrastructure.ControllerActionInvoker[105]
      Executed action PhoneBook.Controllers.HomeController.Index (PhoneBook) in 30.6492ms
info: Microsoft.AspNetCore.Routing.EndpointMiddleware[1]
      Executed endpoint 'PhoneBook.Controllers.HomeController.Index (PhoneBook)'
info: Microsoft.AspNetCore.Hosting.Diagnostics[2]
      Request finished HTTP/2 GET https://localhost:44364/ - 302 - - 38.6781ms
info: Microsoft.AspNetCore.Hosting.Diagnostics[1]
      Request starting HTTP/2 GET https://localhost:44364/Account/Login - - -
info: Microsoft.AspNetCore.Routing.EndpointMiddleware[0]
      Executing endpoint 'PhoneBook.Controllers.AccountController.Login (PhoneBook)'
info: Microsoft.AspNetCore.Mvc.Infrastructure.ControllerActionInvoker[102]
      Route matched with {action = "Login", controller = "Account"}. Executing controller action with signature Microsoft.AspNetCore.Mvc.IActionResult Login(System.String) on controller PhoneBook.Controllers.AccountController (PhoneBook).
info: Microsoft.AspNetCore.Mvc.RedirectToActionResult[1]
      Executing RedirectResult, redirecting to /.
info: Microsoft.AspNetCore.Mvc.Infrastructure.ControllerActionInvoker[105]
      Executed action PhoneBook.Controllers.AccountController.Login (PhoneBook) in 1.1701ms
info: Microsoft.AspNetCore.Routing.EndpointMiddleware[1]
      Executed endpoint 'PhoneBook.Controllers.AccountController.Login (PhoneBook)'
info: Microsoft.AspNetCore.Hosting.Diagnostics[2]
      Request finished HTTP/2 GET https://localhost:44364/Account/Login - 302 - - 9.4969ms
info: Microsoft.AspNetCore.Hosting.Diagnostics[1]
      Request starting HTTP/2 GET https://localhost:44364/ - - -
info: Microsoft.AspNetCore.Routing.EndpointMiddleware[0]
      Executing endpoint 'PhoneBook.Controllers.HomeController.Index (PhoneBook)'
info: Microsoft.AspNetCore.Mvc.Infrastructure.ControllerActionInvoker[102]
      Route matched with {action = "Index", controller = "Home"}. Executing controller action with signature System.Threading.Tasks.Task`1[Microsoft.AspNetCore.Mvc.IActionResult] Index() on controller PhoneBook.Controllers.HomeController (PhoneBook).
info: System.Net.Http.HttpClient.IApiService.LogicalHandler[100]
      Start processing HTTP request GET http://10.10.3.159:8683/api/Departments
info: System.Net.Http.HttpClient.IApiService.ClientHandler[100]
      Sending HTTP request GET http://10.10.3.159:8683/api/Departments
info: System.Net.Http.HttpClient.IApiService.ClientHandler[101]
      Received HTTP response headers after 0.7895ms - 401
info: System.Net.Http.HttpClient.IApiService.LogicalHandler[101]
      End processing HTTP request after 4.7805ms - 401
info: Microsoft.AspNetCore.Mvc.RedirectToActionResult[1]
      Executing RedirectResult, redirecting to /Account/Login.
info: Microsoft.AspNetCore.Mvc.Infrastructure.ControllerActionInvoker[105]
      Executed action PhoneBook.Controllers.HomeController.Index (PhoneBook) in 30.5003ms
info: Microsoft.AspNetCore.Routing.EndpointMiddleware[1]
      Executed endpoint 'PhoneBook.Controllers.HomeController.Index (PhoneBook)'
info: Microsoft.AspNetCore.Hosting.Diagnostics[2]
      Request finished HTTP/2 GET https://localhost:44364/ - 302 - - 38.8130ms
info: Microsoft.AspNetCore.Hosting.Diagnostics[1]
      Request starting HTTP/2 GET https://localhost:44364/Account/Login - - -
info: Microsoft.AspNetCore.Routing.EndpointMiddleware[0]
      Executing endpoint 'PhoneBook.Controllers.AccountController.Login (PhoneBook)'
info: Microsoft.AspNetCore.Mvc.Infrastructure.ControllerActionInvoker[102]
      Route matched with {action = "Login", controller = "Account"}. Executing controller action with signature Microsoft.AspNetCore.Mvc.IActionResult Login(System.String) on controller PhoneBook.Controllers.AccountController (PhoneBook).
info: Microsoft.AspNetCore.Mvc.RedirectToActionResult[1]
      Executing RedirectResult, redirecting to /.
info: Microsoft.AspNetCore.Mvc.Infrastructure.ControllerActionInvoker[105]
      Executed action PhoneBook.Controllers.AccountController.Login (PhoneBook) in 1.1716ms
info: Microsoft.AspNetCore.Routing.EndpointMiddleware[1]
      Executed endpoint 'PhoneBook.Controllers.AccountController.Login (PhoneBook)'
info: Microsoft.AspNetCore.Hosting.Diagnostics[2]
      Request finished HTTP/2 GET https://localhost:44364/Account/Login - 302 - - 9.5845ms
info: Microsoft.AspNetCore.Hosting.Diagnostics[1]
      Request starting HTTP/2 GET https://localhost:44364/ - - -
info: Microsoft.AspNetCore.Routing.EndpointMiddleware[0]
      Executing endpoint 'PhoneBook.Controllers.HomeController.Index (PhoneBook)'
info: Microsoft.AspNetCore.Mvc.Infrastructure.ControllerActionInvoker[102]
      Route matched with {action = "Index", controller = "Home"}. Executing controller action with signature System.Threading.Tasks.Task`1[Microsoft.AspNetCore.Mvc.IActionResult] Index() on controller PhoneBook.Controllers.HomeController (PhoneBook).
info: System.Net.Http.HttpClient.IApiService.LogicalHandler[100]
      Start processing HTTP request GET http://10.10.3.159:8683/api/Departments
info: System.Net.Http.HttpClient.IApiService.ClientHandler[100]
      Sending HTTP request GET http://10.10.3.159:8683/api/Departments
info: System.Net.Http.HttpClient.IApiService.ClientHandler[101]
      Received HTTP response headers after 0.8707ms - 401
info: System.Net.Http.HttpClient.IApiService.LogicalHandler[101]
      End processing HTTP request after 4.5978ms - 401
info: Microsoft.AspNetCore.Mvc.RedirectToActionResult[1]
      Executing RedirectResult, redirecting to /Account/Login.
info: Microsoft.AspNetCore.Mvc.Infrastructure.ControllerActionInvoker[105]
      Executed action PhoneBook.Controllers.HomeController.Index (PhoneBook) in 31.3659ms
info: Microsoft.AspNetCore.Routing.EndpointMiddleware[1]
      Executed endpoint 'PhoneBook.Controllers.HomeController.Index (PhoneBook)'
info: Microsoft.AspNetCore.Hosting.Diagnostics[2]
      Request finished HTTP/2 GET https://localhost:44364/ - 302 - - 39.4309ms
info: Microsoft.AspNetCore.Hosting.Diagnostics[1]
      Request starting HTTP/2 GET https://localhost:44364/Account/Login - - -
info: Microsoft.AspNetCore.Routing.EndpointMiddleware[0]
      Executing endpoint 'PhoneBook.Controllers.AccountController.Login (PhoneBook)'
info: Microsoft.AspNetCore.Mvc.Infrastructure.ControllerActionInvoker[102]
      Route matched with {action = "Login", controller = "Account"}. Executing controller action with signature Microsoft.AspNetCore.Mvc.IActionResult Login(System.String) on controller PhoneBook.Controllers.AccountController (PhoneBook).
info: Microsoft.AspNetCore.Mvc.RedirectToActionResult[1]
      Executing RedirectResult, redirecting to /.
info: Microsoft.AspNetCore.Mvc.Infrastructure.ControllerActionInvoker[105]
      Executed action PhoneBook.Controllers.AccountController.Login (PhoneBook) in 1.173ms
info: Microsoft.AspNetCore.Routing.EndpointMiddleware[1]
      Executed endpoint 'PhoneBook.Controllers.AccountController.Login (PhoneBook)'
info: Microsoft.AspNetCore.Hosting.Diagnostics[2]
      Request finished HTTP/2 GET https://localhost:44364/Account/Login - 302 - - 9.4298ms
info: Microsoft.AspNetCore.Hosting.Diagnostics[1]
      Request starting HTTP/2 GET https://localhost:44364/ - - -
info: Microsoft.AspNetCore.Routing.EndpointMiddleware[0]
      Executing endpoint 'PhoneBook.Controllers.HomeController.Index (PhoneBook)'
info: Microsoft.AspNetCore.Mvc.Infrastructure.ControllerActionInvoker[102]
      Route matched with {action = "Index", controller = "Home"}. Executing controller action with signature System.Threading.Tasks.Task`1[Microsoft.AspNetCore.Mvc.IActionResult] Index() on controller PhoneBook.Controllers.HomeController (PhoneBook).
info: System.Net.Http.HttpClient.IApiService.LogicalHandler[100]
      Start processing HTTP request GET http://10.10.3.159:8683/api/Departments
info: System.Net.Http.HttpClient.IApiService.ClientHandler[100]
      Sending HTTP request GET http://10.10.3.159:8683/api/Departments
info: System.Net.Http.HttpClient.IApiService.ClientHandler[101]
      Received HTTP response headers after 0.9261ms - 401
info: System.Net.Http.HttpClient.IApiService.LogicalHandler[101]
      End processing HTTP request after 5.0726ms - 401
info: Microsoft.AspNetCore.Mvc.RedirectToActionResult[1]
      Executing RedirectResult, redirecting to /Account/Login.
info: Microsoft.AspNetCore.Mvc.Infrastructure.ControllerActionInvoker[105]
      Executed action PhoneBook.Controllers.HomeController.Index (PhoneBook) in 30.931ms
info: Microsoft.AspNetCore.Routing.EndpointMiddleware[1]
      Executed endpoint 'PhoneBook.Controllers.HomeController.Index (PhoneBook)'
info: Microsoft.AspNetCore.Hosting.Diagnostics[2]
      Request finished HTTP/2 GET https://localhost:44364/ - 302 - - 39.6687ms
info: Microsoft.AspNetCore.Hosting.Diagnostics[1]
      Request starting HTTP/2 GET https://localhost:44364/Account/Login - - -
info: Microsoft.AspNetCore.Routing.EndpointMiddleware[0]
      Executing endpoint 'PhoneBook.Controllers.AccountController.Login (PhoneBook)'
info: Microsoft.AspNetCore.Mvc.Infrastructure.ControllerActionInvoker[102]
      Route matched with {action = "Login", controller = "Account"}. Executing controller action with signature Microsoft.AspNetCore.Mvc.IActionResult Login(System.String) on controller PhoneBook.Controllers.AccountController (PhoneBook).
info: Microsoft.AspNetCore.Mvc.RedirectToActionResult[1]
      Executing RedirectResult, redirecting to /.
info: Microsoft.AspNetCore.Mvc.Infrastructure.ControllerActionInvoker[105]
      Executed action PhoneBook.Controllers.AccountController.Login (PhoneBook) in 1.2569ms
info: Microsoft.AspNetCore.Routing.EndpointMiddleware[1]
      Executed endpoint 'PhoneBook.Controllers.AccountController.Login (PhoneBook)'
info: Microsoft.AspNetCore.Hosting.Diagnostics[2]
      Request finished HTTP/2 GET https://localhost:44364/Account/Login - 302 - - 9.2342ms
info: Microsoft.AspNetCore.Hosting.Diagnostics[1]
      Request starting HTTP/2 GET https://localhost:44364/ - - -
info: Microsoft.AspNetCore.Routing.EndpointMiddleware[0]
      Executing endpoint 'PhoneBook.Controllers.HomeController.Index (PhoneBook)'
info: Microsoft.AspNetCore.Mvc.Infrastructure.ControllerActionInvoker[102]
      Route matched with {action = "Index", controller = "Home"}. Executing controller action with signature System.Threading.Tasks.Task`1[Microsoft.AspNetCore.Mvc.IActionResult] Index() on controller PhoneBook.Controllers.HomeController (PhoneBook).
info: System.Net.Http.HttpClient.IApiService.LogicalHandler[100]
      Start processing HTTP request GET http://10.10.3.159:8683/api/Departments
info: System.Net.Http.HttpClient.IApiService.ClientHandler[100]
      Sending HTTP request GET http://10.10.3.159:8683/api/Departments
info: System.Net.Http.HttpClient.IApiService.ClientHandler[101]
      Received HTTP response headers after 0.8849ms - 401
info: System.Net.Http.HttpClient.IApiService.LogicalHandler[101]
      End processing HTTP request after 4.6237ms - 401
info: Microsoft.AspNetCore.Mvc.RedirectToActionResult[1]
      Executing RedirectResult, redirecting to /Account/Login.
info: Microsoft.AspNetCore.Mvc.Infrastructure.ControllerActionInvoker[105]
      Executed action PhoneBook.Controllers.HomeController.Index (PhoneBook) in 30.3765ms
info: Microsoft.AspNetCore.Routing.EndpointMiddleware[1]
      Executed endpoint 'PhoneBook.Controllers.HomeController.Index (PhoneBook)'
info: Microsoft.AspNetCore.Hosting.Diagnostics[2]
      Request finished HTTP/2 GET https://localhost:44364/ - 302 - - 38.4269ms
info: Microsoft.AspNetCore.Hosting.Diagnostics[1]
      Request starting HTTP/2 GET https://localhost:44364/Account/Login - - -
info: Microsoft.AspNetCore.Routing.EndpointMiddleware[0]
      Executing endpoint 'PhoneBook.Controllers.AccountController.Login (PhoneBook)'
info: Microsoft.AspNetCore.Mvc.Infrastructure.ControllerActionInvoker[102]
      Route matched with {action = "Login", controller = "Account"}. Executing controller action with signature Microsoft.AspNetCore.Mvc.IActionResult Login(System.String) on controller PhoneBook.Controllers.AccountController (PhoneBook).
info: Microsoft.AspNetCore.Mvc.RedirectToActionResult[1]
      Executing RedirectResult, redirecting to /.
info: Microsoft.AspNetCore.Mvc.Infrastructure.ControllerActionInvoker[105]
      Executed action PhoneBook.Controllers.AccountController.Login (PhoneBook) in 1.1763ms
info: Microsoft.AspNetCore.Routing.EndpointMiddleware[1]
      Executed endpoint 'PhoneBook.Controllers.AccountController.Login (PhoneBook)'
info: Microsoft.AspNetCore.Hosting.Diagnostics[2]
      Request finished HTTP/2 GET https://localhost:44364/Account/Login - 302 - - 10.8424ms
info: Microsoft.AspNetCore.Hosting.Diagnostics[1]
      Request starting HTTP/2 GET https://localhost:44364/ - - -
info: Microsoft.AspNetCore.Routing.EndpointMiddleware[0]
      Executing endpoint 'PhoneBook.Controllers.HomeController.Index (PhoneBook)'
info: Microsoft.AspNetCore.Mvc.Infrastructure.ControllerActionInvoker[102]
      Route matched with {action = "Index", controller = "Home"}. Executing controller action with signature System.Threading.Tasks.Task`1[Microsoft.AspNetCore.Mvc.IActionResult] Index() on controller PhoneBook.Controllers.HomeController (PhoneBook).
info: System.Net.Http.HttpClient.IApiService.LogicalHandler[100]
      Start processing HTTP request GET http://10.10.3.159:8683/api/Departments
info: System.Net.Http.HttpClient.IApiService.ClientHandler[100]
      Sending HTTP request GET http://10.10.3.159:8683/api/Departments
info: System.Net.Http.HttpClient.IApiService.ClientHandler[101]
      Received HTTP response headers after 0.7408ms - 401
info: System.Net.Http.HttpClient.IApiService.LogicalHandler[101]
      End processing HTTP request after 4.4087ms - 401
info: Microsoft.AspNetCore.Mvc.RedirectToActionResult[1]
      Executing RedirectResult, redirecting to /Account/Login.
info: Microsoft.AspNetCore.Mvc.Infrastructure.ControllerActionInvoker[105]
      Executed action PhoneBook.Controllers.HomeController.Index (PhoneBook) in 30.2761ms
info: Microsoft.AspNetCore.Routing.EndpointMiddleware[1]
      Executed endpoint 'PhoneBook.Controllers.HomeController.Index (PhoneBook)'
info: Microsoft.AspNetCore.Hosting.Diagnostics[2]
      Request finished HTTP/2 GET https://localhost:44364/ - 302 - - 42.7709ms
info: Microsoft.AspNetCore.Hosting.Diagnostics[1]
      Request starting HTTP/2 GET https://localhost:44364/Account/Login - - -
info: Microsoft.AspNetCore.Routing.EndpointMiddleware[0]
      Executing endpoint 'PhoneBook.Controllers.AccountController.Login (PhoneBook)'
info: Microsoft.AspNetCore.Mvc.Infrastructure.ControllerActionInvoker[102]
      Route matched with {action = "Login", controller = "Account"}. Executing controller action with signature Microsoft.AspNetCore.Mvc.IActionResult Login(System.String) on controller PhoneBook.Controllers.AccountController (PhoneBook).
info: Microsoft.AspNetCore.Mvc.RedirectToActionResult[1]
      Executing RedirectResult, redirecting to /.
info: Microsoft.AspNetCore.Mvc.Infrastructure.ControllerActionInvoker[105]
      Executed action PhoneBook.Controllers.AccountController.Login (PhoneBook) in 1.2842ms
info: Microsoft.AspNetCore.Routing.EndpointMiddleware[1]
      Executed endpoint 'PhoneBook.Controllers.AccountController.Login (PhoneBook)'
info: Microsoft.AspNetCore.Hosting.Diagnostics[2]
      Request finished HTTP/2 GET https://localhost:44364/Account/Login - 302 - - 9.8824ms
info: Microsoft.AspNetCore.Hosting.Diagnostics[1]
      Request starting HTTP/2 GET https://localhost:44364/ - - -
info: Microsoft.AspNetCore.Routing.EndpointMiddleware[0]
      Executing endpoint 'PhoneBook.Controllers.HomeController.Index (PhoneBook)'
info: Microsoft.AspNetCore.Mvc.Infrastructure.ControllerActionInvoker[102]
      Route matched with {action = "Index", controller = "Home"}. Executing controller action with signature System.Threading.Tasks.Task`1[Microsoft.AspNetCore.Mvc.IActionResult] Index() on controller PhoneBook.Controllers.HomeController (PhoneBook).
info: System.Net.Http.HttpClient.IApiService.LogicalHandler[100]
      Start processing HTTP request GET http://10.10.3.159:8683/api/Departments
info: System.Net.Http.HttpClient.IApiService.ClientHandler[100]
      Sending HTTP request GET http://10.10.3.159:8683/api/Departments
info: System.Net.Http.HttpClient.IApiService.ClientHandler[101]
      Received HTTP response headers after 0.8482ms - 401
info: System.Net.Http.HttpClient.IApiService.LogicalHandler[101]
      End processing HTTP request after 4.6314ms - 401
info: Microsoft.AspNetCore.Mvc.RedirectToActionResult[1]
      Executing RedirectResult, redirecting to /Account/Login.
info: Microsoft.AspNetCore.Mvc.Infrastructure.ControllerActionInvoker[105]
      Executed action PhoneBook.Controllers.HomeController.Index (PhoneBook) in 31.9954ms
info: Microsoft.AspNetCore.Routing.EndpointMiddleware[1]
      Executed endpoint 'PhoneBook.Controllers.HomeController.Index (PhoneBook)'
info: Microsoft.AspNetCore.Hosting.Diagnostics[2]
      Request finished HTTP/2 GET https://localhost:44364/ - 302 - - 40.5777ms
info: Microsoft.AspNetCore.Hosting.Diagnostics[1]
      Request starting HTTP/2 GET https://localhost:44364/Account/Login - - -
info: Microsoft.AspNetCore.Routing.EndpointMiddleware[0]
      Executing endpoint 'PhoneBook.Controllers.AccountController.Login (PhoneBook)'
info: Microsoft.AspNetCore.Mvc.Infrastructure.ControllerActionInvoker[102]
      Route matched with {action = "Login", controller = "Account"}. Executing controller action with signature Microsoft.AspNetCore.Mvc.IActionResult Login(System.String) on controller PhoneBook.Controllers.AccountController (PhoneBook).
info: Microsoft.AspNetCore.Mvc.RedirectToActionResult[1]
      Executing RedirectResult, redirecting to /.
info: Microsoft.AspNetCore.Mvc.Infrastructure.ControllerActionInvoker[105]
      Executed action PhoneBook.Controllers.AccountController.Login (PhoneBook) in 1.1843ms
info: Microsoft.AspNetCore.Routing.EndpointMiddleware[1]
      Executed endpoint 'PhoneBook.Controllers.AccountController.Login (PhoneBook)'
info: Microsoft.AspNetCore.Hosting.Diagnostics[2]
      Request finished HTTP/2 GET https://localhost:44364/Account/Login - 302 - - 9.5360ms
info: Microsoft.AspNetCore.Hosting.Diagnostics[1]
      Request starting HTTP/2 GET https://localhost:44364/ - - -
info: Microsoft.AspNetCore.Routing.EndpointMiddleware[0]
      Executing endpoint 'PhoneBook.Controllers.HomeController.Index (PhoneBook)'
info: Microsoft.AspNetCore.Mvc.Infrastructure.ControllerActionInvoker[102]
      Route matched with {action = "Index", controller = "Home"}. Executing controller action with signature System.Threading.Tasks.Task`1[Microsoft.AspNetCore.Mvc.IActionResult] Index() on controller PhoneBook.Controllers.HomeController (PhoneBook).
info: System.Net.Http.HttpClient.IApiService.LogicalHandler[100]
      Start processing HTTP request GET http://10.10.3.159:8683/api/Departments
info: System.Net.Http.HttpClient.IApiService.ClientHandler[100]
      Sending HTTP request GET http://10.10.3.159:8683/api/Departments
info: System.Net.Http.HttpClient.IApiService.ClientHandler[101]
      Received HTTP response headers after 0.9461ms - 401
info: System.Net.Http.HttpClient.IApiService.LogicalHandler[101]
      End processing HTTP request after 5.0867ms - 401
info: Microsoft.AspNetCore.Mvc.RedirectToActionResult[1]
      Executing RedirectResult, redirecting to /Accou